연월,기기ID,가동시간(시간),평균온도(℃),평균압력(bar),에러발생횟수,종합상태
2023-01,EQ0001,519.1,22.7,6.09,0,경고
2023-01,EQ0003,618.9,25.8,9.13,2,정상
2023-01,EQ0004,335.07,59.5,5.28,0,정상
2023-01,EQ0006,605.21,57.9,4.3,4,경고
2023-01,EQ0007,624.15,23.3,1.0,1,주의
2023-01,EQ0013,379.72,52.9,7.68,2,정상
2023-01,EQ0015,279.8,48.6,9.81,1,정상
2023-01,EQ0016,286.43,58.9,5.69,3,정상
2023-01,EQ0018,781.2,56.6,5.96,2,정상
2023-01,EQ0019,352.85,23.4,3.6,1,정상
2023-01,EQ0020,718.61,29.9,8.54,4,정상
2023-01,EQ0021,608.64,45.1,2.47,2,정상
2023-01,EQ0022,265.42,44.7,1.4,3,정상
2023-01,EQ0027,795.87,43.6,2.12,2,정상
2023-01,EQ0030,795.95,37.4,5.72,0,정상
2023-01,EQ0031,530.89,42.2,7.5,2,정상
2023-01,EQ0037,464.54,20.9,7.94,3,정상
2023-01,EQ0039,724.36,47.0,4.8,2,정상
2023-01,EQ0043,318.82,26.9,8.73,2,정상
2023-01,EQ0044,257.75,47.3,3.35,3,정상
2023-01,EQ0048,706.21,24.1,1.3,0,정상
2023-01,EQ0049,583.74,51.1,3.15,1,정상
2023-01,EQ0050,346.72,49.4,9.17,2,정상
2023-01,EQ0051,444.87,47.0,6.17,1,정상
2023-01,EQ0052,281.95,40.4,2.76,3,정상
2023-01,EQ0053,292.95,41.5,7.9,1,주의
2023-01,EQ0056,337.87,51.6,2.26,4,정상
2023-01,EQ0057,600.19,54.7,4.06,1,정상
2023-01,EQ0059,226.11,36.7,6.34,3,정상
2023-01,EQ0061,546.08,54.5,3.34,2,주의
2023-01,EQ0066,707.6,59.2,2.08,0,정상
2023-01,EQ0067,755.77,44.8,9.29,0,주의
2023-01,EQ0069,650.47,32.8,7.81,1,정상
2023-01,EQ0071,743.98,39.0,2.28,2,주의
2023-01,EQ0072,580.4,22.9,2.54,0,정상
2023-01,EQ0073,670.25,32.5,5.81,3,정상
2023-01,EQ0074,733.17,58.1,9.42,3,정상
2023-01,EQ0075,304.89,20.5,5.79,3,정상
2023-01,EQ0076,549.18,24.4,5.52,3,경고
2023-01,EQ0077,673.11,26.3,2.56,4,정상
2023-01,EQ0078,227.91,25.1,4.99,1,정상
2023-01,EQ0079,210.37,26.9,4.14,1,정상
2023-01,EQ0080,595.3,21.6,1.13,2,정상
2023-01,EQ0082,544.73,56.3,1.32,4,경고
2023-01,EQ0084,529.2,35.3,3.59,3,주의
2023-01,EQ0085,424.96,36.9,6.03,1,정상
2023-01,EQ0087,731.55,50.7,8.47,4,경고
2023-01,EQ0088,298.47,35.7,7.54,4,정상
2023-01,EQ0089,340.27,36.9,7.31,4,정상
2023-01,EQ0090,683.57,59.6,8.78,0,정상
2023-01,EQ0092,499.72,33.5,6.82,3,정상
2023-01,EQ0093,317.19,57.6,8.15,1,정상
2023-01,EQ0095,230.25,55.4,6.28,2,정상
2023-01,EQ0097,754.47,30.9,6.16,0,정상
2023-01,EQ0099,352.69,21.2,4.7,3,정상
2023-01,EQ0101,521.92,52.5,5.18,1,정상
2023-01,EQ0102,414.08,30.7,9.76,2,주의
2023-01,EQ0103,740.27,40.6,1.22,1,정상
2023-01,EQ0105,407.99,59.8,4.22,0,정상
2023-01,EQ0106,298.65,47.0,9.54,0,경고
2023-01,EQ0107,581.64,22.8,4.08,2,정상
2023-01,EQ0108,246.87,38.2,7.51,3,경고
2023-01,EQ0111,211.35,46.8,9.61,2,정상
2023-01,EQ0112,775.7,42.7,7.14,0,정상
2023-01,EQ0113,794.23,51.7,7.8,2,주의
2023-01,EQ0118,457.76,48.1,7.22,3,정상
2023-01,EQ0119,799.01,42.0,6.05,0,정상
2023-01,EQ0121,758.01,49.2,4.32,3,정상
2023-01,EQ0123,795.7,47.2,4.82,1,정상
2023-01,EQ0125,520.43,39.7,9.73,0,정상
2023-01,EQ0133,606.28,39.7,7.18,0,주의
2023-01,EQ0134,750.63,34.7,9.25,4,정상
2023-01,EQ0135,205.84,43.8,6.93,3,정상
2023-01,EQ0136,715.86,35.1,3.97,0,정상
2023-01,EQ0140,301.67,32.6,8.6,2,정상
2023-01,EQ0144,644.66,22.5,9.68,2,정상
2023-01,EQ0148,575.27,39.3,6.22,4,주의
2023-01,EQ0149,251.9,40.7,2.43,3,정상
2023-01,EQ0150,577.07,38.5,7.31,3,경고
2023-01,EQ0151,670.22,36.7,1.01,4,경고
2023-01,EQ0152,588.9,58.7,7.1,1,정상
2023-01,EQ0154,274.17,36.7,5.61,0,주의
2023-01,EQ0156,281.92,32.5,5.62,2,정상
2023-01,EQ0161,414.39,42.2,2.38,1,주의
2023-01,EQ0162,505.89,28.6,6.33,4,정상
2023-01,EQ0163,543.47,60.0,2.14,4,정상
2023-01,EQ0165,302.06,52.2,3.26,4,정상
2023-01,EQ0166,570.58,31.8,9.58,1,정상
2023-01,EQ0167,201.66,42.8,4.49,1,정상
2023-01,EQ0169,498.11,43.6,8.04,3,정상
2023-01,EQ0170,537.6,41.5,4.16,1,경고
2023-01,EQ0174,264.67,41.7,4.38,4,경고
2023-01,EQ0175,433.98,51.6,3.21,2,경고
2023-01,EQ0176,511.8,30.2,2.18,0,경고
2023-01,EQ0179,315.17,48.1,7.1,1,정상
2023-01,EQ0180,292.19,27.3,8.91,4,주의
2023-01,EQ0181,319.01,49.6,3.52,3,정상
2023-01,EQ0182,416.81,37.9,3.62,4,정상
2023-01,EQ0183,492.56,40.2,3.64,4,정상
2023-01,EQ0188,548.91,55.8,6.0,3,정상
2023-01,EQ0189,650.09,56.3,4.94,4,정상
2023-01,EQ0193,742.84,22.3,8.32,3,정상
2023-01,EQ0194,734.89,51.7,1.69,2,정상
2023-01,EQ0195,242.33,34.8,5.72,0,주의
2023-01,EQ0198,388.35,45.5,5.29,0,주의
2023-01,EQ0199,283.61,36.0,3.55,4,정상
2023-01,EQ0200,795.71,54.2,9.58,1,주의
2023-01,EQ0201,227.88,48.2,7.56,0,정상
2023-01,EQ0202,211.24,20.9,8.99,3,경고
2023-01,EQ0203,215.56,28.7,5.35,4,정상
2023-01,EQ0204,524.27,36.9,7.06,1,경고
2023-01,EQ0209,373.44,57.8,5.66,1,주의
2023-01,EQ0211,271.11,38.4,7.51,0,주의
2023-01,EQ0212,564.04,40.2,2.95,4,정상
2023-01,EQ0213,453.38,41.4,3.16,2,주의
2023-01,EQ0219,397.6,20.4,9.6,0,주의
2023-01,EQ0221,766.52,36.5,6.1,3,정상
2023-01,EQ0222,406.36,37.2,9.15,0,정상
2023-01,EQ0224,359.84,36.3,1.31,0,정상
2023-01,EQ0227,706.18,40.8,9.3,2,정상
2023-01,EQ0229,545.92,41.9,3.46,4,주의
2023-01,EQ0232,760.06,28.7,6.92,2,정상
2023-01,EQ0233,274.32,26.0,7.95,0,정상
2023-01,EQ0235,582.01,26.4,3.79,0,정상
2023-01,EQ0238,290.68,21.7,4.59,3,정상
2023-01,EQ0240,255.58,28.8,7.53,2,정상
2023-01,EQ0242,369.89,60.0,3.95,1,정상
2023-01,EQ0244,565.64,24.7,6.68,0,경고
2023-01,EQ0248,335.59,51.6,1.97,0,정상
2023-01,EQ0254,522.77,53.4,6.32,2,정상
2023-01,EQ0255,761.87,57.4,8.91,4,정상
2023-01,EQ0257,225.96,47.8,9.5,4,주의
2023-01,EQ0258,569.24,59.3,1.67,4,정상
2023-01,EQ0259,475.36,27.8,4.25,4,정상
2023-01,EQ0261,483.4,56.3,4.69,4,주의
2023-01,EQ0262,289.65,37.1,7.91,1,주의
2023-01,EQ0263,295.85,33.3,3.97,0,정상
2023-01,EQ0266,693.34,35.1,2.3,2,정상
2023-01,EQ0267,539.15,32.9,7.0,0,정상
2023-01,EQ0272,753.96,57.7,8.84,0,정상
2023-01,EQ0276,437.7,44.3,5.97,0,정상
2023-01,EQ0277,265.57,27.7,6.67,4,정상
2023-01,EQ0278,520.93,56.8,8.21,1,정상
2023-01,EQ0279,293.86,37.8,6.58,3,정상
2023-01,EQ0282,382.15,34.5,5.52,3,정상
2023-01,EQ0285,388.35,46.7,2.69,2,정상
2023-01,EQ0287,296.3,47.9,8.86,0,주의
2023-01,EQ0288,355.95,31.6,2.68,2,정상
2023-01,EQ0294,282.44,23.0,3.86,1,경고
2023-01,EQ0298,266.07,54.3,1.97,2,정상
2023-02,EQ0003,368.88,30.9,1.91,1,주의
2023-02,EQ0006,646.48,51.1,4.24,4,정상
2023-02,EQ0007,726.67,50.5,4.06,4,경고
2023-02,EQ0011,608.37,31.6,1.67,4,정상
2023-02,EQ0012,594.31,50.9,8.87,1,주의
2023-02,EQ0013,715.44,26.1,1.87,2,경고
2023-02,EQ0014,571.66,31.8,8.53,2,정상
2023-02,EQ0015,385.01,47.9,4.13,3,주의
2023-02,EQ0016,564.9,28.4,8.65,3,정상
2023-02,EQ0018,247.71,31.1,3.74,1,주의
2023-02,EQ0020,570.52,23.9,2.25,4,정상
2023-02,EQ0021,785.95,46.8,6.94,4,주의
2023-02,EQ0023,613.74,35.5,8.64,3,정상
2023-02,EQ0024,748.29,38.2,1.96,1,정상
2023-02,EQ0025,212.99,25.7,2.62,1,주의
2023-02,EQ0027,648.04,45.9,7.89,3,주의
2023-02,EQ0028,757.99,45.1,8.46,4,정상
2023-02,EQ0029,588.48,39.6,5.98,0,정상
2023-02,EQ0032,327.81,48.4,4.79,1,주의
2023-02,EQ0033,509.07,60.0,9.54,4,정상
2023-02,EQ0034,205.71,27.5,4.81,4,주의
2023-02,EQ0038,370.94,25.4,3.25,1,정상
2023-02,EQ0039,743.89,22.9,6.44,0,정상
2023-02,EQ0041,486.55,33.5,9.18,4,정상
2023-02,EQ0042,567.24,58.1,3.31,1,정상
2023-02,EQ0043,684.75,47.6,2.0,1,정상
2023-02,EQ0044,347.4,57.0,4.21,4,정상
2023-02,EQ0047,232.63,45.1,4.75,4,정상
2023-02,EQ0048,516.38,27.8,1.97,0,정상
2023-02,EQ0052,260.11,44.9,5.22,4,정상
2023-02,EQ0055,744.1,23.5,4.7,2,주의
2023-02,EQ0056,355.84,38.7,7.25,3,정상
2023-02,EQ0057,375.74,30.2,8.03,3,정상
2023-02,EQ0058,642.32,20.9,1.54,0,정상
2023-02,EQ0060,333.32,55.2,7.07,4,주의
2023-02,EQ0061,557.37,22.4,2.58,2,정상
2023-02,EQ0062,393.62,42.3,4.5,0,경고
2023-02,EQ0064,683.27,48.9,8.09,0,정상
2023-02,EQ0065,558.04,26.8,8.85,0,주의
2023-02,EQ0067,439.65,31.7,2.52,0,정상
2023-02,EQ0069,555.89,44.4,3.15,0,정상
2023-02,EQ0070,378.98,57.7,9.85,4,정상
2023-02,EQ0071,329.61,51.7,3.43,2,정상
2023-02,EQ0072,439.54,53.0,8.6,2,정상
2023-02,EQ0073,212.72,43.1,2.35,0,정상
2023-02,EQ0074,620.27,38.6,9.56,3,정상
2023-02,EQ0075,263.91,39.7,1.14,2,정상
2023-02,EQ0077,592.22,39.0,7.69,4,정상
2023-02,EQ0079,375.38,30.7,5.38,0,정상
2023-02,EQ0080,510.21,41.0,2.08,1,경고
2023-02,EQ0083,536.81,36.0,8.26,3,주의
2023-02,EQ0085,479.57,47.1,5.43,2,정상
2023-02,EQ0086,614.57,49.6,1.29,1,정상
2023-02,EQ0087,585.32,20.1,7.4,0,정상
2023-02,EQ0089,356.65,55.9,6.64,2,정상
2023-02,EQ0094,227.55,28.7,4.67,3,정상
2023-02,EQ0098,543.05,26.2,8.67,0,정상
2023-02,EQ0101,617.04,28.5,8.17,3,정상
2023-02,EQ0102,343.47,37.6,3.64,2,정상
2023-02,EQ0104,576.06,52.4,2.91,2,정상
2023-02,EQ0107,547.46,45.9,1.36,0,정상
2023-02,EQ0109,214.48,45.0,8.16,3,경고
2023-02,EQ0113,380.36,26.8,5.6,1,정상
2023-02,EQ0114,623.56,55.8,5.44,3,정상
2023-02,EQ0115,534.75,24.6,1.24,3,정상
2023-02,EQ0120,215.42,36.1,2.99,4,정상
2023-02,EQ0123,689.22,21.4,3.85,3,정상
2023-02,EQ0124,336.29,28.2,7.33,3,정상
2023-02,EQ0125,558.86,56.5,2.31,3,정상
2023-02,EQ0128,491.05,31.0,3.69,0,정상
2023-02,EQ0129,756.4,37.3,2.5,1,정상
2023-02,EQ0130,448.55,45.1,5.62,4,정상
2023-02,EQ0135,711.29,27.3,3.52,1,정상
2023-02,EQ0139,319.22,25.2,6.5,2,정상
2023-02,EQ0140,253.8,48.4,4.51,1,주의
2023-02,EQ0143,258.74,29.4,4.21,2,정상
2023-02,EQ0145,358.24,58.2,8.76,2,주의
2023-02,EQ0146,719.13,31.6,7.08,0,정상
2023-02,EQ0150,420.47,22.9,7.64,4,정상
2023-02,EQ0151,704.51,47.1,8.92,2,정상
2023-02,EQ0152,640.13,35.5,8.46,3,정상
2023-02,EQ0153,304.14,39.2,1.83,3,정상
2023-02,EQ0155,760.44,43.6,3.16,2,정상
2023-02,EQ0156,732.54,55.0,8.76,0,정상
2023-02,EQ0157,293.9,42.5,3.16,4,정상
2023-02,EQ0158,301.32,57.4,5.09,2,경고
2023-02,EQ0160,602.59,39.3,5.56,1,정상
2023-02,EQ0166,651.51,30.4,8.33,3,정상
2023-02,EQ0167,665.27,54.8,5.11,3,정상
2023-02,EQ0168,403.62,38.9,3.71,2,정상
2023-02,EQ0169,381.8,29.2,3.01,2,정상
2023-02,EQ0175,784.01,28.0,8.04,2,정상
2023-02,EQ0176,204.08,25.3,6.21,3,경고
2023-02,EQ0177,405.63,30.1,4.91,2,정상
2023-02,EQ0178,612.45,59.7,9.27,1,주의
2023-02,EQ0180,757.31,53.0,3.3,3,정상
2023-02,EQ0182,400.08,56.4,6.5,4,정상
2023-02,EQ0185,476.83,41.3,3.37,3,정상
2023-02,EQ0187,558.6,52.4,1.58,0,주의
2023-02,EQ0189,546.87,40.5,9.78,0,정상
2023-02,EQ0192,501.67,33.6,3.98,3,정상
2023-02,EQ0200,270.15,31.9,3.82,4,주의
2023-02,EQ0202,542.57,46.6,5.5,1,정상
2023-02,EQ0205,401.26,43.6,7.96,3,정상
2023-02,EQ0206,374.79,25.9,9.95,3,정상
2023-02,EQ0209,376.86,54.4,7.2,4,주의
2023-02,EQ0211,394.31,32.4,8.2,4,정상
2023-02,EQ0213,791.81,52.7,7.57,4,정상
2023-02,EQ0214,353.44,44.9,1.55,4,정상
2023-02,EQ0215,467.62,25.0,1.77,0,주의
2023-02,EQ0216,331.53,56.1,8.59,1,정상
2023-02,EQ0218,435.72,48.3,7.59,4,경고
2023-02,EQ0220,676.33,53.7,9.66,4,경고
2023-02,EQ0221,655.87,59.1,8.09,0,정상
2023-02,EQ0222,729.2,42.7,2.14,4,주의
2023-02,EQ0223,323.08,25.9,7.28,1,주의
2023-02,EQ0224,355.3,46.4,1.92,3,주의
2023-02,EQ0226,764.94,36.9,6.41,1,정상
2023-02,EQ0229,445.38,39.1,1.95,1,정상
2023-02,EQ0230,602.19,21.2,2.66,1,경고
2023-02,EQ0232,460.35,49.3,6.57,3,정상
2023-02,EQ0233,690.91,43.3,1.82,0,정상
2023-02,EQ0237,332.85,35.1,8.68,4,주의
2023-02,EQ0240,271.72,30.9,7.14,4,정상
2023-02,EQ0241,417.5,35.0,4.88,4,주의
2023-02,EQ0243,554.82,43.5,8.83,4,정상
2023-02,EQ0249,735.87,58.0,4.77,2,정상
2023-02,EQ0255,793.51,27.4,4.07,2,정상
2023-02,EQ0258,213.0,27.4,2.68,0,정상
2023-02,EQ0259,320.98,25.1,5.75,3,주의
2023-02,EQ0260,497.49,57.1,1.76,3,정상
2023-02,EQ0261,738.51,40.3,5.25,0,정상
2023-02,EQ0262,462.67,54.3,4.53,4,주의
2023-02,EQ0266,483.3,53.7,9.97,0,정상
2023-02,EQ0267,675.16,31.3,3.6,4,경고
2023-02,EQ0269,645.9,24.2,6.27,1,정상
2023-02,EQ0270,723.82,34.3,4.39,2,정상
2023-02,EQ0272,660.92,45.7,6.33,2,정상
2023-02,EQ0273,795.03,59.2,4.01,3,정상
2023-02,EQ0276,275.14,34.2,8.22,4,정상
2023-02,EQ0279,255.3,38.1,4.4,2,경고
2023-02,EQ0280,592.94,21.7,3.73,1,정상
2023-02,EQ0283,630.95,49.9,7.83,1,정상
2023-02,EQ0284,233.27,20.5,1.34,0,주의
2023-02,EQ0285,450.34,30.4,2.06,1,정상
2023-02,EQ0287,373.09,33.2,2.96,4,정상
2023-02,EQ0288,555.16,24.9,1.68,1,정상
2023-02,EQ0289,222.47,43.4,1.03,0,경고
2023-02,EQ0291,385.92,48.7,2.76,2,정상
2023-02,EQ0297,527.18,37.3,6.01,2,주의
2023-03,EQ0006,511.42,57.3,5.82,4,정상
2023-03,EQ0009,569.86,22.6,3.66,3,정상
2023-03,EQ0012,409.5,24.4,7.78,2,정상
2023-03,EQ0013,429.07,21.2,8.44,3,정상
2023-03,EQ0015,201.62,39.5,9.36,0,정상
2023-03,EQ0017,466.35,21.8,5.5,3,정상
2023-03,EQ0018,484.44,35.2,8.15,4,주의
2023-03,EQ0019,210.21,35.8,8.11,2,정상
2023-03,EQ0020,568.19,34.7,7.91,1,정상
2023-03,EQ0021,692.0,43.6,8.75,0,정상
2023-03,EQ0025,412.03,27.7,8.63,0,정상
2023-03,EQ0026,649.72,45.5,3.72,2,정상
2023-03,EQ0028,788.97,25.6,3.0,4,경고
2023-03,EQ0029,305.63,28.1,7.92,2,정상
2023-03,EQ0031,776.73,36.7,4.31,4,정상
2023-03,EQ0032,222.72,52.3,9.79,2,정상
2023-03,EQ0033,223.56,51.6,6.83,2,정상
2023-03,EQ0034,430.56,45.2,2.74,4,경고
2023-03,EQ0035,457.74,45.1,8.41,1,정상
2023-03,EQ0041,596.04,54.4,1.86,1,정상
2023-03,EQ0043,701.67,49.2,3.88,2,정상
2023-03,EQ0047,790.51,32.6,6.45,2,정상
2023-03,EQ0048,657.93,27.6,1.6,2,주의
2023-03,EQ0050,771.9,29.5,2.16,4,정상
2023-03,EQ0051,243.85,39.3,5.67,2,정상
2023-03,EQ0052,449.64,38.7,6.64,0,정상
2023-03,EQ0053,481.29,21.8,4.09,2,경고
2023-03,EQ0054,534.67,39.1,2.94,1,정상
2023-03,EQ0055,224.81,49.8,9.83,2,정상
2023-03,EQ0057,299.21,25.9,4.85,2,정상
2023-03,EQ0058,307.91,21.2,4.01,3,정상
2023-03,EQ0064,427.17,28.7,2.79,3,경고
2023-03,EQ0065,412.66,38.6,1.58,4,정상
2023-03,EQ0067,788.93,41.6,2.73,3,정상
2023-03,EQ0069,525.61,54.7,5.08,3,주의
2023-03,EQ0073,784.59,57.8,8.91,4,정상
2023-03,EQ0075,547.94,48.2,8.32,1,주의
2023-03,EQ0076,302.34,37.0,9.64,3,정상
2023-03,EQ0078,270.69,54.0,1.64,0,정상
2023-03,EQ0080,643.54,48.5,1.72,1,경고
2023-03,EQ0084,423.9,36.1,8.54,0,정상
2023-03,EQ0086,756.03,30.2,4.59,0,정상
2023-03,EQ0087,356.06,32.9,4.07,4,경고
2023-03,EQ0088,646.35,43.2,4.22,2,정상
2023-03,EQ0090,485.25,26.5,1.81,0,정상
2023-03,EQ0091,660.51,23.9,6.04,3,주의
2023-03,EQ0093,392.63,29.7,4.57,3,정상
2023-03,EQ0095,294.65,30.9,1.91,0,정상
2023-03,EQ0096,468.06,24.5,6.75,0,경고
2023-03,EQ0099,752.92,31.5,5.26,2,정상
2023-03,EQ0100,456.89,59.1,4.01,4,정상
2023-03,EQ0101,591.25,35.1,8.04,0,정상
2023-03,EQ0102,693.58,34.5,4.89,0,정상
2023-03,EQ0105,405.18,50.7,2.25,1,정상
2023-03,EQ0107,250.16,33.8,1.42,1,정상
2023-03,EQ0110,596.43,35.0,2.32,4,정상
2023-03,EQ0112,605.33,34.8,2.56,3,정상
2023-03,EQ0113,770.94,28.9,2.99,2,정상
2023-03,EQ0114,514.42,23.1,1.0,1,정상
2023-03,EQ0115,453.26,20.7,6.59,2,주의
2023-03,EQ0117,593.48,59.8,7.98,2,정상
2023-03,EQ0120,235.78,32.2,3.83,3,주의
2023-03,EQ0121,556.02,54.6,8.5,0,정상
2023-03,EQ0124,330.93,44.5,2.93,1,경고
2023-03,EQ0125,575.34,39.1,9.99,4,정상
2023-03,EQ0126,618.79,58.2,4.15,0,정상
2023-03,EQ0127,227.94,23.7,3.64,0,정상
2023-03,EQ0130,595.67,43.5,6.97,1,주의
2023-03,EQ0133,671.5,21.1,1.59,3,정상
2023-03,EQ0136,551.26,32.9,4.9,2,정상
2023-03,EQ0139,422.57,32.2,2.41,3,정상
2023-03,EQ0140,555.32,58.2,7.11,1,정상
2023-03,EQ0143,210.79,23.2,6.47,2,정상
2023-03,EQ0144,217.59,28.8,4.37,0,주의
2023-03,EQ0145,762.49,42.4,1.05,0,정상
2023-03,EQ0147,749.6,40.3,1.03,4,경고
2023-03,EQ0148,500.58,56.8,6.47,1,주의
2023-03,EQ0149,751.89,56.6,1.1,0,정상
2023-03,EQ0159,382.26,45.8,9.12,1,정상
2023-03,EQ0160,560.15,40.8,7.64,2,경고
2023-03,EQ0164,408.94,27.5,1.11,0,정상
2023-03,EQ0165,515.22,20.1,3.79,1,주의
2023-03,EQ0167,499.41,44.8,7.98,2,주의
2023-03,EQ0171,517.85,50.0,3.5,3,정상
2023-03,EQ0172,733.71,44.4,1.01,1,정상
2023-03,EQ0173,637.33,35.5,1.91,4,정상
2023-03,EQ0174,583.17,54.0,1.61,1,정상
2023-03,EQ0175,435.47,21.0,9.45,0,정상
2023-03,EQ0177,220.86,37.4,3.53,3,경고
2023-03,EQ0179,694.95,47.6,8.54,2,주의
2023-03,EQ0180,349.86,46.2,2.22,1,주의
2023-03,EQ0182,489.21,45.3,3.79,4,정상
2023-03,EQ0183,581.15,21.7,9.94,2,정상
2023-03,EQ0188,664.99,40.2,9.36,3,정상
2023-03,EQ0190,677.99,59.7,6.87,2,경고
2023-03,EQ0194,481.52,43.2,6.62,0,정상
2023-03,EQ0197,763.53,24.0,8.19,4,정상
2023-03,EQ0198,461.13,54.0,1.97,0,정상
2023-03,EQ0199,632.63,36.9,7.68,4,정상
2023-03,EQ0202,508.9,39.2,9.96,2,주의
2023-03,EQ0204,673.49,57.9,9.26,0,정상
2023-03,EQ0206,288.71,21.9,2.76,3,정상
2023-03,EQ0208,733.53,50.7,6.25,1,정상
2023-03,EQ0210,440.38,35.9,5.91,1,정상
2023-03,EQ0211,745.76,47.8,4.44,3,정상
2023-03,EQ0216,535.88,40.8,5.54,2,정상
2023-03,EQ0218,583.81,56.4,9.53,0,경고
2023-03,EQ0221,442.67,51.8,3.01,1,정상
2023-03,EQ0222,377.54,33.9,5.41,0,정상
2023-03,EQ0223,455.12,53.4,8.74,2,정상
2023-03,EQ0224,751.5,58.0,8.61,0,주의
2023-03,EQ0226,452.32,27.3,9.44,0,정상
2023-03,EQ0227,656.35,25.1,7.26,3,정상
2023-03,EQ0231,719.68,20.3,8.97,3,주의
2023-03,EQ0232,447.31,25.8,4.94,0,정상
2023-03,EQ0234,578.59,53.4,3.81,3,정상
2023-03,EQ0238,421.87,52.0,1.28,1,주의
2023-03,EQ0239,261.27,24.1,3.64,3,정상
2023-03,EQ0240,641.3,31.1,7.78,2,주의
2023-03,EQ0241,649.5,40.6,2.96,0,정상
2023-03,EQ0245,753.13,21.1,4.67,4,정상
2023-03,EQ0249,643.31,44.9,4.48,0,경고
2023-03,EQ0254,733.29,56.5,1.14,3,정상
2023-03,EQ0256,201.37,27.1,2.14,0,정상
2023-03,EQ0257,434.51,31.9,6.39,1,정상
2023-03,EQ0259,626.78,49.4,9.67,1,정상
2023-03,EQ0260,274.5,25.4,2.01,3,주의
2023-03,EQ0264,303.75,36.8,5.06,0,정상
2023-03,EQ0266,429.39,40.6,9.67,3,경고
2023-03,EQ0267,603.44,58.0,4.34,3,정상
2023-03,EQ0268,635.06,39.5,5.23,2,정상
2023-03,EQ0269,227.44,48.4,8.61,3,정상
2023-03,EQ0271,529.63,51.2,4.7,1,정상
2023-03,EQ0272,768.25,50.9,2.05,3,정상
2023-03,EQ0274,478.93,24.0,8.62,2,정상
2023-03,EQ0278,528.0,56.7,5.37,0,정상
2023-03,EQ0279,210.34,41.7,6.63,2,정상
2023-03,EQ0281,377.57,44.9,3.55,3,정상
2023-03,EQ0282,324.56,58.8,2.21,2,주의
2023-03,EQ0284,312.53,52.0,4.75,4,정상
2023-03,EQ0285,429.86,51.7,6.96,3,정상
2023-03,EQ0288,329.88,21.1,2.98,2,정상
2023-03,EQ0289,597.13,26.1,9.86,2,정상
2023-03,EQ0291,339.6,23.8,9.78,4,정상
2023-03,EQ0295,263.59,41.7,3.48,1,정상
2023-03,EQ0296,249.41,34.4,5.48,1,정상
2023-03,EQ0297,444.5,37.3,4.14,2,정상
2023-03,EQ0298,547.6,27.3,2.11,1,주의
2023-03,EQ0299,594.58,24.6,2.29,3,정상
2023-03,EQ0300,564.86,20.6,8.13,2,정상
2023-04,EQ0001,439.51,29.0,2.99,0,정상
2023-04,EQ0002,660.55,58.5,6.44,0,정상
2023-04,EQ0003,766.63,47.7,4.24,2,주의
2023-04,EQ0006,491.71,27.7,6.33,0,정상
2023-04,EQ0007,466.25,32.4,1.69,0,주의
2023-04,EQ0009,353.52,39.0,6.77,1,정상
2023-04,EQ0012,337.03,36.5,4.03,0,정상
2023-04,EQ0016,759.75,28.5,4.28,3,정상
2023-04,EQ0017,609.65,22.2,5.63,0,정상
2023-04,EQ0019,711.4,49.7,5.85,3,정상
2023-04,EQ0021,315.83,36.7,8.43,2,정상
2023-04,EQ0023,454.62,59.6,8.86,3,정상
2023-04,EQ0031,240.71,24.0,3.21,1,정상
2023-04,EQ0032,584.36,42.3,6.03,4,정상
2023-04,EQ0033,234.5,37.9,3.8,4,정상
2023-04,EQ0034,267.86,41.3,9.25,2,정상
2023-04,EQ0036,317.27,33.8,7.63,0,주의
2023-04,EQ0037,398.46,54.7,7.11,0,경고
2023-04,EQ0042,698.08,42.8,1.5,2,정상
2023-04,EQ0043,483.45,35.5,2.51,2,주의
2023-04,EQ0044,595.97,42.0,3.8,0,정상
2023-04,EQ0045,281.03,28.3,9.35,0,정상
2023-04,EQ0046,550.26,50.3,3.3,2,정상
2023-04,EQ0047,654.23,35.3,2.23,1,주의
2023-04,EQ0048,343.38,42.2,8.46,3,정상
2023-04,EQ0049,474.39,36.8,4.4,2,경고
2023-04,EQ0050,731.89,21.8,3.47,1,정상
2023-04,EQ0055,311.81,52.4,4.62,1,정상
2023-04,EQ0060,332.87,27.9,8.76,1,정상
2023-04,EQ0061,660.19,25.9,9.4,4,정상
2023-04,EQ0062,467.4,51.6,3.23,2,정상
2023-04,EQ0064,786.52,22.4,3.48,4,정상
2023-04,EQ0065,383.08,53.8,6.62,2,정상
2023-04,EQ0067,406.74,29.3,2.28,1,주의
2023-04,EQ0069,294.53,45.3,5.73,2,정상
2023-04,EQ0070,359.82,22.8,3.82,0,정상
2023-04,EQ0072,630.27,32.5,2.47,4,정상
2023-04,EQ0073,300.94,42.3,7.99,2,정상
2023-04,EQ0078,435.09,37.9,2.08,2,경고
2023-04,EQ0079,656.81,49.8,4.73,4,정상
2023-04,EQ0081,781.6,50.8,5.66,3,정상
2023-04,EQ0082,451.38,34.6,4.14,0,정상
2023-04,EQ0083,591.22,28.1,7.32,1,정상
2023-04,EQ0084,728.07,48.5,8.07,4,정상
2023-04,EQ0086,479.93,30.2,7.7,3,정상
2023-04,EQ0090,596.03,57.2,1.67,4,정상
2023-04,EQ0091,439.51,30.0,1.01,2,정상
2023-04,EQ0092,723.98,32.6,6.36,4,정상
2023-04,EQ0093,290.36,25.7,5.67,4,정상
2023-04,EQ0097,357.81,41.7,1.75,2,정상
2023-04,EQ0098,327.18,32.7,5.22,1,정상
2023-04,EQ0099,679.67,37.0,6.78,0,정상
2023-04,EQ0105,588.93,33.9,9.79,4,정상
2023-04,EQ0111,234.69,40.0,9.92,1,정상
2023-04,EQ0113,590.57,35.7,1.17,4,정상
2023-04,EQ0114,347.05,28.4,7.62,2,정상
2023-04,EQ0120,272.89,26.8,5.3,2,정상
2023-04,EQ0121,675.94,54.1,2.9,4,정상
2023-04,EQ0124,627.76,32.0,5.03,1,정상
2023-04,EQ0125,739.3,49.9,9.5,3,정상
2023-04,EQ0126,266.19,34.1,8.31,3,주의
2023-04,EQ0127,551.2,51.6,5.05,3,정상
2023-04,EQ0130,523.36,33.9,2.44,2,주의
2023-04,EQ0137,772.72,25.2,8.41,3,주의
2023-04,EQ0138,629.9,26.6,4.32,4,정상
2023-04,EQ0139,339.69,57.8,5.16,1,정상
2023-04,EQ0141,678.96,57.2,1.04,0,정상
2023-04,EQ0145,450.91,29.9,6.56,3,주의
2023-04,EQ0148,339.86,23.9,3.07,0,정상
2023-04,EQ0149,461.07,35.7,2.6,4,주의
2023-04,EQ0150,693.98,40.6,3.76,1,정상
2023-04,EQ0151,216.46,40.7,3.86,1,경고
2023-04,EQ0152,635.33,31.4,7.62,2,정상
2023-04,EQ0153,481.1,49.2,1.56,0,정상
2023-04,EQ0155,732.26,36.9,8.7,4,주의
2023-04,EQ0156,352.66,47.8,2.83,3,주의
2023-04,EQ0157,244.08,43.2,9.39,3,정상
2023-04,EQ0158,435.07,20.5,9.72,3,정상
2023-04,EQ0160,335.35,58.8,9.21,4,주의
2023-04,EQ0161,663.95,28.3,6.4,2,정상
2023-04,EQ0163,646.93,46.4,3.43,2,정상
2023-04,EQ0167,793.88,50.0,1.31,2,정상
2023-04,EQ0168,758.32,32.8,5.86,2,정상
2023-04,EQ0169,333.0,57.9,8.44,3,정상
2023-04,EQ0173,728.08,21.0,7.53,0,정상
2023-04,EQ0174,300.88,39.7,7.63,2,경고
2023-04,EQ0176,215.82,22.4,7.41,0,정상
2023-04,EQ0181,731.85,57.1,3.0,1,정상
2023-04,EQ0184,435.18,30.2,2.65,1,정상
2023-04,EQ0186,670.03,39.5,4.0,3,정상
2023-04,EQ0187,522.15,33.5,1.26,2,정상
2023-04,EQ0188,702.29,26.2,4.06,4,정상
2023-04,EQ0189,358.18,25.8,1.17,3,정상
2023-04,EQ0191,629.96,32.6,6.93,4,정상
2023-04,EQ0197,382.5,40.7,7.72,2,정상
2023-04,EQ0198,454.77,57.6,7.08,3,정상
2023-04,EQ0200,720.61,42.1,4.17,3,경고
2023-04,EQ0201,787.96,27.0,5.0,4,주의
2023-04,EQ0203,700.46,51.8,2.9,1,정상
2023-04,EQ0207,469.92,42.9,9.81,1,정상
2023-04,EQ0209,353.42,26.7,4.43,4,정상
2023-04,EQ0210,307.44,25.6,6.89,1,주의
2023-04,EQ0212,253.04,36.3,6.71,0,정상
2023-04,EQ0213,643.58,22.3,3.48,3,정상
2023-04,EQ0215,222.55,36.0,9.05,0,정상
2023-04,EQ0216,203.3,24.3,9.27,3,정상
2023-04,EQ0219,413.41,26.4,8.75,0,정상
2023-04,EQ0221,315.34,59.2,7.26,2,정상
2023-04,EQ0223,290.13,56.2,2.58,4,정상
2023-04,EQ0227,270.52,53.5,2.83,2,정상
2023-04,EQ0229,319.83,50.3,9.21,1,정상
2023-04,EQ0234,606.43,48.1,8.02,4,정상
2023-04,EQ0239,558.08,48.2,7.74,4,정상
2023-04,EQ0240,668.12,36.9,7.75,1,정상
2023-04,EQ0242,616.07,33.4,6.63,3,정상
2023-04,EQ0246,351.15,27.4,2.36,0,정상
2023-04,EQ0248,536.11,58.2,3.05,3,정상
2023-04,EQ0249,313.95,22.5,5.51,1,정상
2023-04,EQ0250,322.31,49.4,5.47,2,정상
2023-04,EQ0251,250.96,51.1,3.33,2,정상
2023-04,EQ0252,271.57,32.9,8.47,0,정상
2023-04,EQ0253,577.01,45.0,5.66,0,정상
2023-04,EQ0254,532.61,58.2,8.9,4,경고
2023-04,EQ0255,562.75,59.6,9.88,1,주의
2023-04,EQ0256,454.57,54.7,9.54,4,경고
2023-04,EQ0257,297.04,23.1,2.75,2,정상
2023-04,EQ0258,362.59,44.9,7.66,3,정상
2023-04,EQ0260,771.08,30.3,5.43,2,정상
2023-04,EQ0263,460.52,48.5,3.85,3,정상
2023-04,EQ0267,537.85,56.6,9.03,1,정상
2023-04,EQ0268,728.57,45.9,9.0,1,정상
2023-04,EQ0269,386.9,37.1,8.27,3,정상
2023-04,EQ0270,549.91,49.6,1.86,4,정상
2023-04,EQ0271,296.69,51.3,7.3,3,정상
2023-04,EQ0273,708.81,37.5,1.46,2,정상
2023-04,EQ0274,311.82,34.5,7.76,4,주의
2023-04,EQ0275,550.31,23.0,9.12,1,정상
2023-04,EQ0276,237.84,32.7,4.57,2,정상
2023-04,EQ0278,503.75,31.1,9.82,2,정상
2023-04,EQ0280,637.48,35.1,1.05,2,정상
2023-04,EQ0281,258.3,51.3,4.96,3,주의
2023-04,EQ0282,617.05,41.7,5.96,3,정상
2023-04,EQ0284,448.81,55.0,5.99,1,주의
2023-04,EQ0285,535.68,53.5,4.39,3,정상
2023-04,EQ0286,606.73,21.2,9.29,4,주의
2023-04,EQ0289,626.0,30.3,3.92,0,주의
2023-04,EQ0290,688.82,42.7,8.02,4,정상
2023-04,EQ0295,443.48,29.0,3.99,1,정상
2023-04,EQ0296,236.85,34.7,5.56,4,정상
2023-04,EQ0297,628.45,54.8,7.07,4,경고
2023-05,EQ0006,457.91,51.9,3.93,4,정상
2023-05,EQ0008,291.65,37.4,1.72,3,정상
2023-05,EQ0010,307.1,32.2,6.75,4,정상
2023-05,EQ0014,466.97,48.7,2.0,1,정상
2023-05,EQ0015,457.31,32.0,2.17,0,정상
2023-05,EQ0018,785.26,33.9,4.77,1,정상
2023-05,EQ0019,747.07,38.2,8.23,0,주의
2023-05,EQ0021,558.92,53.5,3.53,0,정상
2023-05,EQ0022,218.99,47.9,5.83,0,정상
2023-05,EQ0023,332.16,30.5,7.96,2,정상
2023-05,EQ0025,276.43,38.3,5.21,3,주의
2023-05,EQ0026,393.05,23.5,2.46,1,정상
2023-05,EQ0027,547.76,24.4,7.4,0,정상
2023-05,EQ0029,525.75,48.1,6.15,2,정상
2023-05,EQ0030,279.52,27.1,7.83,1,주의
2023-05,EQ0032,401.92,39.5,8.52,0,정상
2023-05,EQ0033,210.49,39.3,9.97,2,정상
2023-05,EQ0035,532.16,20.3,8.55,1,정상
2023-05,EQ0036,284.31,35.6,6.68,1,정상
2023-05,EQ0038,721.35,46.3,6.7,0,정상
2023-05,EQ0039,748.74,41.9,4.3,3,주의
2023-05,EQ0040,592.9,28.5,9.17,4,주의
2023-05,EQ0041,632.52,45.5,4.28,0,정상
2023-05,EQ0042,487.96,59.6,4.18,1,주의
2023-05,EQ0046,678.59,26.8,6.48,2,정상
2023-05,EQ0047,653.76,47.3,1.95,0,정상
2023-05,EQ0048,346.69,45.3,3.53,3,정상
2023-05,EQ0049,240.41,44.2,8.07,4,정상
2023-05,EQ0051,489.64,20.8,7.89,1,정상
2023-05,EQ0055,442.58,50.7,9.21,2,정상
2023-05,EQ0056,599.29,58.1,9.07,2,정상
2023-05,EQ0057,647.2,33.9,3.74,3,정상
2023-05,EQ0059,705.51,51.7,8.57,4,경고
2023-05,EQ0060,687.37,38.4,9.06,2,정상
2023-05,EQ0063,626.53,44.5,4.82,1,정상
2023-05,EQ0067,783.04,59.6,4.7,0,정상
2023-05,EQ0068,483.37,46.8,9.63,0,주의
2023-05,EQ0070,281.44,45.8,9.91,2,정상
2023-05,EQ0072,495.68,36.3,6.53,2,정상
2023-05,EQ0073,589.13,21.9,2.54,3,정상
2023-05,EQ0076,247.91,53.3,6.67,2,주의
2023-05,EQ0078,670.99,22.8,4.72,3,정상
2023-05,EQ0079,431.87,22.9,4.04,0,정상
2023-05,EQ0082,239.13,44.0,8.82,0,주의
2023-05,EQ0085,231.35,57.1,1.01,2,주의
2023-05,EQ0087,684.6,31.8,9.38,1,정상
2023-05,EQ0088,791.92,22.8,6.13,0,정상
2023-05,EQ0089,672.73,58.1,4.2,4,정상
2023-05,EQ0090,365.81,53.0,5.56,1,경고
2023-05,EQ0094,538.49,36.3,6.31,1,경고
2023-05,EQ0098,641.49,42.0,6.03,0,주의
2023-05,EQ0099,594.56,49.9,1.98,3,정상
2023-05,EQ0100,341.66,21.5,5.25,4,정상
2023-05,EQ0103,523.21,29.8,8.21,2,정상
2023-05,EQ0105,227.88,35.7,4.59,0,정상
2023-05,EQ0108,325.28,57.9,1.03,4,주의
2023-05,EQ0110,447.7,31.8,1.64,0,정상
2023-05,EQ0112,572.67,57.6,4.17,3,정상
2023-05,EQ0115,417.47,56.7,4.25,0,주의
2023-05,EQ0116,501.76,39.0,3.72,1,주의
2023-05,EQ0117,384.31,52.2,9.5,2,정상
2023-05,EQ0121,429.88,53.4,1.47,4,정상
2023-05,EQ0124,702.48,32.7,5.16,0,경고
2023-05,EQ0126,679.21,58.1,2.24,1,정상
2023-05,EQ0129,282.92,54.3,7.8,2,정상
2023-05,EQ0130,584.1,21.7,8.12,1,정상
2023-05,EQ0131,633.54,29.1,8.46,4,정상
2023-05,EQ0135,291.06,27.4,5.18,1,정상
2023-05,EQ0137,723.62,47.7,4.88,4,정상
2023-05,EQ0140,538.02,57.7,9.36,0,정상
2023-05,EQ0141,581.63,49.3,1.21,0,경고
2023-05,EQ0142,265.88,52.5,5.83,3,주의
2023-05,EQ0143,454.44,42.3,2.32,3,정상
2023-05,EQ0144,477.15,49.0,1.15,4,정상
2023-05,EQ0145,735.96,35.6,8.59,1,정상
2023-05,EQ0147,363.66,23.3,1.25,1,정상
2023-05,EQ0148,494.87,20.2,3.37,3,정상
2023-05,EQ0150,224.42,50.3,2.9,3,정상
2023-05,EQ0151,213.3,39.6,3.02,4,주의
2023-05,EQ0153,538.69,38.1,5.12,0,정상
2023-05,EQ0154,373.56,24.5,9.58,0,정상
2023-05,EQ0155,491.05,27.5,5.37,3,주의
2023-05,EQ0156,364.67,31.8,1.85,2,정상
2023-05,EQ0158,612.47,31.8,6.43,0,정상
2023-05,EQ0163,740.4,49.2,6.94,1,정상
2023-05,EQ0165,202.02,50.6,3.49,4,주의
2023-05,EQ0166,448.31,43.4,2.47,1,주의
2023-05,EQ0168,513.3,51.0,8.11,1,정상
2023-05,EQ0171,516.42,25.2,8.3,4,정상
2023-05,EQ0172,458.06,22.1,6.17,0,정상
2023-05,EQ0181,630.86,38.9,7.79,1,정상
2023-05,EQ0183,742.21,40.7,9.29,1,정상
2023-05,EQ0184,388.89,37.0,8.55,4,정상
2023-05,EQ0189,379.84,31.2,9.76,2,정상
2023-05,EQ0192,590.58,48.0,5.45,0,정상
2023-05,EQ0195,614.81,59.2,3.17,2,정상
2023-05,EQ0196,249.9,29.7,7.41,3,정상
2023-05,EQ0197,406.24,53.1,3.03,3,정상
2023-05,EQ0198,280.96,51.4,1.28,2,정상
2023-05,EQ0202,780.36,55.6,7.0,1,정상
2023-05,EQ0204,521.79,54.0,9.97,1,정상
2023-05,EQ0207,612.76,59.0,5.11,2,주의
2023-05,EQ0208,477.18,40.9,6.59,0,주의
2023-05,EQ0213,750.38,30.0,6.12,1,경고
2023-05,EQ0218,677.7,34.9,9.51,4,경고
2023-05,EQ0219,680.54,35.2,2.5,2,주의
2023-05,EQ0224,350.64,40.1,4.23,4,정상
2023-05,EQ0227,357.21,39.8,8.09,1,정상
2023-05,EQ0228,280.31,30.6,1.41,4,정상
2023-05,EQ0229,330.77,53.8,5.19,3,정상
2023-05,EQ0230,610.68,30.2,8.5,2,경고
2023-05,EQ0231,293.94,38.7,7.55,4,경고
2023-05,EQ0232,677.06,33.8,2.24,3,정상
2023-05,EQ0233,209.54,38.9,1.02,2,정상
2023-05,EQ0234,276.16,54.5,8.62,0,정상
2023-05,EQ0235,555.64,54.0,8.57,1,정상
2023-05,EQ0237,486.82,56.2,1.62,4,주의
2023-05,EQ0238,279.71,33.4,8.96,2,정상
2023-05,EQ0243,611.86,23.1,4.69,3,주의
2023-05,EQ0244,741.13,27.4,8.26,3,정상
2023-05,EQ0245,791.32,55.0,3.67,3,정상
2023-05,EQ0248,345.92,49.5,8.94,3,주의
2023-05,EQ0255,222.99,37.3,1.95,4,정상
2023-05,EQ0256,376.0,54.7,7.5,0,주의
2023-05,EQ0259,427.98,27.9,1.72,3,정상
2023-05,EQ0261,731.34,45.3,6.98,4,경고
2023-05,EQ0262,344.15,32.6,7.89,1,정상
2023-05,EQ0265,282.97,57.0,3.77,1,정상
2023-05,EQ0267,679.42,59.1,8.74,3,정상
2023-05,EQ0269,729.57,35.7,6.23,4,정상
2023-05,EQ0270,708.9,32.5,4.62,3,정상
2023-05,EQ0271,253.72,44.6,4.08,3,정상
2023-05,EQ0272,518.81,21.3,9.86,4,주의
2023-05,EQ0276,549.69,48.1,2.89,4,정상
2023-05,EQ0277,588.99,40.3,4.0,1,주의
2023-05,EQ0278,277.87,37.5,1.24,2,정상
2023-05,EQ0279,451.81,54.3,7.12,4,정상
2023-05,EQ0280,747.84,50.1,7.53,2,주의
2023-05,EQ0282,698.22,44.2,1.1,1,정상
2023-05,EQ0284,716.3,53.6,7.47,1,주의
2023-05,EQ0286,622.88,53.5,9.78,1,정상
2023-05,EQ0287,205.09,47.5,2.76,3,정상
2023-05,EQ0288,635.69,58.3,4.67,3,정상
2023-05,EQ0289,390.93,27.5,8.35,4,경고
2023-05,EQ0290,768.44,35.7,2.95,4,정상
2023-05,EQ0291,412.44,34.0,2.36,0,주의
2023-05,EQ0293,778.89,52.0,5.44,1,정상
2023-05,EQ0294,691.4,41.7,2.41,4,주의
2023-05,EQ0297,299.36,41.5,2.14,4,주의
2023-05,EQ0299,565.12,30.6,6.07,2,정상
2023-06,EQ0001,608.0,38.0,8.43,1,경고
2023-06,EQ0002,640.14,55.2,1.42,4,정상
2023-06,EQ0005,611.56,22.7,4.62,3,정상
2023-06,EQ0006,297.42,39.0,1.36,3,경고
2023-06,EQ0007,421.34,31.4,6.01,2,정상
2023-06,EQ0008,742.71,51.8,8.21,4,정상
2023-06,EQ0010,285.41,39.8,9.86,3,정상
2023-06,EQ0012,520.44,23.6,4.31,2,정상
2023-06,EQ0014,566.78,32.4,2.43,0,정상
2023-06,EQ0016,557.05,20.3,1.62,2,정상
2023-06,EQ0018,292.35,59.7,8.39,1,정상
2023-06,EQ0021,558.06,55.9,2.61,4,정상
2023-06,EQ0023,687.13,30.8,1.83,3,정상
2023-06,EQ0024,563.52,53.2,5.63,4,정상
2023-06,EQ0026,480.3,51.2,2.98,2,정상
2023-06,EQ0027,546.39,22.4,3.71,3,정상
2023-06,EQ0030,512.77,24.8,7.12,4,주의
2023-06,EQ0032,532.86,56.3,2.25,0,주의
2023-06,EQ0033,562.32,30.3,4.29,0,정상
2023-06,EQ0034,685.0,42.6,9.0,0,정상
2023-06,EQ0035,697.41,42.4,3.66,1,정상
2023-06,EQ0041,242.7,37.9,3.16,4,정상
2023-06,EQ0042,731.38,42.3,1.61,1,정상
2023-06,EQ0043,261.72,32.4,1.68,2,주의
2023-06,EQ0044,409.72,45.8,4.8,2,정상
2023-06,EQ0046,427.42,41.2,9.78,1,정상
2023-06,EQ0049,454.24,41.3,1.18,3,경고
2023-06,EQ0052,228.28,46.4,5.3,0,경고
2023-06,EQ0053,458.64,58.6,8.96,2,경고
2023-06,EQ0054,376.55,27.8,6.43,2,정상
2023-06,EQ0055,677.42,37.8,5.28,1,정상
2023-06,EQ0057,569.07,46.7,1.98,0,정상
2023-06,EQ0058,684.62,31.6,8.64,0,정상
2023-06,EQ0060,367.61,58.4,7.35,2,경고
2023-06,EQ0061,277.7,54.7,1.51,0,정상
2023-06,EQ0062,257.28,27.1,4.75,3,정상
2023-06,EQ0064,638.19,53.6,9.4,4,정상
2023-06,EQ0065,677.99,20.1,5.05,0,정상
2023-06,EQ0067,297.04,50.3,9.39,0,정상
2023-06,EQ0068,624.71,44.2,1.87,1,주의
2023-06,EQ0070,509.77,35.1,5.42,3,정상
2023-06,EQ0071,411.93,46.3,2.42,4,정상
2023-06,EQ0074,701.99,41.6,3.06,1,정상
2023-06,EQ0075,592.97,30.8,7.46,1,주의
2023-06,EQ0077,248.88,23.1,8.52,4,정상
2023-06,EQ0079,771.77,55.1,3.17,4,정상
2023-06,EQ0080,458.53,29.1,9.31,4,정상
2023-06,EQ0083,772.93,38.6,2.65,0,정상
2023-06,EQ0085,416.06,58.5,4.96,3,주의
2023-06,EQ0088,372.75,24.0,3.56,4,경고
2023-06,EQ0089,229.87,53.0,3.93,2,정상
2023-06,EQ0090,267.52,49.1,9.92,2,정상
2023-06,EQ0096,623.93,23.0,5.38,0,정상
2023-06,EQ0097,391.35,41.4,4.15,0,주의
2023-06,EQ0098,228.7,59.0,5.48,2,정상
2023-06,EQ0100,605.83,42.5,8.65,0,경고
2023-06,EQ0103,760.49,48.8,1.73,0,정상
2023-06,EQ0107,261.42,43.9,1.06,2,정상
2023-06,EQ0109,522.31,36.8,7.34,1,주의
2023-06,EQ0110,362.83,56.9,5.96,0,정상
2023-06,EQ0114,443.16,47.0,5.48,4,정상
2023-06,EQ0115,791.45,26.6,5.26,0,정상
2023-06,EQ0117,598.09,36.5,5.28,3,주의
2023-06,EQ0118,218.22,55.6,4.86,3,정상
2023-06,EQ0120,226.24,28.3,8.5,1,정상
2023-06,EQ0121,776.44,25.4,4.38,1,정상
2023-06,EQ0122,451.98,50.9,1.39,3,주의
2023-06,EQ0123,391.94,56.9,1.62,1,경고
2023-06,EQ0125,566.87,37.6,7.8,1,경고
2023-06,EQ0126,642.54,24.9,3.32,4,주의
2023-06,EQ0129,480.9,54.2,2.48,0,정상
2023-06,EQ0133,713.23,29.6,6.6,2,경고
2023-06,EQ0134,569.37,36.8,5.5,3,주의
2023-06,EQ0138,607.4,49.7,2.73,3,경고
2023-06,EQ0139,681.96,53.6,7.22,1,정상
2023-06,EQ0140,444.19,39.8,4.09,2,주의
2023-06,EQ0143,362.31,23.7,2.73,2,정상
2023-06,EQ0144,347.26,42.9,6.53,4,정상
2023-06,EQ0145,797.85,34.7,4.71,3,정상
2023-06,EQ0146,294.31,58.3,6.44,1,정상
2023-06,EQ0148,253.63,36.5,6.46,4,정상
2023-06,EQ0150,653.84,35.5,5.62,4,주의
2023-06,EQ0155,651.88,46.4,9.72,1,정상
2023-06,EQ0156,338.27,23.9,6.78,4,주의
2023-06,EQ0158,708.27,33.7,4.21,4,정상
2023-06,EQ0159,775.17,52.5,4.16,1,정상
2023-06,EQ0160,311.54,22.3,3.82,0,경고
2023-06,EQ0161,263.05,25.5,6.53,0,주의
2023-06,EQ0163,399.29,47.8,5.93,0,정상
2023-06,EQ0164,543.88,46.3,7.75,0,정상
2023-06,EQ0165,568.93,36.3,8.39,0,정상
2023-06,EQ0166,622.58,57.1,8.42,2,정상
2023-06,EQ0168,304.91,50.3,5.5,0,정상
2023-06,EQ0172,596.24,42.9,9.28,2,정상
2023-06,EQ0174,361.9,21.9,2.39,1,정상
2023-06,EQ0175,438.2,31.0,6.53,0,정상
2023-06,EQ0177,483.17,50.1,7.22,2,정상
2023-06,EQ0180,544.01,33.0,9.86,0,정상
2023-06,EQ0185,532.47,30.5,8.49,1,정상
2023-06,EQ0186,585.99,33.9,2.53,2,정상
2023-06,EQ0190,218.6,48.2,1.24,4,정상
2023-06,EQ0193,590.71,20.6,6.59,4,정상
2023-06,EQ0196,296.82,24.4,9.41,0,정상
2023-06,EQ0197,534.71,57.2,6.1,1,정상
2023-06,EQ0198,555.33,52.9,3.69,2,경고
2023-06,EQ0200,556.55,45.8,7.36,3,정상
2023-06,EQ0201,269.74,51.1,6.2,4,주의
2023-06,EQ0202,346.09,23.6,9.8,4,경고
2023-06,EQ0203,503.45,47.9,9.68,2,정상
2023-06,EQ0204,343.01,25.8,8.97,0,정상
2023-06,EQ0207,685.69,29.4,8.12,0,주의
2023-06,EQ0208,631.08,39.7,4.99,1,정상
2023-06,EQ0210,445.85,43.0,9.29,4,정상
2023-06,EQ0211,485.91,40.4,9.42,2,경고
2023-06,EQ0212,499.27,36.6,9.29,3,정상
2023-06,EQ0213,711.79,23.2,9.31,0,정상
2023-06,EQ0215,447.18,29.4,1.66,4,정상
2023-06,EQ0220,632.92,40.4,9.5,4,정상
2023-06,EQ0223,223.55,46.8,9.16,3,정상
2023-06,EQ0226,547.63,44.8,1.22,1,주의
2023-06,EQ0227,530.72,54.5,5.88,2,정상
2023-06,EQ0228,321.73,33.0,6.72,1,정상
2023-06,EQ0229,528.83,26.2,5.93,2,정상
2023-06,EQ0233,538.68,59.7,8.65,2,정상
2023-06,EQ0238,410.05,23.6,3.1,0,주의
2023-06,EQ0241,428.76,29.1,8.55,2,정상
2023-06,EQ0244,509.33,25.2,5.67,4,정상
2023-06,EQ0246,487.84,45.0,4.24,4,정상
2023-06,EQ0247,402.5,39.5,7.38,3,정상
2023-06,EQ0250,704.03,57.5,3.5,2,정상
2023-06,EQ0251,230.45,43.9,6.44,3,경고
2023-06,EQ0253,688.22,31.3,4.79,1,정상
2023-06,EQ0256,356.37,22.4,8.96,1,주의
2023-06,EQ0265,208.79,39.5,3.93,4,정상
2023-06,EQ0266,472.47,42.2,9.39,2,경고
2023-06,EQ0267,205.53,48.1,4.6,0,주의
2023-06,EQ0268,207.03,34.7,9.98,3,정상
2023-06,EQ0272,729.42,51.4,8.39,1,주의
2023-06,EQ0273,396.28,36.8,8.15,0,정상
2023-06,EQ0276,230.7,54.0,4.05,3,정상
2023-06,EQ0278,386.33,30.4,5.35,0,정상
2023-06,EQ0281,615.33,42.7,5.63,2,정상
2023-06,EQ0284,391.25,23.1,2.63,4,정상
2023-06,EQ0286,292.07,37.2,8.06,4,정상
2023-06,EQ0287,522.94,48.6,4.97,0,정상
2023-06,EQ0288,625.99,44.7,2.61,2,경고
2023-06,EQ0290,341.79,47.5,7.72,1,정상
2023-06,EQ0291,667.97,51.1,9.72,0,정상
2023-06,EQ0292,469.82,52.1,5.62,0,경고
2023-06,EQ0300,294.69,27.1,5.11,3,경고
2023-07,EQ0003,669.07,55.4,5.38,1,정상
2023-07,EQ0005,578.04,24.1,4.69,4,정상
2023-07,EQ0006,571.33,31.7,9.43,3,정상
2023-07,EQ0007,248.26,58.1,2.76,2,정상
2023-07,EQ0008,411.64,45.9,3.1,3,정상
2023-07,EQ0009,552.11,25.2,5.51,2,주의
2023-07,EQ0010,534.23,20.7,8.36,4,정상
2023-07,EQ0012,570.03,54.6,1.84,1,정상
2023-07,EQ0013,354.5,22.5,4.99,3,정상
2023-07,EQ0014,760.58,35.5,9.64,0,정상
2023-07,EQ0015,715.58,34.3,6.95,3,정상
2023-07,EQ0016,566.53,23.1,7.0,0,정상
2023-07,EQ0021,279.87,54.8,4.17,2,정상
2023-07,EQ0023,504.83,51.6,5.76,2,정상
2023-07,EQ0024,228.03,49.8,2.12,0,정상
2023-07,EQ0025,408.82,28.7,8.57,4,정상
2023-07,EQ0026,221.12,35.4,6.44,1,주의
2023-07,EQ0028,591.22,29.3,3.39,2,경고
2023-07,EQ0032,356.17,37.2,1.91,2,경고
2023-07,EQ0033,579.5,57.7,4.62,0,정상
2023-07,EQ0036,758.13,49.6,7.51,3,경고
2023-07,EQ0039,481.39,25.4,6.96,1,정상
2023-07,EQ0040,699.56,21.7,3.36,0,주의
2023-07,EQ0041,372.48,20.5,9.39,0,주의
2023-07,EQ0042,585.94,31.8,9.93,4,정상
2023-07,EQ0043,533.44,24.5,2.93,4,경고
2023-07,EQ0044,419.28,49.4,3.72,2,정상
2023-07,EQ0045,558.73,48.3,4.5,4,정상
2023-07,EQ0047,679.51,31.1,6.75,1,주의
2023-07,EQ0048,624.88,24.7,8.28,0,주의
2023-07,EQ0053,749.73,47.2,2.89,0,정상
2023-07,EQ0055,548.66,48.9,2.39,2,정상
2023-07,EQ0056,435.91,48.8,6.33,4,경고
2023-07,EQ0057,658.42,58.5,4.76,4,정상
2023-07,EQ0058,472.93,54.6,5.97,4,정상
2023-07,EQ0059,695.4,40.0,8.26,1,주의
2023-07,EQ0060,383.5,44.3,4.78,0,정상
2023-07,EQ0061,703.75,37.0,8.47,1,정상
2023-07,EQ0062,758.44,47.6,8.7,3,주의
2023-07,EQ0063,756.0,47.9,9.36,1,정상
2023-07,EQ0064,792.04,52.3,6.82,4,정상
2023-07,EQ0065,267.21,53.3,2.3,4,정상
2023-07,EQ0068,485.52,53.9,6.07,3,정상
2023-07,EQ0069,530.27,31.8,2.73,2,경고
2023-07,EQ0070,682.25,44.0,9.77,0,경고
2023-07,EQ0075,637.39,38.5,1.3,2,정상
2023-07,EQ0076,648.18,49.5,3.2,3,정상
2023-07,EQ0077,270.14,58.4,1.38,1,정상
2023-07,EQ0079,349.48,43.6,5.24,2,정상
2023-07,EQ0083,575.52,23.2,7.81,0,정상
2023-07,EQ0085,344.12,55.8,4.45,1,정상
2023-07,EQ0086,317.87,49.4,1.24,0,정상
2023-07,EQ0088,478.78,31.1,1.69,0,경고
2023-07,EQ0091,283.63,31.6,9.79,0,경고
2023-07,EQ0092,684.78,56.1,6.12,3,정상
2023-07,EQ0094,760.09,32.4,8.52,1,정상
2023-07,EQ0098,493.89,30.8,1.12,1,정상
2023-07,EQ0100,763.09,36.2,2.59,1,정상
2023-07,EQ0101,516.85,34.9,4.45,2,정상
2023-07,EQ0102,592.34,41.5,7.11,2,정상
2023-07,EQ0103,429.21,39.9,6.4,3,경고
2023-07,EQ0105,368.65,39.0,7.79,2,정상
2023-07,EQ0106,722.12,44.4,3.66,0,정상
2023-07,EQ0109,667.26,39.2,1.68,0,정상
2023-07,EQ0110,313.66,25.0,3.17,0,정상
2023-07,EQ0112,414.68,48.9,1.15,4,정상
2023-07,EQ0115,651.73,20.5,9.23,2,정상
2023-07,EQ0117,224.6,46.3,9.57,2,경고
2023-07,EQ0118,254.42,43.3,4.38,0,정상
2023-07,EQ0127,331.97,20.4,7.12,3,정상
2023-07,EQ0130,597.1,46.3,1.33,2,정상
2023-07,EQ0131,776.54,27.4,2.0,3,주의
2023-07,EQ0132,748.37,46.0,2.91,2,정상
2023-07,EQ0133,595.6,51.3,2.04,3,정상
2023-07,EQ0136,678.21,28.4,6.07,4,정상
2023-07,EQ0137,322.1,35.2,8.86,4,정상
2023-07,EQ0141,355.98,52.9,5.97,2,주의
2023-07,EQ0142,558.28,44.6,6.43,4,정상
2023-07,EQ0144,678.13,27.0,5.99,4,정상
2023-07,EQ0145,312.21,32.4,2.35,4,정상
2023-07,EQ0146,202.34,58.6,5.65,3,정상
2023-07,EQ0148,243.8,47.2,3.61,0,정상
2023-07,EQ0150,394.67,29.5,1.55,1,경고
2023-07,EQ0151,374.91,32.9,2.27,4,경고
2023-07,EQ0152,509.68,45.3,6.95,4,정상
2023-07,EQ0158,359.13,35.9,5.9,3,주의
2023-07,EQ0159,213.92,51.8,3.27,1,정상
2023-07,EQ0160,212.2,33.9,2.17,4,정상
2023-07,EQ0163,483.33,58.9,3.44,0,정상
2023-07,EQ0166,496.27,22.9,1.95,1,정상
2023-07,EQ0167,571.62,28.9,2.1,2,정상
2023-07,EQ0169,280.06,26.5,6.46,0,정상
2023-07,EQ0171,778.81,37.3,1.01,4,주의
2023-07,EQ0173,508.25,47.6,5.37,0,정상
2023-07,EQ0175,357.95,43.4,2.34,1,정상
2023-07,EQ0178,258.58,48.7,9.29,2,주의
2023-07,EQ0179,422.48,48.3,8.35,2,정상
2023-07,EQ0181,426.3,57.0,9.85,1,주의
2023-07,EQ0187,567.26,55.7,6.67,2,주의
2023-07,EQ0188,382.43,23.5,1.54,4,정상
2023-07,EQ0189,222.04,53.6,3.87,0,정상
2023-07,EQ0192,740.91,56.3,6.49,0,주의
2023-07,EQ0197,379.93,37.0,1.13,4,경고
2023-07,EQ0204,735.16,28.6,2.05,2,정상
2023-07,EQ0210,323.02,50.9,3.02,1,정상
2023-07,EQ0212,236.11,45.4,9.65,0,경고
2023-07,EQ0213,737.34,45.0,5.1,2,정상
2023-07,EQ0214,537.88,37.4,1.5,3,경고
2023-07,EQ0219,216.16,20.7,7.34,0,정상
2023-07,EQ0220,534.71,26.5,6.24,2,정상
2023-07,EQ0221,693.32,25.6,1.05,2,정상
2023-07,EQ0223,760.38,58.2,6.24,2,정상
2023-07,EQ0224,337.95,42.3,3.28,4,정상
2023-07,EQ0225,354.13,57.1,3.15,1,정상
2023-07,EQ0226,650.77,26.4,9.49,2,정상
2023-07,EQ0227,384.23,40.7,7.53,1,정상
2023-07,EQ0229,726.94,51.5,3.77,3,경고
2023-07,EQ0231,785.92,22.6,1.63,4,정상
2023-07,EQ0232,698.65,27.7,3.04,1,정상
2023-07,EQ0237,219.44,20.7,5.62,3,정상
2023-07,EQ0240,336.11,43.0,9.71,2,정상
2023-07,EQ0244,490.61,38.5,5.7,1,정상
2023-07,EQ0245,678.51,44.3,7.86,1,정상
2023-07,EQ0250,443.53,53.3,3.25,3,정상
2023-07,EQ0251,560.52,26.6,4.57,3,정상
2023-07,EQ0252,409.91,26.6,7.06,1,경고
2023-07,EQ0253,765.63,24.5,6.88,1,정상
2023-07,EQ0257,599.81,37.3,1.22,1,정상
2023-07,EQ0258,580.91,59.1,7.14,2,주의
2023-07,EQ0262,736.64,25.6,4.02,3,정상
2023-07,EQ0263,776.78,57.9,7.41,4,정상
2023-07,EQ0265,207.34,51.1,2.75,1,정상
2023-07,EQ0266,654.45,40.0,2.98,4,주의
2023-07,EQ0269,767.64,36.3,8.63,0,주의
2023-07,EQ0270,406.51,45.4,2.03,2,경고
2023-07,EQ0273,470.22,54.0,1.13,4,정상
2023-07,EQ0275,756.91,53.8,1.62,0,정상
2023-07,EQ0279,408.16,36.3,2.65,4,정상
2023-07,EQ0281,659.56,20.9,2.01,2,정상
2023-07,EQ0282,629.15,29.2,8.23,3,정상
2023-07,EQ0283,697.59,20.8,5.05,2,정상
2023-07,EQ0285,477.83,51.3,5.33,3,주의
2023-07,EQ0287,428.54,32.9,1.57,4,주의
2023-07,EQ0288,610.19,23.3,9.37,2,정상
2023-07,EQ0290,737.68,23.3,1.65,2,정상
2023-07,EQ0292,603.08,25.5,5.57,3,정상
2023-07,EQ0293,555.28,21.7,4.99,1,정상
2023-07,EQ0295,427.35,31.9,1.81,0,정상
2023-07,EQ0299,288.32,46.7,5.45,1,주의
2023-07,EQ0300,265.84,52.8,9.61,4,정상
2023-08,EQ0003,683.13,52.9,3.67,0,정상
2023-08,EQ0004,457.54,42.9,7.21,1,정상
2023-08,EQ0005,542.38,36.6,5.64,3,경고
2023-08,EQ0007,566.71,47.3,7.28,0,경고
2023-08,EQ0008,558.43,47.7,2.06,3,정상
2023-08,EQ0009,606.88,44.6,8.89,3,경고
2023-08,EQ0010,680.03,55.2,9.42,1,경고
2023-08,EQ0012,696.32,49.0,1.9,2,정상
2023-08,EQ0013,205.73,42.9,5.26,1,경고
2023-08,EQ0015,556.75,54.0,3.29,4,경고
2023-08,EQ0020,662.11,34.1,6.53,3,주의
2023-08,EQ0021,270.56,32.1,7.03,4,정상
2023-08,EQ0025,623.91,55.2,4.83,2,정상
2023-08,EQ0026,219.04,24.7,3.84,3,경고
2023-08,EQ0031,456.34,58.8,8.93,3,정상
2023-08,EQ0033,756.91,30.2,9.2,2,정상
2023-08,EQ0037,537.98,44.6,7.99,4,정상
2023-08,EQ0039,705.78,23.5,6.35,4,정상
2023-08,EQ0041,242.49,33.3,8.39,2,정상
2023-08,EQ0044,217.8,29.4,8.99,0,주의
2023-08,EQ0046,798.8,43.8,9.47,4,정상
2023-08,EQ0047,549.64,54.7,2.76,2,주의
2023-08,EQ0049,454.43,57.1,7.52,1,정상
2023-08,EQ0051,387.04,23.4,9.32,2,정상
2023-08,EQ0054,504.52,24.7,4.51,1,정상
2023-08,EQ0055,582.83,22.9,9.51,0,정상
2023-08,EQ0057,668.56,25.8,3.9,2,정상
2023-08,EQ0058,754.54,26.5,4.85,0,주의
2023-08,EQ0059,265.82,24.3,4.51,0,정상
2023-08,EQ0060,522.81,49.0,5.31,2,정상
2023-08,EQ0061,776.33,59.8,6.0,1,주의
2023-08,EQ0067,222.16,24.5,4.71,2,정상
2023-08,EQ0069,725.5,37.4,3.95,2,주의
2023-08,EQ0071,347.82,51.3,4.85,2,정상
2023-08,EQ0072,684.27,29.5,1.55,4,정상
2023-08,EQ0075,774.89,49.6,1.76,3,정상
2023-08,EQ0076,424.96,30.1,9.6,3,정상
2023-08,EQ0077,676.06,57.6,6.27,1,정상
2023-08,EQ0079,663.78,43.2,2.39,1,정상
2023-08,EQ0083,453.6,34.1,8.27,2,정상
2023-08,EQ0085,422.72,43.4,3.09,2,경고
2023-08,EQ0086,371.19,25.9,1.78,4,정상
2023-08,EQ0087,791.08,51.6,5.09,1,정상
2023-08,EQ0088,593.52,49.8,3.02,4,정상
2023-08,EQ0090,609.38,40.2,9.3,2,주의
2023-08,EQ0091,288.17,59.8,7.6,4,정상
2023-08,EQ0092,327.33,55.4,6.79,3,정상
2023-08,EQ0093,780.86,58.9,3.05,1,정상
2023-08,EQ0094,668.97,52.3,3.35,4,정상
2023-08,EQ0095,596.19,25.2,4.56,0,정상
2023-08,EQ0097,453.25,22.6,5.26,1,정상
2023-08,EQ0100,511.26,43.9,1.01,1,정상
2023-08,EQ0102,791.54,22.9,8.87,2,정상
2023-08,EQ0104,776.02,22.0,2.44,0,주의
2023-08,EQ0105,660.69,29.5,8.65,1,경고
2023-08,EQ0107,610.7,34.9,8.28,2,경고
2023-08,EQ0108,661.29,50.1,8.36,0,경고
2023-08,EQ0109,657.28,39.3,4.25,2,경고
2023-08,EQ0114,488.85,57.7,7.12,4,정상
2023-08,EQ0115,420.54,41.0,2.46,3,경고
2023-08,EQ0116,555.18,29.3,3.8,2,경고
2023-08,EQ0117,226.2,23.5,2.84,3,정상
2023-08,EQ0118,320.73,31.7,6.35,1,정상
2023-08,EQ0120,688.76,55.1,9.32,0,정상
2023-08,EQ0123,644.67,56.4,1.08,1,정상
2023-08,EQ0125,487.35,58.3,1.26,2,정상
2023-08,EQ0126,327.94,37.0,1.4,2,정상
2023-08,EQ0129,339.53,55.8,9.55,1,정상
2023-08,EQ0130,439.68,25.0,8.08,2,정상
2023-08,EQ0131,756.78,33.3,6.78,0,경고
2023-08,EQ0132,694.59,44.6,8.47,3,정상
2023-08,EQ0133,221.05,20.0,1.23,1,정상
2023-08,EQ0138,670.51,41.9,6.61,4,정상
2023-08,EQ0140,451.21,50.3,9.35,3,정상
2023-08,EQ0141,203.73,35.9,1.37,1,정상
2023-08,EQ0142,214.1,35.8,9.93,3,주의
2023-08,EQ0143,533.23,32.4,1.64,1,정상
2023-08,EQ0144,425.73,27.3,5.91,4,주의
2023-08,EQ0145,675.14,46.6,9.04,3,주의
2023-08,EQ0146,248.03,26.0,2.21,0,정상
2023-08,EQ0149,625.39,36.1,2.0,1,정상
2023-08,EQ0154,639.01,44.6,3.08,4,정상
2023-08,EQ0155,779.21,43.3,3.24,4,정상
2023-08,EQ0157,562.19,41.6,4.6,2,정상
2023-08,EQ0160,752.24,57.1,5.68,2,주의
2023-08,EQ0161,438.33,56.6,6.71,4,정상
2023-08,EQ0162,393.17,56.0,5.07,2,경고
2023-08,EQ0165,781.95,34.3,2.01,2,정상
2023-08,EQ0167,541.57,24.2,7.12,0,정상
2023-08,EQ0168,343.29,22.3,1.7,3,정상
2023-08,EQ0172,446.22,41.2,5.87,1,정상
2023-08,EQ0176,379.83,32.5,8.01,3,정상
2023-08,EQ0177,220.78,30.7,2.71,4,정상
2023-08,EQ0178,797.41,50.9,3.25,1,정상
2023-08,EQ0179,266.55,23.2,1.17,0,주의
2023-08,EQ0180,653.94,44.2,7.58,2,정상
2023-08,EQ0187,386.65,28.9,7.18,1,정상
2023-08,EQ0189,589.02,29.5,4.43,2,정상
2023-08,EQ0193,559.59,49.3,6.9,4,정상
2023-08,EQ0194,253.43,49.8,3.15,1,정상
2023-08,EQ0195,277.42,57.2,3.9,4,정상
2023-08,EQ0196,314.05,20.6,4.22,3,정상
2023-08,EQ0198,268.96,42.8,9.39,2,경고
2023-08,EQ0199,202.11,40.1,6.39,2,주의
2023-08,EQ0200,782.57,21.6,5.02,4,경고
2023-08,EQ0201,255.73,27.0,4.76,3,경고
2023-08,EQ0202,225.7,37.3,3.03,1,정상
2023-08,EQ0203,219.51,41.3,7.05,1,정상
2023-08,EQ0205,330.74,35.5,7.7,3,정상
2023-08,EQ0208,601.21,28.5,5.28,3,정상
2023-08,EQ0209,305.17,44.9,9.6,1,정상
2023-08,EQ0212,787.57,46.5,9.5,3,정상
2023-08,EQ0213,449.03,41.0,4.36,3,정상
2023-08,EQ0214,558.18,50.2,4.65,1,정상
2023-08,EQ0216,462.67,30.1,3.3,0,정상
2023-08,EQ0221,581.26,24.3,9.73,1,정상
2023-08,EQ0223,379.35,23.8,2.14,1,정상
2023-08,EQ0225,480.95,31.1,8.58,2,정상
2023-08,EQ0227,573.28,22.4,7.81,1,정상
2023-08,EQ0230,342.88,41.8,4.68,4,정상
2023-08,EQ0235,416.17,31.8,8.63,2,정상
2023-08,EQ0238,625.39,43.2,8.99,3,정상
2023-08,EQ0241,534.16,32.6,3.78,2,경고
2023-08,EQ0242,666.12,38.4,8.94,4,정상
2023-08,EQ0243,477.64,28.8,7.96,4,정상
2023-08,EQ0244,722.99,23.1,8.69,4,정상
2023-08,EQ0246,431.0,50.6,1.62,2,정상
2023-08,EQ0247,553.87,56.5,4.16,1,주의
2023-08,EQ0248,643.76,29.1,5.12,2,주의
2023-08,EQ0249,750.5,46.7,4.79,3,정상
2023-08,EQ0250,338.21,44.9,8.98,1,정상
2023-08,EQ0253,207.12,37.0,9.34,2,정상
2023-08,EQ0254,513.74,22.9,2.34,4,경고
2023-08,EQ0257,775.33,58.7,2.45,3,정상
2023-08,EQ0258,501.24,48.9,7.01,0,정상
2023-08,EQ0259,552.89,44.0,7.13,2,경고
2023-08,EQ0262,256.85,29.4,9.29,0,정상
2023-08,EQ0263,436.66,59.4,7.84,3,주의
2023-08,EQ0265,453.31,20.4,1.47,2,정상
2023-08,EQ0267,465.83,23.2,6.35,0,정상
2023-08,EQ0272,246.11,23.8,7.14,0,정상
2023-08,EQ0275,333.76,47.0,9.34,2,정상
2023-08,EQ0276,389.58,35.2,8.27,3,정상
2023-08,EQ0279,384.44,55.5,5.8,0,정상
2023-08,EQ0286,546.69,40.5,7.23,2,주의
2023-08,EQ0289,400.54,50.8,2.57,0,정상
2023-08,EQ0291,377.46,58.9,9.79,2,정상
2023-08,EQ0298,385.72,44.4,6.92,1,주의
2023-08,EQ0299,373.69,55.5,2.24,3,정상
2023-08,EQ0300,238.73,33.7,9.56,0,정상
2023-09,EQ0006,459.18,46.5,2.34,1,정상
2023-09,EQ0007,499.19,31.9,8.96,3,경고
2023-09,EQ0010,757.47,49.2,7.84,4,정상
2023-09,EQ0012,767.35,35.7,8.15,1,정상
2023-09,EQ0013,662.31,59.4,9.72,1,정상
2023-09,EQ0014,483.35,29.3,7.67,2,정상
2023-09,EQ0015,223.7,25.2,6.23,4,경고
2023-09,EQ0017,631.86,46.7,7.13,4,정상
2023-09,EQ0021,510.21,41.8,1.12,1,주의
2023-09,EQ0023,448.61,30.5,8.65,4,경고
2023-09,EQ0024,433.53,25.5,1.02,4,경고
2023-09,EQ0026,722.72,58.6,5.94,3,주의
2023-09,EQ0027,646.67,36.1,1.81,3,정상
2023-09,EQ0028,340.96,29.1,9.71,4,경고
2023-09,EQ0029,692.77,53.4,7.01,1,정상
2023-09,EQ0031,418.68,53.0,8.53,2,주의
2023-09,EQ0032,644.22,28.0,5.25,4,주의
2023-09,EQ0033,486.58,40.8,5.76,3,주의
2023-09,EQ0034,557.28,56.8,7.68,2,주의
2023-09,EQ0035,772.14,31.8,3.66,0,주의
2023-09,EQ0039,383.2,30.3,8.54,1,정상
2023-09,EQ0043,522.97,20.6,7.03,1,주의
2023-09,EQ0044,356.95,31.8,1.39,2,정상
2023-09,EQ0046,775.28,29.3,6.45,4,정상
2023-09,EQ0048,486.51,57.2,1.1,0,정상
2023-09,EQ0049,553.79,47.5,8.48,1,정상
2023-09,EQ0050,642.36,25.6,9.72,4,정상
2023-09,EQ0051,378.31,27.9,9.55,3,정상
2023-09,EQ0056,629.44,23.3,7.95,0,정상
2023-09,EQ0058,315.66,41.5,8.68,1,주의
2023-09,EQ0059,505.02,48.8,8.21,0,정상
2023-09,EQ0060,355.23,54.0,7.75,2,정상
2023-09,EQ0062,265.59,30.8,7.14,4,정상
2023-09,EQ0063,245.39,36.5,5.11,0,정상
2023-09,EQ0069,258.79,51.9,2.91,3,정상
2023-09,EQ0071,230.38,43.5,5.13,4,정상
2023-09,EQ0074,345.67,47.0,4.67,4,주의
2023-09,EQ0076,399.99,48.1,2.12,1,정상
2023-09,EQ0079,364.05,47.4,1.88,2,정상
2023-09,EQ0084,761.02,43.6,7.78,2,정상
2023-09,EQ0085,405.25,52.9,1.95,0,정상
2023-09,EQ0087,737.47,50.2,8.51,4,경고
2023-09,EQ0088,710.5,59.9,6.58,3,정상
2023-09,EQ0089,626.08,29.5,2.87,1,정상
2023-09,EQ0090,532.66,32.1,6.68,1,주의
2023-09,EQ0091,721.59,25.3,8.73,1,정상
2023-09,EQ0093,293.81,31.0,5.59,1,주의
2023-09,EQ0094,212.3,25.1,7.3,1,정상
2023-09,EQ0095,771.94,22.6,1.26,4,경고
2023-09,EQ0096,205.96,46.1,6.87,0,정상
2023-09,EQ0097,597.59,50.6,1.66,0,정상
2023-09,EQ0098,708.04,37.8,6.98,4,정상
2023-09,EQ0099,460.97,59.9,7.26,1,정상
2023-09,EQ0101,307.34,36.4,8.43,3,주의
2023-09,EQ0104,471.44,25.2,4.52,4,정상
2023-09,EQ0105,786.17,37.3,8.21,2,정상
2023-09,EQ0108,496.59,54.1,5.95,0,주의
2023-09,EQ0109,683.47,58.8,6.5,3,정상
2023-09,EQ0111,296.21,42.0,5.08,1,정상
2023-09,EQ0112,207.85,29.8,6.32,4,정상
2023-09,EQ0113,532.81,58.0,1.48,0,정상
2023-09,EQ0116,530.44,48.4,8.9,2,정상
2023-09,EQ0119,564.27,30.1,6.71,2,주의
2023-09,EQ0120,305.37,54.2,7.35,1,정상
2023-09,EQ0121,373.4,56.5,8.68,4,경고
2023-09,EQ0122,669.05,57.7,9.81,3,주의
2023-09,EQ0123,606.47,41.0,1.94,2,정상
2023-09,EQ0125,389.92,38.4,6.8,1,정상
2023-09,EQ0126,539.09,24.3,1.51,0,주의
2023-09,EQ0127,636.72,47.1,9.98,4,주의
2023-09,EQ0134,308.32,39.0,4.54,0,경고
2023-09,EQ0135,215.66,22.2,6.35,3,정상
2023-09,EQ0136,500.33,51.3,4.34,1,정상
2023-09,EQ0138,691.58,32.2,6.37,1,정상
2023-09,EQ0139,666.38,29.3,3.1,0,주의
2023-09,EQ0140,271.35,57.6,7.25,3,경고
2023-09,EQ0142,443.36,39.6,3.38,2,정상
2023-09,EQ0145,379.08,34.9,8.28,3,주의
2023-09,EQ0146,582.62,48.1,9.29,4,정상
2023-09,EQ0153,359.55,27.2,9.1,2,주의
2023-09,EQ0154,553.94,49.9,4.88,3,정상
2023-09,EQ0158,423.86,34.0,7.83,4,경고
2023-09,EQ0159,645.45,20.1,1.78,3,정상
2023-09,EQ0161,476.28,21.4,9.3,3,정상
2023-09,EQ0163,385.79,20.6,9.13,0,주의
2023-09,EQ0165,730.09,35.5,3.51,2,정상
2023-09,EQ0167,700.08,44.7,8.85,4,정상
2023-09,EQ0168,467.87,55.9,1.82,4,주의
2023-09,EQ0169,341.6,44.6,2.96,1,정상
2023-09,EQ0176,305.5,28.8,1.75,1,주의
2023-09,EQ0179,504.58,47.3,9.79,3,정상
2023-09,EQ0182,713.91,24.5,9.25,1,경고
2023-09,EQ0184,218.74,31.5,2.18,1,정상
2023-09,EQ0185,778.13,23.2,8.43,3,정상
2023-09,EQ0187,253.57,37.8,8.24,2,주의
2023-09,EQ0188,273.61,46.9,8.58,0,정상
2023-09,EQ0189,728.37,23.8,5.86,0,정상
2023-09,EQ0190,640.92,30.0,3.37,0,정상
2023-09,EQ0193,367.77,53.3,6.21,2,정상
2023-09,EQ0196,705.34,23.7,1.85,0,정상
2023-09,EQ0198,764.68,24.9,7.07,0,정상
2023-09,EQ0201,380.35,51.1,4.95,1,정상
2023-09,EQ0203,287.75,53.6,3.5,4,경고
2023-09,EQ0208,666.73,28.6,9.52,1,정상
2023-09,EQ0211,496.49,51.3,6.94,4,정상
2023-09,EQ0212,320.09,50.4,1.11,3,정상
2023-09,EQ0214,622.2,39.0,6.51,0,정상
2023-09,EQ0215,673.17,44.0,7.28,4,정상
2023-09,EQ0216,503.31,46.2,3.68,3,정상
2023-09,EQ0218,213.76,58.3,6.79,1,정상
2023-09,EQ0220,376.97,20.3,7.91,3,정상
2023-09,EQ0222,702.04,34.0,3.67,2,주의
2023-09,EQ0224,701.28,21.6,6.83,3,주의
2023-09,EQ0226,766.61,35.4,7.22,1,주의
2023-09,EQ0228,635.03,40.3,4.52,2,정상
2023-09,EQ0229,348.42,56.7,5.24,3,경고
2023-09,EQ0231,546.16,31.4,4.31,2,경고
2023-09,EQ0237,506.34,20.5,2.63,0,정상
2023-09,EQ0240,479.79,56.9,9.92,1,주의
2023-09,EQ0241,497.95,40.0,7.07,1,주의
2023-09,EQ0242,732.79,43.4,4.44,3,정상
2023-09,EQ0246,232.8,38.7,5.28,4,정상
2023-09,EQ0247,794.43,22.8,7.27,0,정상
2023-09,EQ0248,304.32,41.8,1.99,4,주의
2023-09,EQ0250,602.07,35.9,8.49,4,정상
2023-09,EQ0251,675.96,45.6,7.43,4,주의
2023-09,EQ0254,483.38,36.7,6.76,0,정상
2023-09,EQ0257,743.18,41.7,7.33,3,정상
2023-09,EQ0259,740.78,40.6,6.08,4,정상
2023-09,EQ0260,300.0,43.4,1.16,3,정상
2023-09,EQ0261,789.06,57.0,8.24,3,주의
2023-09,EQ0262,797.72,47.3,6.58,3,정상
2023-09,EQ0263,207.94,59.4,8.34,1,정상
2023-09,EQ0265,206.1,52.9,3.51,2,정상
2023-09,EQ0266,476.29,37.4,5.92,0,정상
2023-09,EQ0269,717.25,35.4,9.85,2,주의
2023-09,EQ0271,740.77,31.2,1.69,3,정상
2023-09,EQ0273,439.55,51.4,6.0,3,정상
2023-09,EQ0274,701.54,43.4,5.57,0,주의
2023-09,EQ0276,224.33,38.4,6.01,3,주의
2023-09,EQ0278,596.79,34.1,2.29,3,주의
2023-09,EQ0281,651.89,27.1,5.2,4,주의
2023-09,EQ0284,386.92,26.5,4.41,3,경고
2023-09,EQ0287,386.67,55.4,4.63,1,정상
2023-09,EQ0289,319.3,43.0,4.67,2,주의
2023-09,EQ0291,257.48,44.8,9.5,3,정상
2023-09,EQ0292,681.06,22.7,5.72,2,정상
2023-09,EQ0295,456.52,37.3,1.73,2,정상
2023-09,EQ0298,627.12,48.9,2.59,2,정상
2023-09,EQ0300,532.24,59.2,8.17,0,정상
2023-10,EQ0003,391.14,34.9,4.52,2,정상
2023-10,EQ0004,250.03,45.9,4.81,0,경고
2023-10,EQ0009,729.89,42.4,3.64,1,주의
2023-10,EQ0011,693.54,54.1,4.6,1,주의
2023-10,EQ0012,744.97,58.5,1.89,0,정상
2023-10,EQ0013,784.46,54.7,7.99,0,정상
2023-10,EQ0014,537.75,45.6,7.42,2,경고
2023-10,EQ0018,593.16,26.1,1.56,1,정상
2023-10,EQ0019,450.94,54.5,8.16,4,정상
2023-10,EQ0020,597.5,53.6,7.92,3,경고
2023-10,EQ0022,699.32,46.9,6.45,1,정상
2023-10,EQ0025,327.03,39.5,1.65,3,정상
2023-10,EQ0026,468.09,26.3,9.07,3,경고
2023-10,EQ0027,276.07,49.4,9.26,4,주의
2023-10,EQ0031,645.27,21.6,4.88,1,주의
2023-10,EQ0032,232.86,31.6,2.99,2,주의
2023-10,EQ0034,540.36,43.0,6.57,1,주의
2023-10,EQ0035,581.42,36.8,4.8,4,정상
2023-10,EQ0039,417.6,52.1,1.37,1,정상
2023-10,EQ0040,778.74,25.5,2.44,1,정상
2023-10,EQ0041,363.77,54.6,8.32,3,정상
2023-10,EQ0042,413.03,52.6,4.87,4,정상
2023-10,EQ0043,545.89,55.9,1.24,2,정상
2023-10,EQ0044,536.0,55.6,8.25,2,정상
2023-10,EQ0047,250.5,57.3,4.44,0,주의
2023-10,EQ0049,566.32,41.7,6.22,4,정상
2023-10,EQ0050,447.28,36.2,8.35,3,주의
2023-10,EQ0051,244.01,48.1,4.59,3,정상
2023-10,EQ0052,253.54,50.8,8.83,2,정상
2023-10,EQ0055,397.68,37.3,1.7,0,경고
2023-10,EQ0058,420.75,26.5,4.49,3,정상
2023-10,EQ0059,274.31,57.5,4.6,0,경고
2023-10,EQ0063,628.18,39.4,8.93,1,주의
2023-10,EQ0064,344.86,34.8,2.29,3,경고
2023-10,EQ0066,748.8,22.4,3.4,2,정상
2023-10,EQ0067,550.98,28.2,5.55,0,주의
2023-10,EQ0069,344.62,35.9,2.0,3,정상
2023-10,EQ0071,244.31,31.5,4.82,2,정상
2023-10,EQ0072,667.92,52.5,9.03,2,정상
2023-10,EQ0074,768.87,36.7,7.11,4,정상
2023-10,EQ0078,377.55,56.8,1.07,0,주의
2023-10,EQ0083,629.91,54.0,4.72,3,정상
2023-10,EQ0086,586.52,42.5,2.78,0,정상
2023-10,EQ0088,322.35,32.5,7.63,0,정상
2023-10,EQ0089,237.24,32.2,7.94,4,정상
2023-10,EQ0093,671.15,23.9,1.22,4,정상
2023-10,EQ0094,669.45,25.6,3.27,4,정상
2023-10,EQ0096,525.31,43.6,6.53,4,정상
2023-10,EQ0098,794.87,50.6,2.26,4,정상
2023-10,EQ0100,281.05,37.4,9.08,4,정상
2023-10,EQ0105,424.5,51.8,4.22,0,주의
2023-10,EQ0108,678.04,53.2,4.96,0,정상
2023-10,EQ0111,730.29,40.3,6.49,0,주의
2023-10,EQ0112,332.37,42.0,7.15,3,정상
2023-10,EQ0113,700.18,54.5,2.17,4,정상
2023-10,EQ0114,323.35,56.5,1.1,3,주의
2023-10,EQ0115,659.32,45.5,6.1,2,정상
2023-10,EQ0116,589.85,22.0,4.02,0,주의
2023-10,EQ0119,565.07,53.4,5.23,0,정상
2023-10,EQ0122,796.89,26.0,1.76,3,정상
2023-10,EQ0123,273.74,53.0,9.51,4,정상
2023-10,EQ0125,439.6,49.2,2.24,0,정상
2023-10,EQ0127,743.41,50.5,9.47,4,경고
2023-10,EQ0128,693.15,48.0,2.91,0,정상
2023-10,EQ0129,735.5,50.2,6.08,4,정상
2023-10,EQ0130,591.98,21.1,1.8,4,주의
2023-10,EQ0133,654.39,49.1,6.14,4,정상
2023-10,EQ0134,653.97,52.4,2.96,3,경고
2023-10,EQ0139,217.19,58.0,8.75,3,주의
2023-10,EQ0141,284.58,55.3,1.04,2,정상
2023-10,EQ0142,647.39,22.1,1.8,3,경고
2023-10,EQ0144,307.29,48.4,9.72,4,주의
2023-10,EQ0145,308.61,33.6,1.93,0,경고
2023-10,EQ0149,681.46,58.8,9.84,2,정상
2023-10,EQ0153,228.89,32.6,2.13,3,주의
2023-10,EQ0154,486.84,44.4,7.22,2,정상
2023-10,EQ0156,737.76,52.1,1.78,4,경고
2023-10,EQ0157,357.6,46.9,2.11,1,정상
2023-10,EQ0158,400.11,45.3,5.8,4,정상
2023-10,EQ0159,563.61,40.1,9.28,3,정상
2023-10,EQ0162,733.44,25.2,6.55,0,주의
2023-10,EQ0163,241.76,28.0,4.87,2,정상
2023-10,EQ0164,421.84,41.7,6.44,4,정상
2023-10,EQ0167,728.23,45.8,3.44,2,정상
2023-10,EQ0169,727.57,43.9,5.23,0,정상
2023-10,EQ0170,523.26,25.1,9.36,2,주의
2023-10,EQ0175,745.49,45.7,4.24,4,정상
2023-10,EQ0177,772.35,43.1,4.68,4,정상
2023-10,EQ0178,351.6,28.0,7.37,4,주의
2023-10,EQ0179,538.29,35.0,2.93,4,경고
2023-10,EQ0183,320.24,59.3,4.75,4,정상
2023-10,EQ0184,388.25,32.4,1.92,3,정상
2023-10,EQ0185,261.66,57.0,1.78,1,정상
2023-10,EQ0186,740.69,51.6,4.87,1,주의
2023-10,EQ0187,266.83,47.3,2.95,2,정상
2023-10,EQ0188,615.76,58.7,4.52,4,정상
2023-10,EQ0191,315.17,25.8,2.8,1,주의
2023-10,EQ0192,424.53,27.9,9.99,4,주의
2023-10,EQ0194,574.03,44.3,4.57,3,정상
2023-10,EQ0195,747.02,46.7,4.31,4,정상
2023-10,EQ0196,559.44,37.0,1.6,3,주의
2023-10,EQ0200,321.56,36.5,7.59,1,정상
2023-10,EQ0203,313.58,51.7,4.9,4,정상
2023-10,EQ0204,223.88,30.5,1.88,0,정상
2023-10,EQ0205,367.94,51.8,8.2,2,경고
2023-10,EQ0207,404.75,47.9,9.9,3,정상
2023-10,EQ0213,262.06,45.0,4.77,2,정상
2023-10,EQ0219,432.44,23.1,2.2,1,주의
2023-10,EQ0220,671.17,47.0,9.77,2,정상
2023-10,EQ0222,291.54,20.9,4.51,2,주의
2023-10,EQ0224,212.05,45.7,2.38,1,주의
2023-10,EQ0227,404.01,36.5,5.95,4,정상
2023-10,EQ0228,322.56,46.1,9.82,4,정상
2023-10,EQ0231,760.49,35.9,6.6,0,정상
2023-10,EQ0232,320.31,52.8,9.54,0,정상
2023-10,EQ0234,382.89,26.6,7.41,3,정상
2023-10,EQ0235,287.56,55.4,8.16,2,정상
2023-10,EQ0236,342.69,47.2,3.44,1,정상
2023-10,EQ0237,665.72,49.9,6.85,1,정상
2023-10,EQ0238,627.76,58.4,9.26,3,주의
2023-10,EQ0240,624.04,22.3,4.16,1,정상
2023-10,EQ0242,663.72,36.3,8.39,1,정상
2023-10,EQ0243,702.2,56.5,9.46,3,정상
2023-10,EQ0244,727.37,31.8,7.74,1,주의
2023-10,EQ0249,554.2,23.8,3.97,3,정상
2023-10,EQ0250,224.85,35.0,6.02,4,정상
2023-10,EQ0251,506.12,44.1,6.1,1,경고
2023-10,EQ0252,371.63,32.0,6.3,4,정상
2023-10,EQ0255,504.9,30.7,1.92,4,주의
2023-10,EQ0256,556.44,49.2,9.59,4,정상
2023-10,EQ0257,252.92,22.9,9.25,0,정상
2023-10,EQ0262,602.16,49.6,5.5,3,정상
2023-10,EQ0263,217.96,43.3,7.38,2,정상
2023-10,EQ0266,722.74,36.6,7.82,0,정상
2023-10,EQ0267,393.62,35.3,7.85,2,주의
2023-10,EQ0268,502.54,22.3,1.79,0,정상
2023-10,EQ0269,696.08,22.5,9.57,2,정상
2023-10,EQ0273,359.06,31.6,9.83,3,정상
2023-10,EQ0274,579.82,42.9,7.25,0,주의
2023-10,EQ0278,516.05,23.7,4.57,2,주의
2023-10,EQ0280,671.88,41.1,6.47,3,정상
2023-10,EQ0281,385.13,33.5,1.66,0,정상
2023-10,EQ0282,707.66,32.4,7.61,2,정상
2023-10,EQ0284,240.21,23.2,9.25,1,정상
2023-10,EQ0285,368.79,57.0,8.17,2,정상
2023-10,EQ0287,506.58,30.8,8.03,0,경고
2023-10,EQ0288,669.69,37.6,1.02,4,주의
2023-10,EQ0293,654.07,44.1,3.77,0,주의
2023-10,EQ0294,594.24,28.8,1.59,4,정상
2023-10,EQ0299,650.4,23.4,6.68,1,경고
2023-11,EQ0002,776.36,46.2,4.05,1,정상
2023-11,EQ0007,420.08,39.2,6.47,4,정상
2023-11,EQ0008,206.64,46.7,3.99,1,정상
2023-11,EQ0010,645.55,58.2,5.56,0,주의
2023-11,EQ0013,743.51,47.1,9.49,0,경고
2023-11,EQ0017,661.33,38.0,5.2,2,정상
2023-11,EQ0018,431.68,39.2,5.61,2,경고
2023-11,EQ0020,412.67,38.9,5.97,1,정상
2023-11,EQ0021,568.53,47.2,1.76,2,정상
2023-11,EQ0024,607.64,46.5,9.19,2,정상
2023-11,EQ0027,613.3,40.7,7.64,1,경고
2023-11,EQ0028,631.76,39.9,8.97,2,정상
2023-11,EQ0029,769.44,36.0,4.03,3,정상
2023-11,EQ0030,576.58,52.3,8.53,0,경고
2023-11,EQ0034,594.29,29.6,2.43,4,주의
2023-11,EQ0036,266.14,21.1,6.44,2,정상
2023-11,EQ0037,709.65,23.3,4.46,0,정상
2023-11,EQ0039,365.87,27.5,4.12,1,주의
2023-11,EQ0040,327.55,41.8,5.4,0,주의
2023-11,EQ0041,756.71,56.5,3.18,2,주의
2023-11,EQ0043,499.97,49.1,3.42,0,정상
2023-11,EQ0045,202.43,56.5,2.37,3,정상
2023-11,EQ0046,403.17,44.2,8.9,0,경고
2023-11,EQ0047,642.71,21.4,7.58,3,정상
2023-11,EQ0051,691.48,32.4,2.97,3,정상
2023-11,EQ0054,378.22,56.9,6.59,3,정상
2023-11,EQ0055,206.06,44.6,8.68,1,정상
2023-11,EQ0057,667.02,28.0,8.78,2,주의
2023-11,EQ0058,236.97,24.5,6.85,1,정상
2023-11,EQ0060,450.34,49.2,2.94,3,주의
2023-11,EQ0061,673.97,24.3,5.29,1,정상
2023-11,EQ0063,745.48,44.2,7.33,1,정상
2023-11,EQ0064,403.25,31.1,4.88,1,정상
2023-11,EQ0065,218.58,53.5,7.28,1,주의
2023-11,EQ0069,247.72,20.8,1.4,1,주의
2023-11,EQ0070,463.94,56.1,9.83,4,정상
2023-11,EQ0071,666.86,25.7,4.84,3,정상
2023-11,EQ0072,643.78,22.4,3.5,4,주의
2023-11,EQ0073,797.18,46.7,1.66,3,주의
2023-11,EQ0079,355.6,35.1,8.58,0,경고
2023-11,EQ0080,717.72,44.3,3.13,1,정상
2023-11,EQ0081,291.39,26.6,4.18,3,정상
2023-11,EQ0085,619.65,50.3,5.24,1,경고
2023-11,EQ0087,242.8,31.7,9.34,0,정상
2023-11,EQ0089,309.61,56.9,9.0,2,정상
2023-11,EQ0090,445.25,29.5,3.32,4,정상
2023-11,EQ0091,581.02,34.0,1.05,4,정상
2023-11,EQ0093,631.85,43.1,5.75,2,정상
2023-11,EQ0096,664.88,51.9,7.84,2,정상
2023-11,EQ0097,335.82,50.2,9.3,1,경고
2023-11,EQ0098,598.0,35.1,9.87,3,정상
2023-11,EQ0099,439.48,25.3,5.19,3,주의
2023-11,EQ0102,426.49,31.0,9.27,1,주의
2023-11,EQ0103,287.68,31.9,4.47,1,정상
2023-11,EQ0106,448.4,33.4,2.56,3,주의
2023-11,EQ0113,360.98,57.7,5.86,1,정상
2023-11,EQ0114,797.47,31.0,3.49,1,정상
2023-11,EQ0117,465.03,20.5,1.5,4,정상
2023-11,EQ0119,784.69,53.0,4.96,4,정상
2023-11,EQ0120,222.9,45.4,5.24,0,정상
2023-11,EQ0121,698.19,46.9,3.91,3,정상
2023-11,EQ0122,758.49,48.7,3.51,4,주의
2023-11,EQ0123,456.4,52.9,1.27,1,정상
2023-11,EQ0125,782.83,50.9,5.36,4,정상
2023-11,EQ0128,716.87,54.6,4.66,3,주의
2023-11,EQ0129,700.51,34.0,8.48,4,정상
2023-11,EQ0131,492.47,50.6,6.79,1,주의
2023-11,EQ0133,231.92,20.5,2.73,3,정상
2023-11,EQ0135,445.83,42.9,2.82,4,정상
2023-11,EQ0136,701.84,35.1,7.56,1,경고
2023-11,EQ0137,382.96,55.9,9.72,1,정상
2023-11,EQ0139,691.42,46.5,1.91,2,정상
2023-11,EQ0141,722.48,43.5,4.79,4,주의
2023-11,EQ0143,573.11,58.1,9.76,1,정상
2023-11,EQ0144,575.36,35.2,8.2,4,정상
2023-11,EQ0145,476.1,35.0,8.46,2,정상
2023-11,EQ0146,428.22,38.6,4.22,4,주의
2023-11,EQ0147,230.74,54.4,5.77,2,주의
2023-11,EQ0153,231.72,45.0,2.71,2,정상
2023-11,EQ0154,656.57,31.9,5.93,4,경고
2023-11,EQ0164,521.0,46.1,3.53,3,정상
2023-11,EQ0165,241.91,53.3,2.12,3,정상
2023-11,EQ0166,310.85,21.2,2.46,1,경고
2023-11,EQ0167,327.2,53.1,4.18,2,정상
2023-11,EQ0168,300.97,29.9,3.42,4,경고
2023-11,EQ0173,734.28,44.4,9.62,0,정상
2023-11,EQ0175,420.1,43.9,4.58,2,정상
2023-11,EQ0176,288.63,25.1,7.23,2,정상
2023-11,EQ0177,214.14,54.8,4.15,2,정상
2023-11,EQ0178,407.97,39.2,4.13,1,정상
2023-11,EQ0181,455.07,54.0,1.67,1,정상
2023-11,EQ0182,256.3,44.8,8.54,4,정상
2023-11,EQ0184,312.74,40.3,1.27,4,주의
2023-11,EQ0186,323.4,34.0,5.66,2,정상
2023-11,EQ0188,499.13,40.2,5.24,0,정상
2023-11,EQ0190,518.46,40.1,2.62,0,정상
2023-11,EQ0191,335.84,36.3,2.69,2,정상
2023-11,EQ0192,786.77,59.5,5.58,0,정상
2023-11,EQ0196,310.01,42.5,6.89,0,정상
2023-11,EQ0198,474.58,23.3,4.54,4,정상
2023-11,EQ0199,451.58,42.6,7.16,2,정상
2023-11,EQ0200,579.09,46.0,2.86,4,정상
2023-11,EQ0202,509.22,41.4,1.47,4,정상
2023-11,EQ0204,577.73,34.1,4.83,0,정상
2023-11,EQ0206,378.92,25.3,3.7,2,정상
2023-11,EQ0209,333.6,52.2,1.62,4,주의
2023-11,EQ0210,535.69,38.3,3.7,3,주의
2023-11,EQ0211,712.79,52.3,4.95,3,정상
2023-11,EQ0216,320.09,32.3,3.92,0,주의
2023-11,EQ0217,385.92,50.2,1.47,3,주의
2023-11,EQ0219,448.14,41.4,9.64,4,정상
2023-11,EQ0220,792.38,44.6,4.96,4,주의
2023-11,EQ0221,563.42,39.1,3.86,4,정상
2023-11,EQ0230,663.2,22.1,8.19,1,정상
2023-11,EQ0231,492.15,24.3,9.18,0,정상
2023-11,EQ0236,302.0,20.6,2.93,1,정상
2023-11,EQ0239,364.19,43.8,3.45,4,주의
2023-11,EQ0240,251.74,34.2,2.27,3,정상
2023-11,EQ0243,475.01,25.7,9.29,0,주의
2023-11,EQ0246,571.36,42.4,9.15,0,주의
2023-11,EQ0248,627.78,20.2,9.01,3,정상
2023-11,EQ0251,655.7,36.6,9.48,1,정상
2023-11,EQ0253,432.92,54.6,8.0,0,정상
2023-11,EQ0257,785.51,42.3,9.0,0,정상
2023-11,EQ0258,236.13,38.1,1.47,2,정상
2023-11,EQ0259,364.68,56.1,8.57,4,정상
2023-11,EQ0260,650.25,50.0,5.71,3,정상
2023-11,EQ0261,393.0,49.0,4.37,1,정상
2023-11,EQ0265,717.34,39.4,5.07,0,정상
2023-11,EQ0266,751.72,42.8,3.06,3,정상
2023-11,EQ0270,660.63,43.4,4.93,0,주의
2023-11,EQ0271,289.76,59.9,5.78,3,정상
2023-11,EQ0272,313.14,23.6,1.87,4,주의
2023-11,EQ0276,352.47,26.2,7.73,4,정상
2023-11,EQ0277,411.52,40.2,4.35,4,정상
2023-11,EQ0278,702.62,40.5,5.2,3,정상
2023-11,EQ0279,266.97,49.7,2.18,2,주의
2023-11,EQ0282,286.17,48.9,7.27,1,경고
2023-11,EQ0284,389.38,53.0,4.59,0,정상
2023-11,EQ0285,398.82,25.1,9.29,1,정상
2023-11,EQ0286,391.62,33.2,2.35,1,정상
2023-11,EQ0287,683.71,51.3,2.44,2,정상
2023-11,EQ0288,450.99,59.4,6.88,2,정상
2023-11,EQ0289,708.31,37.9,2.19,4,주의
2023-11,EQ0291,344.84,25.7,6.66,2,정상
2023-11,EQ0294,320.6,37.9,7.34,4,정상
2023-11,EQ0295,685.73,25.9,8.94,1,정상
2023-11,EQ0298,575.51,36.5,9.28,0,정상
2023-11,EQ0299,616.81,54.9,7.02,0,정상
2023-11,EQ0300,676.03,32.2,3.61,4,정상
2023-12,EQ0004,436.65,53.1,8.67,3,정상
2023-12,EQ0006,496.46,41.0,7.3,2,정상
2023-12,EQ0010,647.12,43.3,4.43,3,정상
2023-12,EQ0011,533.58,25.5,4.5,4,정상
2023-12,EQ0012,645.17,22.1,2.99,3,정상
2023-12,EQ0014,271.85,41.7,3.83,0,경고
2023-12,EQ0015,769.72,51.4,4.2,1,정상
2023-12,EQ0016,706.12,58.4,1.16,3,주의
2023-12,EQ0018,764.0,44.6,4.55,1,정상
2023-12,EQ0019,721.96,56.4,3.78,3,정상
2023-12,EQ0022,603.94,46.1,9.55,2,주의
2023-12,EQ0025,269.32,53.5,1.64,4,정상
2023-12,EQ0028,408.0,23.7,7.93,0,정상
2023-12,EQ0029,556.88,53.0,7.72,0,정상
2023-12,EQ0031,471.08,30.9,6.76,4,경고
2023-12,EQ0032,352.19,30.4,7.64,2,정상
2023-12,EQ0033,266.7,43.8,9.59,3,정상
2023-12,EQ0038,377.06,58.6,5.26,4,주의
2023-12,EQ0039,510.8,50.3,5.67,3,정상
2023-12,EQ0041,365.89,23.6,4.26,4,정상
2023-12,EQ0047,384.89,52.8,1.51,0,정상
2023-12,EQ0049,497.73,54.5,5.1,4,정상
2023-12,EQ0050,528.72,37.9,3.93,4,정상
2023-12,EQ0052,696.54,22.7,3.61,2,정상
2023-12,EQ0053,667.07,36.5,3.87,4,정상
2023-12,EQ0055,363.15,32.3,6.6,3,정상
2023-12,EQ0057,275.85,47.1,5.4,3,주의
2023-12,EQ0058,782.77,53.5,2.02,3,정상
2023-12,EQ0059,501.09,44.3,7.06,1,정상
2023-12,EQ0060,427.45,41.8,1.73,3,정상
2023-12,EQ0061,467.74,33.7,8.75,3,정상
2023-12,EQ0062,330.33,41.7,8.05,0,정상
2023-12,EQ0064,523.98,58.5,2.82,0,정상
2023-12,EQ0066,441.28,34.2,6.8,2,정상
2023-12,EQ0068,229.86,25.6,4.94,4,주의
2023-12,EQ0070,431.12,25.6,1.58,0,정상
2023-12,EQ0074,289.18,52.7,4.02,0,정상
2023-12,EQ0075,266.0,20.2,3.94,0,정상
2023-12,EQ0084,443.96,56.2,7.77,2,정상
2023-12,EQ0085,363.82,36.5,8.16,4,경고
2023-12,EQ0088,752.06,49.9,8.58,3,정상
2023-12,EQ0089,389.39,49.1,7.62,4,정상
2023-12,EQ0090,788.73,59.2,7.41,1,주의
2023-12,EQ0092,649.11,34.1,7.75,3,정상
2023-12,EQ0093,448.58,38.5,2.05,4,주의
2023-12,EQ0095,333.09,41.3,3.6,0,경고
2023-12,EQ0097,755.91,53.8,3.79,4,정상
2023-12,EQ0099,765.02,43.7,5.43,0,정상
2023-12,EQ0101,353.06,50.4,9.34,1,정상
2023-12,EQ0104,610.02,54.1,4.46,0,정상
2023-12,EQ0106,292.29,46.8,3.93,2,정상
2023-12,EQ0108,246.76,45.4,4.25,0,정상
2023-12,EQ0110,483.55,38.1,5.78,2,정상
2023-12,EQ0116,460.64,52.7,3.66,2,정상
2023-12,EQ0121,414.99,58.3,7.96,1,정상
2023-12,EQ0122,257.47,53.9,6.84,0,정상
2023-12,EQ0124,754.51,23.0,5.96,0,정상
2023-12,EQ0125,797.56,34.9,1.85,1,정상
2023-12,EQ0128,616.02,21.8,5.17,3,경고
2023-12,EQ0132,792.09,53.0,5.98,0,정상
2023-12,EQ0133,571.49,24.4,1.76,3,주의
2023-12,EQ0135,591.13,54.0,7.52,4,경고
2023-12,EQ0136,675.17,35.8,7.2,1,정상
2023-12,EQ0137,357.26,21.1,9.66,1,정상
2023-12,EQ0138,512.26,23.8,3.31,3,정상
2023-12,EQ0139,772.39,58.8,8.63,4,정상
2023-12,EQ0140,426.13,53.6,3.45,4,주의
2023-12,EQ0141,734.79,45.1,3.97,3,주의
2023-12,EQ0143,482.87,34.6,5.27,3,경고
2023-12,EQ0146,723.42,22.8,1.75,4,경고
2023-12,EQ0150,386.2,59.7,6.68,1,주의
2023-12,EQ0151,226.4,40.9,6.18,0,정상
2023-12,EQ0153,710.16,47.9,4.44,2,정상
2023-12,EQ0155,730.85,23.4,6.38,0,정상
2023-12,EQ0158,644.62,50.4,4.77,2,정상
2023-12,EQ0160,270.5,53.5,8.09,3,주의
2023-12,EQ0161,215.7,54.4,5.02,3,정상
2023-12,EQ0162,597.11,54.5,3.91,2,정상
2023-12,EQ0164,412.72,57.3,7.53,3,주의
2023-12,EQ0165,792.73,38.1,6.66,2,정상
2023-12,EQ0166,392.86,50.7,5.51,1,주의
2023-12,EQ0168,330.1,20.6,7.44,0,정상
2023-12,EQ0169,346.85,24.3,9.37,4,정상
2023-12,EQ0172,441.45,55.4,9.97,3,정상
2023-12,EQ0173,625.38,50.2,2.85,3,정상
2023-12,EQ0174,792.47,43.4,2.4,3,정상
2023-12,EQ0178,348.19,55.7,2.92,0,경고
2023-12,EQ0179,623.87,58.4,8.38,1,주의
2023-12,EQ0180,327.45,39.3,4.6,2,정상
2023-12,EQ0182,222.58,32.7,5.25,1,정상
2023-12,EQ0183,683.72,57.1,9.7,3,경고
2023-12,EQ0185,267.25,47.2,5.99,0,정상
2023-12,EQ0186,293.53,32.7,7.42,4,정상
2023-12,EQ0189,221.76,47.8,6.45,2,정상
2023-12,EQ0190,269.64,59.5,5.41,1,주의
2023-12,EQ0191,497.52,36.9,1.43,4,정상
2023-12,EQ0192,570.81,35.7,9.43,3,주의
2023-12,EQ0193,773.96,57.0,4.96,0,정상
2023-12,EQ0194,258.62,39.1,1.67,4,주의
2023-12,EQ0198,704.42,45.6,1.09,2,정상
2023-12,EQ0199,770.59,23.4,4.9,1,주의
2023-12,EQ0201,675.96,41.4,1.82,4,정상
2023-12,EQ0202,269.33,56.5,3.2,3,주의
2023-12,EQ0203,682.19,23.7,8.87,1,정상
2023-12,EQ0205,298.04,50.0,6.22,3,경고
2023-12,EQ0206,473.09,22.5,1.25,4,정상
2023-12,EQ0207,231.76,57.8,9.99,3,정상
2023-12,EQ0209,744.07,31.9,6.95,3,정상
2023-12,EQ0210,593.55,58.4,1.23,2,경고
2023-12,EQ0211,758.51,59.6,4.81,4,정상
2023-12,EQ0212,637.37,36.7,7.73,3,주의
2023-12,EQ0213,319.69,30.3,3.86,4,정상
2023-12,EQ0218,616.1,40.4,4.0,1,정상
2023-12,EQ0222,294.27,53.2,9.17,1,정상
2023-12,EQ0224,557.97,36.1,2.35,2,정상
2023-12,EQ0225,416.37,29.8,9.48,1,정상
2023-12,EQ0226,784.44,21.8,4.43,1,정상
2023-12,EQ0229,609.97,33.6,8.87,1,정상
2023-12,EQ0233,533.81,39.9,9.51,1,주의
2023-12,EQ0235,364.9,27.0,2.43,1,정상
2023-12,EQ0236,441.11,48.2,4.39,0,정상
2023-12,EQ0239,599.57,27.9,3.15,2,정상
2023-12,EQ0247,427.5,45.8,6.73,1,경고
2023-12,EQ0252,592.94,29.6,6.68,4,정상
2023-12,EQ0253,645.56,54.4,1.92,0,정상
2023-12,EQ0254,241.1,32.9,5.13,4,정상
2023-12,EQ0255,728.39,56.3,6.95,3,정상
2023-12,EQ0256,632.24,21.9,6.12,2,정상
2023-12,EQ0260,730.73,43.6,4.92,4,정상
2023-12,EQ0265,595.99,40.5,8.79,1,정상
2023-12,EQ0266,754.47,50.6,8.52,2,정상
2023-12,EQ0267,622.86,47.2,7.68,0,정상
2023-12,EQ0269,730.79,22.7,1.28,0,주의
2023-12,EQ0270,281.37,33.6,3.48,0,정상
2023-12,EQ0272,436.13,45.5,7.58,0,정상
2023-12,EQ0275,507.63,40.6,4.37,4,경고
2023-12,EQ0276,632.14,21.5,7.89,2,정상
2023-12,EQ0278,710.16,59.3,7.01,2,정상
2023-12,EQ0280,781.9,29.6,5.03,1,정상
2023-12,EQ0281,740.14,28.2,1.09,2,주의
2023-12,EQ0283,338.17,41.4,4.11,0,정상
2023-12,EQ0285,389.28,44.7,5.81,2,경고
2023-12,EQ0287,569.62,26.7,8.54,2,정상
2023-12,EQ0288,325.16,37.5,7.21,0,주의
2023-12,EQ0289,366.92,46.2,7.26,2,정상
2023-12,EQ0290,553.29,39.1,2.07,2,정상
2023-12,EQ0292,376.76,39.5,1.62,0,정상
2023-12,EQ0293,285.22,43.6,5.13,3,정상
2023-12,EQ0299,587.45,30.6,9.49,2,주의
2023-12,EQ0300,400.86,47.6,3.52,1,경고
2024-01,EQ0003,329.61,56.5,5.02,0,정상
2024-01,EQ0004,380.04,30.0,4.13,4,정상
2024-01,EQ0006,560.21,29.3,7.94,1,주의
2024-01,EQ0007,654.6,55.0,4.67,2,정상
2024-01,EQ0008,561.69,27.4,7.33,3,주의
2024-01,EQ0011,661.13,51.2,4.12,2,주의
2024-01,EQ0012,314.03,34.0,3.35,4,정상
2024-01,EQ0014,332.05,35.3,6.5,4,주의
2024-01,EQ0015,703.06,59.7,8.23,0,주의
2024-01,EQ0016,737.76,53.5,8.57,1,정상
2024-01,EQ0017,662.61,53.4,6.93,1,정상
2024-01,EQ0018,347.7,50.2,6.76,0,정상
2024-01,EQ0020,739.26,58.0,1.96,2,정상
2024-01,EQ0021,597.26,47.7,6.81,3,정상
2024-01,EQ0024,202.65,26.2,1.05,3,정상
2024-01,EQ0032,473.22,25.3,6.24,0,정상
2024-01,EQ0035,734.5,33.6,3.48,2,정상
2024-01,EQ0037,570.56,47.8,2.93,2,정상
2024-01,EQ0038,488.91,25.1,5.55,4,정상
2024-01,EQ0039,231.9,23.4,9.92,1,주의
2024-01,EQ0042,481.46,42.9,1.07,3,정상
2024-01,EQ0043,303.9,45.3,5.05,3,정상
2024-01,EQ0044,282.76,55.1,9.29,4,정상
2024-01,EQ0046,516.05,53.0,2.9,4,주의
2024-01,EQ0047,310.86,36.4,6.76,0,정상
2024-01,EQ0051,466.03,20.8,1.67,2,정상
2024-01,EQ0052,664.2,50.4,9.67,3,정상
2024-01,EQ0057,367.81,57.6,7.83,1,주의
2024-01,EQ0058,746.29,56.0,3.64,1,정상
2024-01,EQ0063,781.24,33.9,1.66,4,주의
2024-01,EQ0066,753.26,34.0,7.9,3,정상
2024-01,EQ0069,736.35,57.1,5.01,2,정상
2024-01,EQ0070,241.26,21.3,5.33,0,정상
2024-01,EQ0071,260.57,38.4,9.32,2,주의
2024-01,EQ0074,217.64,30.6,7.56,3,정상
2024-01,EQ0077,472.01,32.2,3.72,3,정상
2024-01,EQ0078,455.6,34.9,2.65,0,정상
2024-01,EQ0079,772.65,31.9,4.35,4,주의
2024-01,EQ0080,534.24,57.8,2.64,2,정상
2024-01,EQ0081,332.81,55.2,3.64,4,정상
2024-01,EQ0083,304.33,23.8,1.77,2,정상
2024-01,EQ0084,660.08,27.5,1.86,3,경고
2024-01,EQ0085,650.86,38.3,4.65,2,정상
2024-01,EQ0086,523.13,29.4,9.77,0,주의
2024-01,EQ0087,425.38,40.6,8.17,0,정상
2024-01,EQ0092,437.37,22.9,9.48,1,정상
2024-01,EQ0093,585.63,28.7,9.8,3,정상
2024-01,EQ0094,467.75,25.1,1.79,0,경고
2024-01,EQ0095,525.36,35.4,4.01,3,정상
2024-01,EQ0098,735.15,58.7,5.13,3,정상
2024-01,EQ0099,795.0,58.6,2.14,0,정상
2024-01,EQ0101,214.77,30.5,1.96,2,주의
2024-01,EQ0102,431.62,20.3,7.49,3,정상
2024-01,EQ0105,229.68,29.6,1.92,4,정상
2024-01,EQ0106,696.37,41.9,8.54,1,주의
2024-01,EQ0108,425.33,57.8,1.18,0,주의
2024-01,EQ0110,630.14,24.1,1.45,4,정상
2024-01,EQ0112,661.28,27.5,9.28,0,정상
2024-01,EQ0116,633.41,23.1,6.54,2,정상
2024-01,EQ0117,270.4,30.0,9.37,1,정상
2024-01,EQ0118,725.54,57.3,4.6,2,정상
2024-01,EQ0119,625.78,31.6,4.51,0,주의
2024-01,EQ0121,608.61,35.4,4.23,3,경고
2024-01,EQ0122,388.11,41.0,8.04,0,정상
2024-01,EQ0123,337.47,51.5,8.24,4,정상
2024-01,EQ0124,740.12,59.2,9.74,3,정상
2024-01,EQ0125,224.64,20.5,6.56,4,정상
2024-01,EQ0126,574.3,51.5,9.97,1,주의
2024-01,EQ0133,654.66,41.6,9.61,1,주의
2024-01,EQ0134,639.83,50.4,3.61,4,주의
2024-01,EQ0135,495.06,57.9,6.62,4,정상
2024-01,EQ0136,331.5,51.9,5.68,1,정상
2024-01,EQ0137,472.0,26.8,3.0,0,정상
2024-01,EQ0140,575.05,51.4,9.93,0,주의
2024-01,EQ0143,495.51,33.2,4.67,1,정상
2024-01,EQ0144,287.63,35.8,7.5,2,정상
2024-01,EQ0145,763.7,52.1,9.82,0,주의
2024-01,EQ0150,575.63,24.5,9.32,1,주의
2024-01,EQ0151,733.72,52.4,6.07,4,정상
2024-01,EQ0152,417.73,30.4,6.57,3,정상
2024-01,EQ0153,367.06,59.2,9.86,4,정상
2024-01,EQ0154,702.57,51.0,7.54,3,정상
2024-01,EQ0162,497.81,52.4,5.33,1,주의
2024-01,EQ0164,628.26,26.6,7.66,4,주의
2024-01,EQ0169,354.97,51.5,7.58,0,정상
2024-01,EQ0171,522.37,42.9,9.95,2,정상
2024-01,EQ0173,713.71,24.1,8.02,2,정상
2024-01,EQ0174,320.02,51.3,5.28,1,주의
2024-01,EQ0176,451.93,27.6,7.83,0,정상
2024-01,EQ0177,616.79,37.5,9.26,4,정상
2024-01,EQ0178,224.48,51.1,3.97,4,정상
2024-01,EQ0179,684.55,42.0,9.06,3,정상
2024-01,EQ0182,355.68,34.7,1.29,4,정상
2024-01,EQ0185,758.18,26.6,3.05,4,정상
2024-01,EQ0187,456.58,57.2,3.44,2,정상
2024-01,EQ0188,712.53,48.6,8.44,2,정상
2024-01,EQ0190,716.11,41.6,9.1,4,주의
2024-01,EQ0191,534.29,27.6,1.5,0,경고
2024-01,EQ0192,293.7,26.9,2.25,4,정상
2024-01,EQ0193,571.09,28.1,6.03,2,정상
2024-01,EQ0194,254.37,43.7,8.8,4,정상
2024-01,EQ0196,794.9,29.5,4.34,0,정상
2024-01,EQ0197,333.68,53.2,7.12,3,주의
2024-01,EQ0198,509.9,26.0,6.1,2,정상
2024-01,EQ0199,506.95,49.2,2.89,2,주의
2024-01,EQ0205,687.09,33.9,3.81,3,정상
2024-01,EQ0206,775.01,33.6,6.67,4,정상
2024-01,EQ0208,774.24,44.0,6.67,0,정상
2024-01,EQ0209,202.0,53.8,8.52,4,주의
2024-01,EQ0210,664.76,56.9,8.72,2,정상
2024-01,EQ0211,392.62,24.0,7.97,3,주의
2024-01,EQ0213,275.78,53.8,7.97,0,정상
2024-01,EQ0218,554.37,35.4,8.11,4,정상
2024-01,EQ0219,464.65,38.6,2.58,1,주의
2024-01,EQ0220,474.81,24.2,6.37,1,정상
2024-01,EQ0232,490.88,36.2,6.35,0,정상
2024-01,EQ0234,336.92,47.0,2.78,1,정상
2024-01,EQ0235,727.05,37.8,1.23,4,정상
2024-01,EQ0236,607.8,56.6,2.29,1,경고
2024-01,EQ0237,331.12,29.2,5.33,4,정상
2024-01,EQ0238,312.09,41.1,7.36,0,정상
2024-01,EQ0239,755.55,30.8,6.85,2,경고
2024-01,EQ0240,714.83,41.8,9.53,4,정상
2024-01,EQ0251,395.44,38.1,1.23,0,정상
2024-01,EQ0252,727.76,39.7,4.16,2,정상
2024-01,EQ0253,732.96,39.3,3.84,0,주의
2024-01,EQ0254,630.56,28.5,5.89,4,경고
2024-01,EQ0256,485.3,45.4,2.06,2,경고
2024-01,EQ0258,473.27,58.2,5.81,3,주의
2024-01,EQ0259,647.7,32.9,8.8,2,정상
2024-01,EQ0260,775.76,29.0,6.21,4,정상
2024-01,EQ0263,485.62,47.0,9.07,1,경고
2024-01,EQ0268,485.93,32.4,3.79,4,정상
2024-01,EQ0269,588.22,49.0,7.63,4,정상
2024-01,EQ0271,523.17,51.7,1.17,2,정상
2024-01,EQ0273,524.21,22.3,7.24,0,정상
2024-01,EQ0274,271.12,38.9,3.13,2,정상
2024-01,EQ0275,727.95,48.1,3.64,3,주의
2024-01,EQ0276,391.67,34.1,3.58,2,정상
2024-01,EQ0280,448.36,37.4,7.07,3,주의
2024-01,EQ0283,746.18,59.2,1.78,1,정상
2024-01,EQ0285,499.13,51.3,3.56,4,정상
2024-01,EQ0287,452.16,24.1,8.65,0,정상
2024-01,EQ0288,342.46,29.4,5.32,4,주의
2024-01,EQ0290,687.27,43.2,7.22,2,정상
2024-01,EQ0291,500.56,22.4,2.75,4,경고
2024-01,EQ0294,350.02,27.3,8.05,4,주의
2024-01,EQ0297,259.93,49.5,7.78,0,주의
2024-01,EQ0298,277.25,45.1,5.72,3,정상
2024-01,EQ0300,481.16,41.5,6.63,1,주의
2024-02,EQ0002,623.19,36.8,1.79,3,주의
2024-02,EQ0003,242.61,57.3,9.25,4,정상
2024-02,EQ0006,540.95,30.3,6.74,4,정상
2024-02,EQ0008,366.55,21.3,10.0,2,경고
2024-02,EQ0009,595.1,52.0,2.52,0,정상
2024-02,EQ0010,263.24,34.5,3.38,0,주의
2024-02,EQ0011,264.88,54.4,2.08,2,정상
2024-02,EQ0012,581.51,24.1,1.82,4,정상
2024-02,EQ0017,264.87,57.3,9.45,3,정상
2024-02,EQ0018,741.15,29.1,1.45,0,경고
2024-02,EQ0020,267.75,39.0,8.58,2,정상
2024-02,EQ0021,377.67,49.2,9.0,1,정상
2024-02,EQ0022,592.11,54.0,9.34,0,정상
2024-02,EQ0024,523.19,23.7,9.43,4,주의
2024-02,EQ0025,781.26,20.9,1.25,4,경고
2024-02,EQ0026,479.05,57.4,7.51,4,정상
2024-02,EQ0028,757.58,39.6,4.57,2,주의
2024-02,EQ0031,223.28,51.0,2.19,4,정상
2024-02,EQ0032,215.75,24.2,7.68,1,정상
2024-02,EQ0033,553.96,42.8,9.22,1,주의
2024-02,EQ0039,710.68,57.3,9.43,1,경고
2024-02,EQ0042,507.37,52.7,6.89,3,정상
2024-02,EQ0043,778.22,35.6,5.18,0,경고
2024-02,EQ0044,597.71,36.0,1.46,2,정상
2024-02,EQ0046,441.37,24.4,9.21,2,정상
2024-02,EQ0048,367.17,32.5,1.36,4,주의
2024-02,EQ0050,427.71,21.0,8.45,2,정상
2024-02,EQ0051,466.85,29.0,5.95,4,정상
2024-02,EQ0052,779.99,43.7,6.36,4,정상
2024-02,EQ0053,268.85,23.7,9.12,1,정상
2024-02,EQ0054,782.55,55.1,7.09,0,경고
2024-02,EQ0055,495.29,42.6,3.74,4,정상
2024-02,EQ0059,216.5,20.1,3.91,2,주의
2024-02,EQ0060,237.2,21.9,4.19,4,정상
2024-02,EQ0062,486.29,52.3,7.15,2,정상
2024-02,EQ0063,703.2,38.6,8.44,2,정상
2024-02,EQ0069,771.41,53.0,7.64,1,정상
2024-02,EQ0070,780.58,50.7,9.47,1,정상
2024-02,EQ0071,237.6,50.8,1.75,2,경고
2024-02,EQ0075,710.07,37.1,6.51,4,정상
2024-02,EQ0077,651.56,59.3,1.48,0,주의
2024-02,EQ0079,281.78,25.0,9.42,1,정상
2024-02,EQ0082,488.83,44.0,3.74,2,정상
2024-02,EQ0084,392.05,53.3,3.15,3,주의
2024-02,EQ0089,645.94,43.7,9.08,4,정상
2024-02,EQ0092,723.83,54.6,8.92,2,정상
2024-02,EQ0093,663.28,20.4,9.32,3,정상
2024-02,EQ0098,253.85,25.3,8.28,3,정상
2024-02,EQ0099,752.61,41.3,4.89,3,정상
2024-02,EQ0101,416.54,59.3,1.42,0,정상
2024-02,EQ0102,670.6,59.7,2.52,3,주의
2024-02,EQ0103,479.63,32.4,8.9,1,정상
2024-02,EQ0104,790.01,46.8,5.64,2,정상
2024-02,EQ0105,257.53,31.3,4.13,0,정상
2024-02,EQ0107,440.49,26.5,1.62,3,정상
2024-02,EQ0109,509.07,52.8,5.06,0,정상
2024-02,EQ0112,542.39,27.1,3.23,3,정상
2024-02,EQ0113,788.0,27.7,7.93,2,정상
2024-02,EQ0114,446.73,32.9,6.4,1,정상
2024-02,EQ0116,347.57,50.2,8.61,2,정상
2024-02,EQ0117,356.57,58.5,9.65,1,경고
2024-02,EQ0119,736.75,42.3,3.97,1,정상
2024-02,EQ0123,335.63,28.1,6.3,3,정상
2024-02,EQ0126,706.08,32.1,2.88,4,정상
2024-02,EQ0127,739.26,56.0,3.35,3,정상
2024-02,EQ0128,417.41,44.6,1.14,4,정상
2024-02,EQ0131,670.92,30.9,8.09,1,정상
2024-02,EQ0134,524.89,51.3,1.55,4,정상
2024-02,EQ0135,267.83,20.7,2.3,4,정상
2024-02,EQ0137,211.82,25.0,8.56,0,주의
2024-02,EQ0138,506.1,42.6,1.2,0,정상
2024-02,EQ0141,764.64,44.4,2.12,1,정상
2024-02,EQ0143,348.46,32.9,4.65,0,정상
2024-02,EQ0144,433.46,42.2,9.78,1,정상
2024-02,EQ0149,384.76,26.6,7.7,2,경고
2024-02,EQ0150,539.92,27.6,8.45,4,정상
2024-02,EQ0151,346.85,24.2,5.2,2,정상
2024-02,EQ0154,324.84,57.5,2.3,1,정상
2024-02,EQ0157,415.84,21.1,2.52,3,주의
2024-02,EQ0158,448.14,56.0,1.67,3,정상
2024-02,EQ0160,252.51,35.1,5.52,3,경고
2024-02,EQ0161,234.48,22.4,5.99,2,정상
2024-02,EQ0165,263.92,30.9,8.04,4,주의
2024-02,EQ0170,758.09,33.3,8.81,4,경고
2024-02,EQ0174,263.07,39.1,7.98,0,주의
2024-02,EQ0181,531.74,45.3,6.88,4,정상
2024-02,EQ0187,349.73,47.8,9.78,0,정상
2024-02,EQ0188,517.68,29.5,6.55,2,정상
2024-02,EQ0189,219.77,55.8,2.6,3,정상
2024-02,EQ0190,724.06,57.2,6.7,0,정상
2024-02,EQ0191,269.51,52.5,9.51,4,경고
2024-02,EQ0193,434.05,23.4,3.6,0,정상
2024-02,EQ0196,350.7,46.3,9.51,2,정상
2024-02,EQ0199,333.94,41.3,5.73,1,경고
2024-02,EQ0200,347.2,22.4,7.49,3,주의
2024-02,EQ0201,272.6,20.7,8.01,0,정상
2024-02,EQ0202,575.62,43.4,6.87,1,주의
2024-02,EQ0203,592.21,23.8,6.19,4,정상
2024-02,EQ0205,558.14,53.0,2.63,1,정상
2024-02,EQ0207,521.1,21.9,6.58,1,주의
2024-02,EQ0208,505.06,26.0,7.04,0,정상
2024-02,EQ0209,252.54,20.2,2.58,2,정상
2024-02,EQ0210,758.99,35.6,9.34,4,정상
2024-02,EQ0212,392.2,45.7,6.82,1,정상
2024-02,EQ0216,511.06,30.1,4.43,1,주의
2024-02,EQ0218,261.33,39.7,5.53,0,주의
2024-02,EQ0220,250.37,34.9,4.82,0,정상
2024-02,EQ0228,620.99,56.0,5.75,0,정상
2024-02,EQ0229,479.6,60.0,8.28,1,정상
2024-02,EQ0230,452.11,25.0,3.24,0,주의
2024-02,EQ0235,639.27,28.8,6.05,4,주의
2024-02,EQ0236,652.98,47.6,4.55,3,경고
2024-02,EQ0237,506.81,57.7,6.55,2,정상
2024-02,EQ0238,742.14,38.1,3.92,0,경고
2024-02,EQ0239,746.97,58.8,2.43,2,주의
2024-02,EQ0242,285.12,20.1,1.71,4,주의
2024-02,EQ0243,294.92,53.4,8.95,2,정상
2024-02,EQ0244,535.93,36.5,9.62,1,주의
2024-02,EQ0248,313.64,39.5,6.78,2,주의
2024-02,EQ0252,789.97,29.9,7.53,0,정상
2024-02,EQ0253,704.41,57.7,9.69,0,정상
2024-02,EQ0254,796.41,43.4,4.61,1,정상
2024-02,EQ0256,406.31,28.5,5.73,2,정상
2024-02,EQ0258,602.73,52.6,4.59,1,정상
2024-02,EQ0259,362.76,21.6,1.26,1,주의
2024-02,EQ0260,700.79,31.0,5.46,1,정상
2024-02,EQ0261,728.55,26.6,2.14,1,정상
2024-02,EQ0265,773.89,49.8,3.73,0,정상
2024-02,EQ0267,582.83,31.1,8.33,2,주의
2024-02,EQ0268,466.63,48.2,5.54,0,정상
2024-02,EQ0270,428.34,28.5,1.92,0,정상
2024-02,EQ0271,521.98,37.4,7.4,0,정상
2024-02,EQ0272,407.83,51.8,9.0,4,정상
2024-02,EQ0274,689.06,20.4,4.63,0,경고
2024-02,EQ0275,632.17,34.4,7.62,3,주의
2024-02,EQ0279,399.56,52.3,7.46,2,경고
2024-02,EQ0281,642.61,20.9,1.26,3,주의
2024-02,EQ0282,247.74,47.4,4.33,1,정상
2024-02,EQ0283,430.86,50.5,3.57,2,경고
2024-02,EQ0285,426.41,45.3,8.53,1,정상
2024-02,EQ0288,796.7,33.1,3.83,2,정상
2024-02,EQ0290,394.48,40.4,6.58,0,정상
2024-02,EQ0291,614.71,36.3,4.88,3,주의
2024-02,EQ0293,436.18,27.2,5.58,0,정상
2024-02,EQ0294,497.01,35.1,9.37,3,정상
2024-02,EQ0295,468.11,38.8,6.8,0,정상
2024-02,EQ0296,466.69,47.8,1.74,4,주의
2024-02,EQ0297,422.96,24.8,5.71,4,정상
2024-02,EQ0299,509.9,24.4,5.44,3,주의
2024-02,EQ0300,731.5,27.3,7.66,4,정상
2024-03,EQ0002,471.28,57.7,9.26,1,정상
2024-03,EQ0003,796.99,52.9,4.48,0,정상
2024-03,EQ0004,278.37,24.6,8.57,2,주의
2024-03,EQ0005,670.15,24.6,8.18,0,정상
2024-03,EQ0007,243.95,23.6,4.75,2,경고
2024-03,EQ0010,340.01,34.7,1.75,0,정상
2024-03,EQ0013,507.46,40.3,4.83,0,정상
2024-03,EQ0015,442.46,37.7,4.73,4,주의
2024-03,EQ0017,446.33,36.1,9.59,3,정상
2024-03,EQ0021,543.58,29.1,1.19,1,정상
2024-03,EQ0023,782.52,23.2,3.58,0,정상
2024-03,EQ0024,487.38,25.2,8.88,0,주의
2024-03,EQ0027,745.84,47.1,4.78,1,정상
2024-03,EQ0032,280.27,32.6,5.17,2,정상
2024-03,EQ0034,524.47,57.0,1.24,3,정상
2024-03,EQ0035,534.98,36.5,7.97,4,주의
2024-03,EQ0036,309.74,30.1,7.46,0,정상
2024-03,EQ0038,301.38,21.5,2.61,4,정상
2024-03,EQ0039,370.36,44.2,8.16,4,주의
2024-03,EQ0042,202.95,21.6,7.91,3,경고
2024-03,EQ0044,375.76,59.0,7.72,2,정상
2024-03,EQ0045,206.94,39.1,8.76,1,정상
2024-03,EQ0047,334.62,33.3,6.63,0,주의
2024-03,EQ0048,272.94,28.4,9.73,2,정상
2024-03,EQ0050,691.15,23.0,6.17,1,정상
2024-03,EQ0054,315.69,29.3,6.07,4,주의
2024-03,EQ0059,458.12,55.0,4.94,1,정상
2024-03,EQ0060,674.35,47.9,7.93,3,주의
2024-03,EQ0062,476.52,44.2,7.09,4,정상
2024-03,EQ0063,660.81,20.6,3.35,2,정상
2024-03,EQ0064,679.21,37.9,2.51,2,경고
2024-03,EQ0065,353.31,51.1,2.19,1,정상
2024-03,EQ0066,645.66,33.3,7.05,3,정상
2024-03,EQ0067,259.5,38.3,6.49,3,경고
2024-03,EQ0068,230.82,46.7,8.12,3,정상
2024-03,EQ0069,482.35,26.4,8.26,0,정상
2024-03,EQ0070,396.65,59.1,4.61,0,정상
2024-03,EQ0075,459.47,55.7,6.33,3,정상
2024-03,EQ0078,335.83,50.3,2.09,2,정상
2024-03,EQ0080,536.08,38.5,5.14,3,정상
2024-03,EQ0081,671.18,27.3,6.9,1,정상
2024-03,EQ0082,780.39,26.7,4.47,3,경고
2024-03,EQ0083,291.17,57.3,6.85,4,경고
2024-03,EQ0084,755.33,57.8,5.42,3,경고
2024-03,EQ0085,712.06,54.5,4.35,4,주의
2024-03,EQ0087,261.39,39.3,2.59,2,정상
2024-03,EQ0088,705.36,54.1,7.42,1,정상
2024-03,EQ0094,216.13,26.4,9.02,4,경고
2024-03,EQ0095,799.97,47.6,8.98,1,정상
2024-03,EQ0096,242.98,33.4,4.05,4,경고
2024-03,EQ0097,288.39,47.3,2.15,4,경고
2024-03,EQ0098,333.44,35.8,8.98,3,정상
2024-03,EQ0102,376.12,47.0,3.75,2,정상
2024-03,EQ0103,645.78,39.8,1.64,2,정상
2024-03,EQ0107,656.72,54.9,2.98,4,정상
2024-03,EQ0109,330.07,59.0,4.27,2,주의
2024-03,EQ0110,357.95,27.6,4.41,1,정상
2024-03,EQ0111,349.99,46.6,8.12,4,정상
2024-03,EQ0112,306.29,26.0,9.45,2,정상
2024-03,EQ0113,316.55,24.1,8.54,0,정상
2024-03,EQ0114,289.61,25.4,2.1,0,정상
2024-03,EQ0116,319.48,59.1,8.82,3,정상
2024-03,EQ0125,260.97,50.5,1.89,0,정상
2024-03,EQ0126,465.64,50.3,2.13,1,주의
2024-03,EQ0127,682.91,45.7,1.37,1,정상
2024-03,EQ0128,350.35,49.2,3.87,0,주의
2024-03,EQ0132,607.36,54.0,5.43,2,정상
2024-03,EQ0133,480.73,50.5,9.98,3,정상
2024-03,EQ0138,538.01,47.1,3.04,2,정상
2024-03,EQ0139,524.74,52.6,2.82,3,주의
2024-03,EQ0142,655.87,20.1,5.13,1,경고
2024-03,EQ0143,658.23,54.1,5.94,1,경고
2024-03,EQ0144,432.91,48.3,2.26,3,정상
2024-03,EQ0145,720.63,22.1,9.42,0,정상
2024-03,EQ0147,378.61,45.9,2.79,1,주의
2024-03,EQ0150,301.74,22.4,8.64,0,정상
2024-03,EQ0155,681.07,31.0,1.43,1,정상
2024-03,EQ0156,641.32,55.5,7.93,0,정상
2024-03,EQ0158,207.05,24.9,1.39,3,정상
2024-03,EQ0159,326.77,25.9,1.16,4,주의
2024-03,EQ0160,605.92,50.0,4.41,4,정상
2024-03,EQ0161,454.23,32.1,3.89,1,정상
2024-03,EQ0162,521.22,22.4,4.81,4,정상
2024-03,EQ0163,318.7,29.6,1.59,4,정상
2024-03,EQ0164,520.51,58.3,5.38,0,정상
2024-03,EQ0165,513.87,51.8,4.64,0,정상
2024-03,EQ0169,594.04,52.9,4.44,2,정상
2024-03,EQ0170,563.48,38.3,4.41,2,정상
2024-03,EQ0171,795.8,55.7,5.95,2,정상
2024-03,EQ0172,494.39,52.7,3.7,2,정상
2024-03,EQ0173,309.9,53.7,8.72,4,정상
2024-03,EQ0174,227.18,24.6,4.22,0,정상
2024-03,EQ0177,450.65,45.8,9.27,2,주의
2024-03,EQ0179,272.34,21.1,1.99,2,정상
2024-03,EQ0180,659.87,52.1,8.78,0,정상
2024-03,EQ0181,759.57,51.7,8.07,1,정상
2024-03,EQ0182,306.19,55.1,1.62,4,정상
2024-03,EQ0185,731.75,43.8,3.59,0,주의
2024-03,EQ0186,204.29,25.9,8.85,0,주의
2024-03,EQ0187,546.47,39.2,7.3,4,정상
2024-03,EQ0188,768.17,31.9,7.35,2,정상
2024-03,EQ0189,443.62,45.0,1.87,1,정상
2024-03,EQ0190,758.3,22.7,3.92,4,정상
2024-03,EQ0193,540.58,26.2,2.73,3,정상
2024-03,EQ0195,376.31,34.6,5.67,2,정상
2024-03,EQ0197,359.3,39.1,7.24,2,정상
2024-03,EQ0198,519.98,58.9,7.63,2,정상
2024-03,EQ0200,419.65,24.2,6.33,2,정상
2024-03,EQ0201,490.96,46.2,3.0,2,정상
2024-03,EQ0202,516.47,47.1,7.09,3,정상
2024-03,EQ0203,260.33,46.9,9.01,4,주의
2024-03,EQ0210,319.23,42.5,9.53,1,정상
2024-03,EQ0211,546.64,25.1,7.18,0,정상
2024-03,EQ0213,272.1,23.3,9.78,2,정상
2024-03,EQ0215,747.93,33.4,5.15,1,정상
2024-03,EQ0217,280.32,45.2,4.66,1,주의
2024-03,EQ0220,535.75,51.8,6.8,2,주의
2024-03,EQ0222,735.28,44.8,4.0,3,정상
2024-03,EQ0224,709.58,29.8,7.37,2,정상
2024-03,EQ0225,618.39,40.8,2.19,1,정상
2024-03,EQ0227,238.31,52.4,4.53,4,정상
2024-03,EQ0231,453.69,49.6,5.79,3,정상
2024-03,EQ0233,476.98,48.1,1.62,2,주의
2024-03,EQ0235,258.64,56.6,8.56,0,주의
2024-03,EQ0237,736.77,45.5,1.07,0,주의
2024-03,EQ0238,397.38,24.9,1.71,4,정상
2024-03,EQ0241,505.85,32.7,1.17,0,정상
2024-03,EQ0242,230.51,46.7,2.68,2,정상
2024-03,EQ0243,340.25,33.2,8.82,3,정상
2024-03,EQ0247,483.2,52.9,7.14,1,정상
2024-03,EQ0248,398.67,25.0,9.26,3,정상
2024-03,EQ0249,213.86,34.4,7.31,0,정상
2024-03,EQ0253,754.84,20.8,6.0,1,정상
2024-03,EQ0255,719.04,51.7,3.69,3,정상
2024-03,EQ0256,266.47,50.5,3.51,4,주의
2024-03,EQ0257,664.56,28.9,7.73,2,정상
2024-03,EQ0259,471.67,27.2,1.13,1,주의
2024-03,EQ0262,257.96,41.5,6.42,2,경고
2024-03,EQ0266,509.67,34.0,6.87,2,주의
2024-03,EQ0271,503.65,30.1,4.27,0,주의
2024-03,EQ0273,701.51,21.6,7.22,2,정상
2024-03,EQ0276,574.72,53.9,1.09,4,경고
2024-03,EQ0281,641.52,35.7,7.68,0,정상
2024-03,EQ0283,525.21,20.1,3.01,3,주의
2024-03,EQ0284,749.05,51.6,8.04,4,정상
2024-03,EQ0286,750.87,36.3,2.45,4,경고
2024-03,EQ0287,672.28,57.4,8.53,3,경고
2024-03,EQ0288,713.73,40.6,2.62,3,정상
2024-03,EQ0297,557.44,40.8,4.95,0,정상
2024-03,EQ0298,297.9,21.8,3.08,3,정상
2024-04,EQ0005,341.15,58.0,4.25,0,정상
2024-04,EQ0006,367.31,21.9,6.81,1,정상
2024-04,EQ0009,731.37,36.6,7.77,2,경고
2024-04,EQ0010,415.36,32.8,8.56,0,정상
2024-04,EQ0011,290.18,20.3,6.31,2,정상
2024-04,EQ0012,470.77,52.8,4.1,3,정상
2024-04,EQ0013,304.88,20.4,6.52,4,정상
2024-04,EQ0014,317.47,33.2,7.81,2,정상
2024-04,EQ0015,341.15,30.7,7.75,3,주의
2024-04,EQ0016,790.23,52.0,2.73,3,정상
2024-04,EQ0017,521.77,34.0,1.27,0,정상
2024-04,EQ0019,668.03,31.1,1.0,4,정상
2024-04,EQ0021,330.01,31.8,3.59,4,주의
2024-04,EQ0024,295.77,28.6,9.13,4,정상
2024-04,EQ0025,476.81,36.4,8.04,3,정상
2024-04,EQ0027,614.85,53.3,4.01,2,정상
2024-04,EQ0028,414.63,40.1,1.3,0,정상
2024-04,EQ0029,554.23,46.8,6.59,2,정상
2024-04,EQ0033,555.64,45.5,7.05,0,정상
2024-04,EQ0035,778.58,36.1,2.05,4,주의
2024-04,EQ0038,254.88,59.4,2.06,3,경고
2024-04,EQ0039,434.68,39.6,7.86,4,경고
2024-04,EQ0040,606.31,51.1,1.27,1,정상
2024-04,EQ0044,345.56,25.5,4.36,0,정상
2024-04,EQ0045,666.78,57.8,9.08,1,주의
2024-04,EQ0047,335.62,42.9,3.09,3,주의
2024-04,EQ0048,428.69,45.9,3.71,3,정상
2024-04,EQ0049,248.02,59.6,9.12,0,정상
2024-04,EQ0051,499.31,22.5,1.81,4,정상
2024-04,EQ0054,618.18,54.6,7.16,1,정상
2024-04,EQ0055,618.87,43.6,7.28,1,정상
2024-04,EQ0057,322.21,54.5,5.16,0,정상
2024-04,EQ0058,205.4,41.7,3.17,3,정상
2024-04,EQ0059,395.41,54.6,7.73,4,정상
2024-04,EQ0062,643.84,56.3,9.34,2,정상
2024-04,EQ0066,605.9,53.4,8.59,1,정상
2024-04,EQ0067,305.4,22.2,5.84,2,정상
2024-04,EQ0073,750.64,37.5,3.17,4,주의
2024-04,EQ0074,583.49,52.5,4.16,0,정상
2024-04,EQ0077,521.34,59.5,7.72,1,주의
2024-04,EQ0079,482.62,40.6,8.45,0,정상
2024-04,EQ0084,468.62,48.0,5.13,2,주의
2024-04,EQ0085,772.1,39.3,2.52,2,정상
2024-04,EQ0087,527.24,57.2,1.31,0,주의
2024-04,EQ0088,704.57,33.1,9.88,3,정상
2024-04,EQ0089,440.94,29.6,7.13,0,정상
2024-04,EQ0090,299.14,24.5,8.73,2,정상
2024-04,EQ0092,522.02,23.3,8.24,1,정상
2024-04,EQ0093,404.94,39.7,9.33,4,정상
2024-04,EQ0099,606.84,20.1,1.29,4,정상
2024-04,EQ0100,412.91,27.8,1.44,4,주의
2024-04,EQ0101,797.95,33.0,7.05,4,정상
2024-04,EQ0102,779.13,28.6,6.89,3,정상
2024-04,EQ0105,339.67,28.9,3.82,1,주의
2024-04,EQ0106,425.1,29.8,1.11,1,주의
2024-04,EQ0108,303.59,21.3,5.09,3,정상
2024-04,EQ0109,267.3,37.1,6.79,0,정상
2024-04,EQ0110,325.84,52.5,7.09,2,경고
2024-04,EQ0111,604.57,41.5,9.85,4,정상
2024-04,EQ0112,680.45,28.8,3.99,0,정상
2024-04,EQ0113,506.09,45.4,7.95,2,정상
2024-04,EQ0115,657.44,44.3,9.44,4,경고
2024-04,EQ0116,394.07,36.8,1.16,2,정상
2024-04,EQ0117,648.86,26.1,3.02,2,주의
2024-04,EQ0120,775.86,58.0,1.04,3,정상
2024-04,EQ0126,267.54,34.4,5.45,2,주의
2024-04,EQ0127,527.55,29.0,4.63,4,주의
2024-04,EQ0129,710.62,42.9,1.88,0,정상
2024-04,EQ0130,634.29,24.8,3.97,4,정상
2024-04,EQ0132,246.97,39.9,7.89,0,정상
2024-04,EQ0133,693.76,34.3,2.55,2,주의
2024-04,EQ0136,505.66,34.3,2.25,3,정상
2024-04,EQ0141,414.26,34.7,1.69,3,정상
2024-04,EQ0144,359.12,54.0,1.96,0,정상
2024-04,EQ0145,567.37,32.9,4.05,2,주의
2024-04,EQ0146,492.76,52.7,1.32,4,주의
2024-04,EQ0147,370.19,43.1,9.85,3,정상
2024-04,EQ0152,699.87,42.9,8.84,3,정상
2024-04,EQ0153,753.0,35.4,5.75,3,정상
2024-04,EQ0154,390.72,29.5,2.05,3,정상
2024-04,EQ0155,522.03,25.1,4.01,2,경고
2024-04,EQ0156,328.72,25.7,8.58,1,정상
2024-04,EQ0157,349.03,50.2,7.6,4,정상
2024-04,EQ0160,590.05,58.3,8.05,2,경고
2024-04,EQ0162,731.07,44.6,1.56,0,주의
2024-04,EQ0163,365.8,23.2,4.82,4,정상
2024-04,EQ0165,327.91,46.8,1.42,3,경고
2024-04,EQ0170,333.97,24.9,8.47,4,주의
2024-04,EQ0171,278.96,33.3,4.52,2,정상
2024-04,EQ0172,438.89,24.8,3.28,0,경고
2024-04,EQ0174,494.92,21.2,7.26,3,정상
2024-04,EQ0176,368.83,23.7,8.8,1,정상
2024-04,EQ0179,360.24,59.7,2.41,0,정상
2024-04,EQ0181,232.77,26.6,4.95,1,정상
2024-04,EQ0182,345.87,29.1,5.73,4,주의
2024-04,EQ0185,397.75,42.5,5.43,3,정상
2024-04,EQ0186,236.67,53.4,1.38,3,경고
2024-04,EQ0188,569.46,28.4,3.17,2,주의
2024-04,EQ0191,312.47,59.4,8.16,4,주의
2024-04,EQ0193,637.89,20.1,5.18,4,정상
2024-04,EQ0194,687.37,37.6,9.74,4,정상
2024-04,EQ0195,712.33,53.4,4.02,4,정상
2024-04,EQ0196,221.52,24.5,9.85,3,정상
2024-04,EQ0197,484.69,23.9,6.64,4,정상
2024-04,EQ0203,250.08,25.6,8.94,0,정상
2024-04,EQ0204,437.12,24.3,9.72,2,정상
2024-04,EQ0205,490.73,28.2,5.08,4,경고
2024-04,EQ0206,463.27,34.1,9.05,1,정상
2024-04,EQ0208,358.51,56.7,9.66,3,정상
2024-04,EQ0210,222.09,44.0,3.24,0,정상
2024-04,EQ0213,415.63,53.3,1.74,1,정상
2024-04,EQ0216,685.53,29.2,5.17,4,정상
2024-04,EQ0218,535.69,57.3,5.66,1,정상
2024-04,EQ0219,358.11,28.9,7.77,4,정상
2024-04,EQ0223,731.46,51.6,6.26,2,주의
2024-04,EQ0224,485.68,34.5,9.21,1,정상
2024-04,EQ0225,324.07,38.6,9.92,4,경고
2024-04,EQ0226,556.43,30.7,1.25,4,정상
2024-04,EQ0228,659.96,27.3,4.35,0,정상
2024-04,EQ0231,712.56,24.6,1.85,1,정상
2024-04,EQ0232,499.57,27.2,7.05,0,정상
2024-04,EQ0233,260.19,32.7,9.02,4,주의
2024-04,EQ0234,590.06,23.6,8.67,1,정상
2024-04,EQ0236,421.18,23.3,6.7,3,경고
2024-04,EQ0239,407.08,34.0,2.64,3,정상
2024-04,EQ0240,744.51,28.6,9.85,1,정상
2024-04,EQ0241,691.05,56.3,9.89,2,정상
2024-04,EQ0250,404.86,42.9,1.42,2,정상
2024-04,EQ0253,481.87,44.2,7.21,3,경고
2024-04,EQ0254,321.38,56.7,2.22,1,정상
2024-04,EQ0256,435.69,21.4,4.62,4,정상
2024-04,EQ0259,402.23,47.5,4.71,4,주의
2024-04,EQ0260,439.68,22.0,7.75,3,정상
2024-04,EQ0265,589.35,51.0,1.56,4,정상
2024-04,EQ0266,642.43,40.6,4.24,1,정상
2024-04,EQ0269,370.38,58.1,7.0,4,경고
2024-04,EQ0271,769.24,28.5,3.63,4,정상
2024-04,EQ0273,696.99,26.2,9.58,1,정상
2024-04,EQ0275,214.12,39.2,10.0,3,정상
2024-04,EQ0281,376.11,25.8,7.75,2,정상
2024-04,EQ0282,637.97,41.1,2.21,2,주의
2024-04,EQ0284,341.23,35.6,8.1,4,정상
2024-04,EQ0286,523.7,57.0,9.19,4,정상
2024-04,EQ0287,769.89,55.2,2.93,3,정상
2024-04,EQ0291,479.74,32.3,5.22,2,정상
2024-04,EQ0292,681.34,57.4,8.39,3,정상
2024-04,EQ0293,772.93,39.7,5.72,1,경고
2024-04,EQ0295,219.67,55.7,7.94,2,정상
2024-04,EQ0298,430.86,22.0,7.47,1,경고
2024-04,EQ0299,435.15,26.8,9.75,0,정상
2024-05,EQ0001,412.46,55.5,8.08,4,주의
2024-05,EQ0003,431.89,46.8,6.76,1,경고
2024-05,EQ0006,526.14,25.1,4.52,4,정상
2024-05,EQ0007,493.4,50.0,5.57,1,경고
2024-05,EQ0008,409.65,53.8,9.35,0,정상
2024-05,EQ0010,591.96,57.8,5.18,3,주의
2024-05,EQ0011,329.85,27.3,6.29,0,정상
2024-05,EQ0013,370.78,28.0,1.6,4,정상
2024-05,EQ0014,697.82,21.0,7.57,1,정상
2024-05,EQ0017,365.4,39.4,3.08,1,주의
2024-05,EQ0019,634.3,35.8,4.49,2,정상
2024-05,EQ0021,629.86,37.0,1.28,3,정상
2024-05,EQ0025,414.47,24.3,1.74,2,정상
2024-05,EQ0028,243.92,39.3,5.95,2,정상
2024-05,EQ0029,497.03,33.9,8.57,4,정상
2024-05,EQ0030,766.97,34.2,9.31,2,정상
2024-05,EQ0033,287.27,23.3,8.93,0,정상
2024-05,EQ0034,611.11,33.8,7.73,0,주의
2024-05,EQ0036,433.17,42.2,8.53,2,주의
2024-05,EQ0038,652.35,28.6,3.92,2,정상
2024-05,EQ0039,594.4,31.5,5.36,0,주의
2024-05,EQ0040,533.18,54.8,5.33,4,정상
2024-05,EQ0041,233.51,45.3,9.29,3,경고
2024-05,EQ0042,579.56,50.6,2.66,3,정상
2024-05,EQ0043,608.5,54.3,7.06,2,정상
2024-05,EQ0045,356.76,41.9,3.59,1,정상
2024-05,EQ0048,598.12,34.5,5.08,2,정상
2024-05,EQ0053,296.59,20.4,7.81,2,주의
2024-05,EQ0054,658.08,42.1,3.3,2,정상
2024-05,EQ0055,580.28,21.1,3.24,2,정상
2024-05,EQ0056,599.44,21.2,2.78,3,정상
2024-05,EQ0057,559.15,37.3,7.83,1,정상
2024-05,EQ0061,408.22,38.0,5.51,4,정상
2024-05,EQ0062,450.6,22.8,3.64,3,정상
2024-05,EQ0063,354.22,41.7,9.5,0,정상
2024-05,EQ0066,786.44,49.7,7.55,0,정상
2024-05,EQ0067,233.83,33.9,1.56,4,경고
2024-05,EQ0068,717.75,54.6,2.83,0,정상
2024-05,EQ0071,504.27,20.1,5.38,0,경고
2024-05,EQ0072,376.13,25.7,2.16,3,정상
2024-05,EQ0074,685.75,53.2,2.47,3,정상
2024-05,EQ0076,391.6,34.3,4.12,3,정상
2024-05,EQ0077,537.93,34.8,8.5,1,정상
2024-05,EQ0079,406.88,41.1,7.26,0,정상
2024-05,EQ0084,792.1,43.3,8.17,2,정상
2024-05,EQ0085,516.17,57.2,8.51,2,정상
2024-05,EQ0086,752.88,56.3,2.8,2,정상
2024-05,EQ0087,693.29,54.0,2.3,2,주의
2024-05,EQ0090,478.96,56.5,6.77,3,정상
2024-05,EQ0092,760.32,28.8,1.63,0,주의
2024-05,EQ0095,615.29,54.5,9.55,0,정상
2024-05,EQ0096,240.26,23.7,4.11,3,정상
2024-05,EQ0100,327.2,34.5,9.22,2,정상
2024-05,EQ0102,505.17,46.5,9.1,0,정상
2024-05,EQ0108,744.28,46.4,4.32,0,주의
2024-05,EQ0110,698.63,35.3,5.35,0,정상
2024-05,EQ0111,285.33,28.9,5.75,4,정상
2024-05,EQ0115,474.37,27.8,9.76,0,정상
2024-05,EQ0118,247.08,47.3,6.51,1,경고
2024-05,EQ0119,697.69,43.1,1.98,2,정상
2024-05,EQ0120,622.43,47.8,4.71,0,정상
2024-05,EQ0121,324.3,44.0,5.03,3,경고
2024-05,EQ0122,734.5,33.6,5.46,4,정상
2024-05,EQ0123,694.17,54.8,3.54,1,정상
2024-05,EQ0124,606.65,54.1,6.84,1,정상
2024-05,EQ0131,726.34,55.0,4.32,2,정상
2024-05,EQ0132,207.74,45.1,1.66,4,정상
2024-05,EQ0133,758.24,51.6,7.97,2,정상
2024-05,EQ0134,268.67,51.1,1.44,2,정상
2024-05,EQ0135,306.42,49.7,9.27,4,정상
2024-05,EQ0139,787.0,58.4,8.23,3,정상
2024-05,EQ0141,764.46,21.2,3.34,4,정상
2024-05,EQ0142,397.87,34.1,6.4,0,주의
2024-05,EQ0143,709.32,31.9,5.06,2,정상
2024-05,EQ0146,202.79,30.6,9.3,3,주의
2024-05,EQ0147,300.95,55.2,5.94,0,경고
2024-05,EQ0148,713.54,27.9,4.26,1,정상
2024-05,EQ0150,754.19,35.7,2.9,1,정상
2024-05,EQ0152,611.67,47.5,9.3,4,정상
2024-05,EQ0155,491.62,46.5,9.38,1,정상
2024-05,EQ0156,362.58,39.9,7.84,1,정상
2024-05,EQ0160,761.27,24.2,7.33,4,주의
2024-05,EQ0161,296.88,49.7,2.33,1,정상
2024-05,EQ0166,251.18,45.0,8.83,1,정상
2024-05,EQ0167,742.83,35.0,4.31,3,정상
2024-05,EQ0168,526.94,46.1,4.83,3,정상
2024-05,EQ0170,640.51,26.3,3.54,0,정상
2024-05,EQ0171,489.93,33.8,3.96,2,주의
2024-05,EQ0172,450.71,46.1,9.92,4,정상
2024-05,EQ0174,774.78,49.1,6.07,1,경고
2024-05,EQ0175,701.6,36.9,7.47,3,주의
2024-05,EQ0176,390.85,25.6,3.01,1,정상
2024-05,EQ0179,627.39,40.9,1.89,4,정상
2024-05,EQ0180,678.72,23.4,2.85,3,주의
2024-05,EQ0184,671.67,56.1,3.41,4,주의
2024-05,EQ0186,527.43,56.5,4.01,2,정상
2024-05,EQ0187,600.42,28.1,2.12,3,정상
2024-05,EQ0191,207.77,46.4,8.04,1,정상
2024-05,EQ0192,774.24,33.6,7.42,3,정상
2024-05,EQ0195,366.58,49.6,4.29,3,주의
2024-05,EQ0196,707.5,54.8,1.18,4,정상
2024-05,EQ0198,333.34,27.7,4.46,1,정상
2024-05,EQ0199,695.93,25.9,9.17,1,주의
2024-05,EQ0200,606.15,23.8,1.98,0,정상
2024-05,EQ0201,656.7,57.2,6.45,3,경고
2024-05,EQ0203,357.09,51.1,5.58,1,정상
2024-05,EQ0204,501.2,24.7,8.85,2,정상
2024-05,EQ0205,519.94,38.5,5.53,0,정상
2024-05,EQ0206,378.0,35.2,4.3,3,정상
2024-05,EQ0207,292.84,53.7,2.63,1,정상
2024-05,EQ0213,642.79,38.7,5.01,2,정상
2024-05,EQ0214,264.96,44.4,7.01,0,정상
2024-05,EQ0216,692.62,29.3,5.5,4,정상
2024-05,EQ0217,392.89,56.0,7.03,4,정상
2024-05,EQ0221,442.2,58.0,6.67,4,정상
2024-05,EQ0223,763.27,50.6,5.86,1,정상
2024-05,EQ0226,600.15,52.3,3.14,4,정상
2024-05,EQ0228,353.69,42.1,1.68,3,정상
2024-05,EQ0231,587.31,51.1,8.98,2,정상
2024-05,EQ0232,491.75,58.5,5.68,2,정상
2024-05,EQ0236,297.3,33.9,1.5,4,정상
2024-05,EQ0238,585.04,39.9,6.61,3,정상
2024-05,EQ0240,596.22,51.1,1.59,1,정상
2024-05,EQ0245,611.8,43.2,6.74,3,정상
2024-05,EQ0246,275.89,41.0,3.93,1,정상
2024-05,EQ0248,549.75,56.3,9.43,3,정상
2024-05,EQ0249,343.29,31.2,4.48,0,경고
2024-05,EQ0253,733.12,38.0,6.78,1,경고
2024-05,EQ0254,524.19,20.8,9.46,2,정상
2024-05,EQ0256,530.12,24.7,4.25,0,정상
2024-05,EQ0257,619.58,43.8,8.4,4,주의
2024-05,EQ0260,705.71,20.7,2.83,3,정상
2024-05,EQ0261,574.78,26.3,4.17,3,주의
2024-05,EQ0262,566.07,55.8,9.2,3,주의
2024-05,EQ0263,402.95,26.7,4.3,2,주의
2024-05,EQ0267,709.09,57.5,8.02,3,정상
2024-05,EQ0268,471.31,35.5,3.8,4,정상
2024-05,EQ0274,751.21,37.7,3.41,4,경고
2024-05,EQ0275,419.51,51.5,6.56,3,주의
2024-05,EQ0278,719.05,52.1,5.46,3,정상
2024-05,EQ0285,751.48,32.2,6.37,2,정상
2024-05,EQ0286,204.29,23.2,7.84,0,정상
2024-05,EQ0287,792.55,55.1,3.78,1,정상
2024-05,EQ0288,792.5,49.6,8.6,4,주의
2024-05,EQ0289,337.22,46.3,8.89,0,주의
2024-05,EQ0290,595.3,50.9,9.87,4,정상
2024-05,EQ0291,745.6,53.0,9.85,2,정상
2024-05,EQ0296,289.33,38.7,1.58,4,정상
2024-05,EQ0297,419.58,26.6,6.39,2,정상
2024-05,EQ0299,227.35,35.2,2.97,0,정상
2024-06,EQ0001,545.13,46.6,5.48,2,주의
2024-06,EQ0002,210.49,56.8,4.18,4,정상
2024-06,EQ0006,456.01,23.9,8.25,2,주의
2024-06,EQ0008,704.22,31.9,4.82,1,정상
2024-06,EQ0010,695.94,46.4,1.11,1,정상
2024-06,EQ0011,418.98,36.2,9.42,1,정상
2024-06,EQ0012,482.71,44.4,6.67,1,정상
2024-06,EQ0013,330.3,31.5,4.64,1,정상
2024-06,EQ0015,348.59,25.5,5.75,0,경고
2024-06,EQ0019,581.79,27.8,9.23,0,정상
2024-06,EQ0023,687.92,20.1,1.23,1,정상
2024-06,EQ0025,585.98,27.8,5.97,0,경고
2024-06,EQ0026,761.63,53.3,6.09,3,정상
2024-06,EQ0032,613.13,32.9,3.0,2,정상
2024-06,EQ0035,799.14,24.1,6.46,2,주의
2024-06,EQ0039,618.62,34.1,1.94,0,주의
2024-06,EQ0042,713.41,41.1,7.09,2,정상
2024-06,EQ0043,433.04,32.9,9.76,1,정상
2024-06,EQ0044,797.03,22.9,5.15,0,주의
2024-06,EQ0050,421.59,54.1,2.59,1,정상
2024-06,EQ0051,405.95,45.2,3.26,1,정상
2024-06,EQ0053,568.29,54.6,1.37,4,주의
2024-06,EQ0056,714.98,20.3,9.97,3,정상
2024-06,EQ0057,270.48,32.6,6.8,2,경고
2024-06,EQ0058,656.81,39.7,3.63,3,정상
2024-06,EQ0061,456.63,58.1,5.2,0,경고
2024-06,EQ0062,417.36,59.6,2.35,3,정상
2024-06,EQ0064,502.43,38.2,1.98,0,정상
2024-06,EQ0065,617.8,50.1,9.24,2,경고
2024-06,EQ0067,394.6,35.8,6.25,4,정상
2024-06,EQ0069,616.03,24.5,4.16,4,정상
2024-06,EQ0070,617.01,40.3,5.8,1,정상
2024-06,EQ0073,410.51,32.1,5.59,3,정상
2024-06,EQ0075,309.11,29.9,1.26,1,정상
2024-06,EQ0077,777.29,57.1,4.76,1,정상
2024-06,EQ0078,675.77,23.0,6.23,4,정상
2024-06,EQ0082,694.52,43.4,9.12,1,정상
2024-06,EQ0086,733.17,57.4,7.22,2,정상
2024-06,EQ0087,309.31,35.7,3.43,0,정상
2024-06,EQ0091,631.02,47.2,4.79,2,정상
2024-06,EQ0092,729.27,27.9,4.23,0,정상
2024-06,EQ0094,613.57,47.4,3.86,0,정상
2024-06,EQ0095,410.83,55.9,7.98,1,정상
2024-06,EQ0096,243.99,45.9,4.66,4,정상
2024-06,EQ0099,405.98,35.8,6.1,1,정상
2024-06,EQ0101,223.89,54.5,8.13,2,경고
2024-06,EQ0103,564.24,42.6,2.86,2,주의
2024-06,EQ0105,327.83,45.4,1.42,3,정상
2024-06,EQ0107,520.22,49.8,8.47,2,정상
2024-06,EQ0109,680.6,35.6,2.86,1,정상
2024-06,EQ0110,309.0,58.5,9.28,1,주의
2024-06,EQ0111,616.3,38.6,1.63,1,정상
2024-06,EQ0112,611.75,31.6,2.74,2,정상
2024-06,EQ0119,775.22,32.0,4.99,3,주의
2024-06,EQ0121,788.99,27.1,1.86,0,정상
2024-06,EQ0122,779.03,23.2,4.49,1,경고
2024-06,EQ0123,572.72,45.7,4.59,3,정상
2024-06,EQ0125,508.69,47.8,9.02,4,경고
2024-06,EQ0126,731.39,45.5,7.91,1,정상
2024-06,EQ0127,384.04,53.3,5.09,1,경고
2024-06,EQ0128,537.35,57.5,9.21,3,정상
2024-06,EQ0129,667.59,56.8,1.0,2,정상
2024-06,EQ0130,522.15,22.6,2.45,0,정상
2024-06,EQ0135,441.72,56.2,6.03,2,정상
2024-06,EQ0138,344.1,22.4,3.32,3,정상
2024-06,EQ0140,335.72,50.0,5.69,3,주의
2024-06,EQ0143,360.2,32.5,7.01,4,정상
2024-06,EQ0147,561.46,44.6,5.74,4,정상
2024-06,EQ0151,360.67,33.0,2.0,4,정상
2024-06,EQ0152,646.25,27.4,1.46,4,정상
2024-06,EQ0153,462.75,21.2,9.21,2,경고
2024-06,EQ0154,535.3,58.8,9.34,4,정상
2024-06,EQ0155,727.29,26.4,2.05,1,정상
2024-06,EQ0157,701.21,41.6,2.03,1,정상
2024-06,EQ0162,692.55,38.0,6.16,1,정상
2024-06,EQ0163,589.03,52.5,4.31,1,주의
2024-06,EQ0164,299.73,31.8,5.21,3,정상
2024-06,EQ0168,359.88,26.7,9.18,0,정상
2024-06,EQ0175,794.92,36.7,4.39,1,정상
2024-06,EQ0176,798.63,38.1,1.47,2,정상
2024-06,EQ0177,651.26,38.2,9.12,1,경고
2024-06,EQ0183,221.09,20.6,2.65,4,정상
2024-06,EQ0185,779.77,30.4,6.45,1,경고
2024-06,EQ0186,556.07,28.6,9.73,3,주의
2024-06,EQ0188,427.72,41.3,1.84,3,주의
2024-06,EQ0190,386.54,40.7,4.0,2,정상
2024-06,EQ0191,705.19,26.2,3.97,4,주의
2024-06,EQ0192,596.37,24.2,8.63,2,정상
2024-06,EQ0196,380.62,31.4,1.52,1,주의
2024-06,EQ0197,342.51,26.5,3.21,0,정상
2024-06,EQ0198,530.92,22.3,5.13,4,정상
2024-06,EQ0199,524.76,48.5,2.94,3,정상
2024-06,EQ0200,369.31,45.2,5.64,4,정상
2024-06,EQ0201,570.01,48.4,4.58,1,정상
2024-06,EQ0202,422.12,23.2,9.53,4,정상
2024-06,EQ0207,476.45,40.3,4.82,3,정상
2024-06,EQ0209,379.51,37.8,4.62,0,정상
2024-06,EQ0210,409.81,34.3,2.41,3,주의
2024-06,EQ0213,507.43,51.6,9.74,4,정상
2024-06,EQ0214,404.96,35.0,5.56,1,정상
2024-06,EQ0215,468.47,27.7,3.92,0,정상
2024-06,EQ0216,324.68,47.1,2.45,0,경고
2024-06,EQ0217,348.32,35.9,9.87,2,주의
2024-06,EQ0218,506.02,23.6,8.16,4,정상
2024-06,EQ0219,724.07,41.8,3.45,4,정상
2024-06,EQ0220,275.32,25.8,7.99,2,경고
2024-06,EQ0221,655.3,56.7,6.88,1,정상
2024-06,EQ0226,488.82,35.1,9.01,3,주의
2024-06,EQ0229,672.35,26.0,9.05,3,정상
2024-06,EQ0230,459.88,31.0,7.0,3,정상
2024-06,EQ0234,676.14,22.8,3.45,2,정상
2024-06,EQ0237,615.25,26.9,5.95,4,정상
2024-06,EQ0238,750.81,37.5,5.13,1,정상
2024-06,EQ0240,376.78,36.4,8.49,4,정상
2024-06,EQ0242,364.8,56.8,3.53,2,정상
2024-06,EQ0244,443.17,39.4,1.25,2,정상
2024-06,EQ0245,367.95,39.0,4.19,0,주의
2024-06,EQ0247,592.59,46.7,3.34,2,정상
2024-06,EQ0248,622.9,45.2,3.47,3,정상
2024-06,EQ0249,639.46,25.9,9.44,3,주의
2024-06,EQ0250,599.64,30.0,5.02,2,정상
2024-06,EQ0253,701.2,25.4,6.56,0,정상
2024-06,EQ0254,414.92,57.4,2.68,3,주의
2024-06,EQ0255,536.69,43.0,7.91,2,정상
2024-06,EQ0256,735.6,57.5,7.06,2,정상
2024-06,EQ0257,631.92,49.2,3.65,1,정상
2024-06,EQ0258,431.78,39.9,2.45,0,정상
2024-06,EQ0259,458.25,32.0,7.92,1,주의
2024-06,EQ0262,589.7,33.1,6.51,0,정상
2024-06,EQ0265,292.11,44.4,6.79,3,정상
2024-06,EQ0266,513.56,42.8,5.16,0,정상
2024-06,EQ0267,403.22,58.8,7.11,1,주의
2024-06,EQ0269,216.32,53.1,2.84,0,정상
2024-06,EQ0272,503.43,31.5,8.05,2,정상
2024-06,EQ0277,396.3,25.6,8.78,0,정상
2024-06,EQ0279,608.27,38.7,6.96,0,경고
2024-06,EQ0280,470.06,25.1,3.65,3,정상
2024-06,EQ0282,412.87,35.2,5.39,3,주의
2024-06,EQ0283,208.02,20.3,7.99,2,정상
2024-06,EQ0284,684.47,25.4,2.88,2,주의
2024-06,EQ0285,751.04,36.1,5.54,0,정상
2024-06,EQ0286,540.14,58.5,1.72,4,정상
2024-06,EQ0287,374.01,41.9,6.62,1,정상
2024-06,EQ0288,512.78,37.6,5.47,2,정상
2024-06,EQ0289,655.93,30.4,4.56,3,주의
2024-06,EQ0290,307.27,40.9,7.27,2,정상
2024-06,EQ0293,690.64,25.1,4.78,4,정상
2024-06,EQ0295,272.83,44.3,8.4,1,정상
2024-06,EQ0297,391.48,28.5,4.54,0,경고
2024-06,EQ0298,624.42,33.8,3.09,3,정상
2024-07,EQ0005,653.16,23.8,8.23,3,정상
2024-07,EQ0007,296.89,34.4,8.95,4,경고
2024-07,EQ0008,486.34,36.8,4.89,3,경고
2024-07,EQ0009,255.96,53.5,5.04,1,정상
2024-07,EQ0010,652.17,33.2,1.21,4,정상
2024-07,EQ0013,730.25,47.2,5.6,2,정상
2024-07,EQ0015,480.91,35.8,8.02,1,정상
2024-07,EQ0018,727.15,59.5,4.69,2,정상
2024-07,EQ0020,330.79,40.3,2.87,4,주의
2024-07,EQ0021,501.08,39.6,5.98,2,정상
2024-07,EQ0025,663.54,31.8,5.79,2,정상
2024-07,EQ0027,473.68,49.9,5.67,4,정상
2024-07,EQ0028,738.79,27.2,6.49,1,정상
2024-07,EQ0030,394.92,43.4,7.51,0,주의
2024-07,EQ0032,579.37,46.0,9.36,3,정상
2024-07,EQ0033,617.9,46.8,5.66,1,주의
2024-07,EQ0034,248.82,34.5,9.84,3,정상
2024-07,EQ0035,556.84,50.5,8.37,3,주의
2024-07,EQ0037,660.79,26.1,8.85,2,정상
2024-07,EQ0038,598.66,49.9,4.0,4,주의
2024-07,EQ0042,219.46,54.2,1.75,0,정상
2024-07,EQ0047,292.98,43.2,9.7,1,경고
2024-07,EQ0049,305.39,30.1,2.49,3,경고
2024-07,EQ0050,610.35,27.3,9.97,4,정상
2024-07,EQ0051,361.61,41.4,7.11,0,주의
2024-07,EQ0053,573.42,59.2,4.61,3,정상
2024-07,EQ0055,460.42,21.7,3.2,4,정상
2024-07,EQ0060,264.33,33.7,6.51,3,정상
2024-07,EQ0063,682.56,35.8,1.2,1,주의
2024-07,EQ0066,563.84,27.9,1.46,2,정상
2024-07,EQ0070,581.67,33.6,2.32,1,정상
2024-07,EQ0071,265.52,25.0,4.83,4,정상
2024-07,EQ0073,406.13,41.2,9.65,4,정상
2024-07,EQ0074,690.06,27.6,2.03,2,정상
2024-07,EQ0075,438.69,58.9,3.92,0,경고
2024-07,EQ0079,609.15,45.4,2.82,2,정상
2024-07,EQ0080,269.93,44.4,6.37,3,정상
2024-07,EQ0081,631.86,53.4,2.3,1,정상
2024-07,EQ0082,209.97,22.0,4.19,4,주의
2024-07,EQ0084,620.16,54.5,6.49,3,정상
2024-07,EQ0085,659.11,54.3,8.29,3,주의
2024-07,EQ0086,399.9,48.7,9.44,4,정상
2024-07,EQ0087,443.76,34.6,9.8,0,경고
2024-07,EQ0091,792.49,41.9,5.29,4,정상
2024-07,EQ0092,461.18,41.3,4.16,4,정상
2024-07,EQ0101,517.89,47.7,2.63,2,정상
2024-07,EQ0102,738.5,23.8,2.38,2,정상
2024-07,EQ0105,532.92,47.3,3.6,4,정상
2024-07,EQ0106,247.7,23.7,3.38,2,정상
2024-07,EQ0112,298.64,36.9,9.53,2,정상
2024-07,EQ0115,411.32,55.7,9.11,3,주의
2024-07,EQ0116,394.2,43.4,7.41,1,주의
2024-07,EQ0117,352.52,43.2,4.39,0,주의
2024-07,EQ0120,612.81,29.4,4.06,4,정상
2024-07,EQ0123,770.15,36.4,9.82,1,경고
2024-07,EQ0124,320.85,24.0,5.08,1,주의
2024-07,EQ0125,382.39,57.1,3.28,4,정상
2024-07,EQ0127,214.29,31.0,6.81,2,주의
2024-07,EQ0130,699.6,57.7,9.68,1,주의
2024-07,EQ0131,596.14,55.7,9.44,0,정상
2024-07,EQ0134,540.04,23.9,8.18,1,정상
2024-07,EQ0136,747.17,54.1,3.76,4,정상
2024-07,EQ0139,701.64,28.5,2.8,0,정상
2024-07,EQ0140,477.2,32.9,6.26,1,정상
2024-07,EQ0141,749.37,24.9,6.7,4,주의
2024-07,EQ0142,224.9,37.1,6.31,0,주의
2024-07,EQ0145,289.89,54.7,9.3,4,주의
2024-07,EQ0146,377.02,30.6,8.64,1,정상
2024-07,EQ0147,267.06,58.5,2.6,0,정상
2024-07,EQ0151,379.4,29.1,4.78,4,정상
2024-07,EQ0152,246.62,38.7,9.0,0,정상
2024-07,EQ0153,783.51,36.2,4.56,1,정상
2024-07,EQ0155,534.51,56.6,8.51,0,정상
2024-07,EQ0156,796.59,37.1,5.32,4,정상
2024-07,EQ0158,208.71,44.7,6.51,2,정상
2024-07,EQ0161,376.36,27.2,1.82,0,경고
2024-07,EQ0163,695.56,26.5,2.93,1,정상
2024-07,EQ0164,609.51,20.1,4.27,1,정상
2024-07,EQ0165,703.68,30.0,1.59,4,정상
2024-07,EQ0166,720.35,59.2,5.76,2,정상
2024-07,EQ0167,510.21,34.9,7.52,0,주의
2024-07,EQ0169,495.48,36.7,9.82,4,주의
2024-07,EQ0170,212.09,31.8,6.13,1,정상
2024-07,EQ0171,242.24,48.5,2.36,2,정상
2024-07,EQ0172,701.9,49.7,1.61,4,정상
2024-07,EQ0174,319.71,27.1,8.26,3,정상
2024-07,EQ0175,654.79,33.1,5.8,2,정상
2024-07,EQ0176,719.87,58.7,9.03,2,주의
2024-07,EQ0177,470.61,54.8,4.81,0,정상
2024-07,EQ0178,679.23,23.6,7.72,0,정상
2024-07,EQ0181,440.55,36.9,6.51,4,정상
2024-07,EQ0182,232.69,42.4,6.83,4,정상
2024-07,EQ0183,420.41,36.5,7.44,0,정상
2024-07,EQ0185,583.07,59.9,9.15,4,정상
2024-07,EQ0187,607.5,48.9,3.74,3,주의
2024-07,EQ0190,342.77,49.0,6.8,0,주의
2024-07,EQ0193,273.4,27.0,9.47,4,정상
2024-07,EQ0194,307.72,39.6,2.02,3,정상
2024-07,EQ0195,661.49,22.1,6.07,4,경고
2024-07,EQ0197,678.03,28.9,3.71,3,정상
2024-07,EQ0198,200.37,39.1,1.18,2,정상
2024-07,EQ0201,340.11,33.3,9.11,2,정상
2024-07,EQ0202,259.1,50.0,6.43,4,정상
2024-07,EQ0204,553.19,50.1,4.35,2,정상
2024-07,EQ0207,783.57,21.6,7.5,3,정상
2024-07,EQ0208,350.18,37.8,6.51,3,정상
2024-07,EQ0209,796.34,57.5,7.45,4,정상
2024-07,EQ0214,223.13,49.5,7.45,3,정상
2024-07,EQ0220,703.79,37.4,1.63,4,주의
2024-07,EQ0221,759.38,57.1,7.4,0,주의
2024-07,EQ0223,761.07,49.7,7.37,2,정상
2024-07,EQ0224,441.21,47.1,7.19,1,주의
2024-07,EQ0225,680.52,24.9,4.69,3,정상
2024-07,EQ0226,745.38,43.7,7.79,3,정상
2024-07,EQ0228,640.07,51.4,4.87,2,정상
2024-07,EQ0234,423.74,45.9,7.31,1,정상
2024-07,EQ0235,693.37,59.6,7.29,1,주의
2024-07,EQ0238,405.51,49.3,1.65,1,정상
2024-07,EQ0239,377.42,42.6,6.82,0,정상
2024-07,EQ0241,382.57,56.4,6.37,0,정상
2024-07,EQ0247,379.22,49.0,9.38,3,정상
2024-07,EQ0248,397.8,53.1,9.9,2,경고
2024-07,EQ0249,324.25,21.5,4.11,3,정상
2024-07,EQ0252,408.2,23.8,8.97,4,정상
2024-07,EQ0253,266.86,55.2,4.99,1,정상
2024-07,EQ0256,665.36,42.9,4.42,4,정상
2024-07,EQ0258,284.57,23.2,8.27,3,정상
2024-07,EQ0262,689.32,32.0,9.39,1,주의
2024-07,EQ0263,626.47,29.8,6.28,1,정상
2024-07,EQ0264,579.37,50.1,9.59,3,정상
2024-07,EQ0265,570.88,39.8,5.37,0,정상
2024-07,EQ0267,574.95,25.4,9.94,0,주의
2024-07,EQ0269,699.95,28.6,1.64,1,주의
2024-07,EQ0272,733.92,43.6,3.96,3,주의
2024-07,EQ0276,378.49,35.7,1.66,0,주의
2024-07,EQ0278,284.3,43.8,2.39,3,정상
2024-07,EQ0279,455.94,52.2,4.85,0,주의
2024-07,EQ0280,344.32,22.6,1.5,1,주의
2024-07,EQ0281,725.61,53.3,4.11,3,정상
2024-07,EQ0283,752.58,45.1,1.29,4,정상
2024-07,EQ0286,396.74,48.4,4.13,1,정상
2024-07,EQ0287,652.66,45.4,9.6,0,정상
2024-07,EQ0289,269.85,24.1,9.11,0,주의
2024-07,EQ0290,521.14,59.5,2.93,4,정상
2024-07,EQ0291,304.8,57.5,3.76,2,정상
2024-07,EQ0294,465.57,37.9,6.51,3,정상
2024-07,EQ0296,290.6,22.2,3.82,1,정상
2024-07,EQ0297,560.58,59.8,6.89,2,정상
2024-07,EQ0298,408.74,21.5,9.49,3,정상
2024-07,EQ0299,581.67,27.4,8.75,4,정상
2024-08,EQ0001,588.76,41.6,2.05,4,주의
2024-08,EQ0002,375.63,57.6,3.01,4,정상
2024-08,EQ0005,557.66,46.1,5.72,3,경고
2024-08,EQ0008,513.84,35.0,5.83,2,경고
2024-08,EQ0009,224.31,27.4,8.37,1,경고
2024-08,EQ0010,715.01,51.0,3.75,4,주의
2024-08,EQ0012,394.22,46.6,3.63,4,정상
2024-08,EQ0013,741.81,58.0,8.47,3,정상
2024-08,EQ0014,736.36,58.2,6.19,0,주의
2024-08,EQ0015,527.88,29.1,9.31,0,경고
2024-08,EQ0016,546.27,22.6,8.41,4,정상
2024-08,EQ0017,535.91,57.3,3.3,4,정상
2024-08,EQ0018,438.67,21.3,3.99,2,정상
2024-08,EQ0019,208.04,22.3,10.0,4,정상
2024-08,EQ0020,624.89,51.5,6.0,4,주의
2024-08,EQ0023,742.43,45.4,9.28,3,정상
2024-08,EQ0026,238.95,42.1,2.27,0,정상
2024-08,EQ0027,428.54,25.9,8.61,0,주의
2024-08,EQ0029,534.8,59.2,2.35,3,정상
2024-08,EQ0030,512.2,43.1,2.98,3,주의
2024-08,EQ0032,643.4,47.8,4.37,0,정상
2024-08,EQ0036,362.44,49.5,4.25,1,정상
2024-08,EQ0039,630.13,27.3,1.07,2,주의
2024-08,EQ0042,527.25,27.5,8.05,4,경고
2024-08,EQ0043,289.95,53.6,2.2,3,정상
2024-08,EQ0045,729.46,31.0,2.2,0,경고
2024-08,EQ0046,327.65,54.1,7.12,0,정상
2024-08,EQ0047,763.03,50.7,3.0,1,주의
2024-08,EQ0048,641.16,46.7,7.94,0,정상
2024-08,EQ0051,240.35,37.6,6.84,2,주의
2024-08,EQ0055,405.57,24.9,1.9,2,경고
2024-08,EQ0056,207.92,20.4,6.04,4,정상
2024-08,EQ0058,672.93,30.8,3.4,1,경고
2024-08,EQ0059,634.02,58.8,5.22,3,경고
2024-08,EQ0063,764.21,32.6,6.21,4,정상
2024-08,EQ0066,597.57,23.6,5.3,1,정상
2024-08,EQ0067,541.88,35.5,1.77,2,정상
2024-08,EQ0068,570.14,35.2,5.29,3,정상
2024-08,EQ0070,266.37,29.4,7.71,4,정상
2024-08,EQ0071,267.68,43.8,2.92,2,정상
2024-08,EQ0072,525.78,48.7,6.95,3,경고
2024-08,EQ0074,631.78,52.5,5.12,1,주의
2024-08,EQ0076,547.66,57.1,9.25,2,정상
2024-08,EQ0080,533.9,28.6,1.71,0,정상
2024-08,EQ0086,625.22,24.2,9.44,4,정상
2024-08,EQ0087,436.28,56.4,2.17,2,정상
2024-08,EQ0090,739.11,54.5,3.04,4,정상
2024-08,EQ0094,234.74,39.5,4.8,3,경고
2024-08,EQ0096,255.25,27.6,5.84,2,정상
2024-08,EQ0097,331.83,26.6,5.22,1,정상
2024-08,EQ0102,755.42,33.5,4.92,0,주의
2024-08,EQ0103,414.61,39.3,3.1,1,경고
2024-08,EQ0104,544.33,46.4,7.04,1,정상
2024-08,EQ0106,698.16,21.4,6.82,2,주의
2024-08,EQ0107,301.34,43.0,6.42,3,정상
2024-08,EQ0108,369.11,36.1,3.57,4,정상
2024-08,EQ0112,291.55,43.8,7.48,1,정상
2024-08,EQ0114,573.48,59.1,4.9,3,정상
2024-08,EQ0117,791.18,57.5,5.88,3,정상
2024-08,EQ0120,462.02,20.1,3.07,2,정상
2024-08,EQ0122,298.06,35.8,7.21,0,정상
2024-08,EQ0130,372.35,26.7,2.96,3,정상
2024-08,EQ0133,554.05,24.1,3.74,2,정상
2024-08,EQ0134,689.54,23.0,4.97,1,정상
2024-08,EQ0135,253.11,55.1,5.85,1,정상
2024-08,EQ0136,772.81,36.9,6.83,4,정상
2024-08,EQ0138,271.09,52.4,9.42,1,정상
2024-08,EQ0139,451.17,25.7,3.56,2,주의
2024-08,EQ0141,619.85,26.6,7.76,3,주의
2024-08,EQ0142,727.6,21.4,8.95,2,주의
2024-08,EQ0143,383.4,38.2,3.57,0,주의
2024-08,EQ0145,564.24,44.3,1.87,1,정상
2024-08,EQ0146,418.52,31.4,6.27,3,주의
2024-08,EQ0148,662.57,25.2,7.75,2,정상
2024-08,EQ0151,622.75,29.7,1.36,3,정상
2024-08,EQ0152,407.24,29.2,1.35,4,정상
2024-08,EQ0153,548.5,51.1,5.15,0,정상
2024-08,EQ0158,388.47,30.5,6.61,1,정상
2024-08,EQ0159,606.65,48.3,1.35,0,정상
2024-08,EQ0163,670.94,33.7,9.52,1,정상
2024-08,EQ0165,205.83,59.2,1.27,1,주의
2024-08,EQ0166,533.89,34.1,9.99,2,주의
2024-08,EQ0169,590.89,42.2,1.0,4,주의
2024-08,EQ0170,355.82,25.0,9.54,4,정상
2024-08,EQ0171,273.14,20.5,4.65,1,주의
2024-08,EQ0175,233.21,43.6,8.22,4,정상
2024-08,EQ0177,411.78,20.8,9.84,4,주의
2024-08,EQ0178,580.86,54.9,3.49,3,정상
2024-08,EQ0182,390.32,48.4,2.62,3,주의
2024-08,EQ0183,215.23,57.2,4.67,4,정상
2024-08,EQ0186,455.03,21.6,3.99,3,정상
2024-08,EQ0187,641.96,49.5,7.61,3,주의
2024-08,EQ0191,494.49,36.1,9.53,3,정상
2024-08,EQ0196,726.52,32.2,1.03,2,주의
2024-08,EQ0197,673.25,42.7,9.29,0,정상
2024-08,EQ0201,505.86,40.7,1.0,0,정상
2024-08,EQ0205,779.26,43.0,2.58,0,정상
2024-08,EQ0207,670.25,52.3,1.27,2,정상
2024-08,EQ0210,569.88,23.2,9.2,0,정상
2024-08,EQ0215,664.88,20.4,9.42,3,정상
2024-08,EQ0216,634.78,36.6,7.34,1,정상
2024-08,EQ0217,522.67,43.1,2.7,4,정상
2024-08,EQ0218,491.07,22.3,5.03,4,정상
2024-08,EQ0220,743.48,52.1,7.16,4,정상
2024-08,EQ0223,728.48,32.4,3.07,2,주의
2024-08,EQ0225,716.4,53.4,2.93,0,주의
2024-08,EQ0226,206.49,25.4,4.22,2,정상
2024-08,EQ0227,726.61,48.5,7.93,0,정상
2024-08,EQ0229,772.35,45.1,4.14,3,주의
2024-08,EQ0231,602.07,47.1,7.09,2,정상
2024-08,EQ0233,360.38,44.4,4.19,3,정상
2024-08,EQ0234,263.32,26.3,7.06,3,정상
2024-08,EQ0236,571.62,28.5,2.21,0,주의
2024-08,EQ0238,619.39,58.4,6.86,3,정상
2024-08,EQ0240,583.69,23.9,7.81,3,정상
2024-08,EQ0241,469.44,34.4,8.75,1,정상
2024-08,EQ0243,460.55,56.5,7.37,4,주의
2024-08,EQ0244,406.63,54.3,4.62,1,경고
2024-08,EQ0245,627.74,52.2,1.83,1,정상
2024-08,EQ0246,469.15,47.7,4.52,1,정상
2024-08,EQ0248,593.74,55.0,8.62,1,정상
2024-08,EQ0250,435.53,58.5,1.89,2,정상
2024-08,EQ0251,547.42,30.3,4.09,1,정상
2024-08,EQ0252,744.65,21.9,5.98,4,정상
2024-08,EQ0253,363.04,56.5,8.87,0,정상
2024-08,EQ0255,548.91,47.8,7.58,1,정상
2024-08,EQ0256,293.26,44.9,8.92,2,경고
2024-08,EQ0258,447.25,24.2,2.92,0,정상
2024-08,EQ0260,716.33,39.2,3.5,1,정상
2024-08,EQ0263,305.61,59.4,9.36,1,정상
2024-08,EQ0264,558.27,35.0,1.05,0,정상
2024-08,EQ0267,707.43,37.8,3.15,1,정상
2024-08,EQ0272,402.45,44.5,4.07,2,정상
2024-08,EQ0274,405.08,54.5,1.33,1,정상
2024-08,EQ0275,540.07,46.5,6.43,1,주의
2024-08,EQ0277,591.03,53.4,2.49,0,정상
2024-08,EQ0278,663.23,57.6,5.91,2,정상
2024-08,EQ0279,249.85,48.5,2.77,4,정상
2024-08,EQ0282,400.99,49.2,2.05,3,정상
2024-08,EQ0283,631.9,58.2,8.87,3,경고
2024-08,EQ0284,707.02,46.3,5.02,2,정상
2024-08,EQ0286,490.13,35.3,7.26,0,정상
2024-08,EQ0288,324.67,57.5,8.81,1,주의
2024-08,EQ0290,322.94,52.2,8.49,3,정상
2024-08,EQ0291,645.67,51.8,2.69,2,정상
2024-08,EQ0292,701.6,59.2,5.87,4,경고
2024-08,EQ0294,330.73,29.5,8.91,0,정상
2024-08,EQ0297,239.48,38.0,3.8,0,정상
2024-08,EQ0298,230.11,39.8,1.99,1,정상
2024-08,EQ0300,797.4,27.0,1.19,4,주의
2024-09,EQ0006,743.71,45.9,9.25,1,주의
2024-09,EQ0007,747.76,58.9,3.43,4,정상
2024-09,EQ0008,389.41,22.4,9.61,4,정상
2024-09,EQ0013,655.75,45.6,4.25,1,정상
2024-09,EQ0014,488.9,49.7,9.77,0,주의
2024-09,EQ0015,514.41,52.9,7.45,3,주의
2024-09,EQ0025,263.38,33.9,3.77,2,정상
2024-09,EQ0026,669.01,43.7,6.38,4,주의
2024-09,EQ0028,319.6,21.5,4.7,2,정상
2024-09,EQ0030,239.87,56.5,5.07,0,정상
2024-09,EQ0031,339.61,25.0,8.78,4,정상
2024-09,EQ0032,593.56,25.1,9.0,4,정상
2024-09,EQ0033,306.24,44.7,2.35,0,정상
2024-09,EQ0034,635.58,31.2,9.26,3,주의
2024-09,EQ0035,312.73,36.2,4.59,2,정상
2024-09,EQ0036,634.3,47.0,1.86,4,정상
2024-09,EQ0038,647.93,50.9,2.25,1,정상
2024-09,EQ0042,475.31,23.0,5.32,4,주의
2024-09,EQ0047,759.42,51.8,3.13,1,정상
2024-09,EQ0048,509.15,20.1,4.74,1,주의
2024-09,EQ0050,342.56,43.5,1.43,3,정상
2024-09,EQ0053,483.44,26.6,4.36,4,정상
2024-09,EQ0056,647.83,29.0,4.74,4,정상
2024-09,EQ0057,507.65,33.5,1.52,4,정상
2024-09,EQ0058,358.86,37.4,9.02,2,정상
2024-09,EQ0061,375.11,35.4,5.2,1,주의
2024-09,EQ0064,784.81,58.7,2.33,4,주의
2024-09,EQ0067,296.95,23.7,5.85,0,정상
2024-09,EQ0068,408.27,29.7,6.55,1,정상
2024-09,EQ0069,564.62,49.8,5.83,4,정상
2024-09,EQ0070,406.03,33.7,6.8,3,정상
2024-09,EQ0071,789.5,51.2,8.57,3,정상
2024-09,EQ0074,603.52,39.5,2.46,4,정상
2024-09,EQ0075,634.25,29.5,2.98,0,정상
2024-09,EQ0082,402.42,35.1,5.23,2,정상
2024-09,EQ0083,702.09,58.6,6.12,2,정상
2024-09,EQ0086,217.58,23.0,1.97,4,정상
2024-09,EQ0087,762.31,23.5,2.46,0,경고
2024-09,EQ0090,584.82,56.8,5.57,1,경고
2024-09,EQ0091,572.69,54.1,3.3,0,정상
2024-09,EQ0095,612.72,35.3,3.8,1,정상
2024-09,EQ0096,240.8,27.9,9.46,3,경고
2024-09,EQ0098,408.8,35.8,6.57,4,정상
2024-09,EQ0099,352.52,37.9,2.44,0,경고
2024-09,EQ0101,664.35,38.7,3.89,2,경고
2024-09,EQ0102,789.25,36.5,7.38,2,정상
2024-09,EQ0103,537.99,51.5,6.5,1,정상
2024-09,EQ0104,670.77,30.3,7.69,2,정상
2024-09,EQ0105,272.55,43.9,1.64,4,정상
2024-09,EQ0106,621.12,50.3,9.86,4,경고
2024-09,EQ0108,791.56,52.1,3.6,4,경고
2024-09,EQ0109,418.7,56.7,6.16,4,정상
2024-09,EQ0110,687.28,23.8,7.31,0,정상
2024-09,EQ0111,431.77,56.0,1.3,2,정상
2024-09,EQ0112,268.75,47.9,6.08,2,정상
2024-09,EQ0113,568.93,32.0,7.12,2,주의
2024-09,EQ0114,333.74,34.0,3.4,4,정상
2024-09,EQ0116,722.32,29.7,2.42,1,정상
2024-09,EQ0118,448.18,27.5,8.93,0,정상
2024-09,EQ0120,548.61,52.4,9.05,3,정상
2024-09,EQ0122,651.99,22.1,9.94,3,정상
2024-09,EQ0123,319.3,52.2,7.78,0,정상
2024-09,EQ0128,494.56,24.2,6.18,2,정상
2024-09,EQ0130,207.2,35.1,1.84,4,경고
2024-09,EQ0134,707.38,32.8,8.44,0,주의
2024-09,EQ0135,796.1,42.7,4.13,1,정상
2024-09,EQ0136,351.29,54.4,1.27,1,정상
2024-09,EQ0137,320.13,43.8,4.74,2,주의
2024-09,EQ0138,790.0,52.3,9.93,3,정상
2024-09,EQ0139,374.51,38.0,7.62,3,주의
2024-09,EQ0140,698.73,53.9,2.22,3,정상
2024-09,EQ0141,536.91,55.1,4.91,0,주의
2024-09,EQ0142,283.31,24.8,7.8,3,정상
2024-09,EQ0147,339.39,43.4,9.98,0,정상
2024-09,EQ0151,595.59,35.1,4.91,3,정상
2024-09,EQ0152,783.32,44.7,4.04,0,정상
2024-09,EQ0153,626.18,23.8,4.12,3,정상
2024-09,EQ0154,324.51,57.7,5.05,1,경고
2024-09,EQ0155,636.75,28.6,6.19,1,정상
2024-09,EQ0159,291.01,21.7,5.52,0,주의
2024-09,EQ0161,320.52,31.8,8.54,3,정상
2024-09,EQ0163,274.79,34.7,1.79,1,정상
2024-09,EQ0164,429.02,42.3,8.93,2,정상
2024-09,EQ0165,773.81,54.3,4.93,4,정상
2024-09,EQ0166,212.94,40.4,6.88,2,정상
2024-09,EQ0167,695.32,56.9,3.1,3,주의
2024-09,EQ0168,711.86,26.9,7.49,0,경고
2024-09,EQ0170,359.45,31.4,5.87,0,정상
2024-09,EQ0173,346.09,58.3,4.34,1,주의
2024-09,EQ0175,500.28,32.3,8.55,1,정상
2024-09,EQ0178,598.96,42.4,2.53,4,주의
2024-09,EQ0182,752.82,41.2,1.28,1,경고
2024-09,EQ0183,414.55,59.2,5.9,2,정상
2024-09,EQ0187,734.16,50.2,6.07,3,정상
2024-09,EQ0188,771.87,32.3,1.77,0,정상
2024-09,EQ0189,458.9,36.9,4.88,0,주의
2024-09,EQ0191,315.19,38.3,5.94,1,정상
2024-09,EQ0192,649.11,38.3,1.31,3,정상
2024-09,EQ0195,555.95,55.5,9.84,1,정상
2024-09,EQ0196,218.65,45.3,6.67,4,주의
2024-09,EQ0198,736.89,34.6,8.46,1,정상
2024-09,EQ0200,211.42,24.1,3.06,2,경고
2024-09,EQ0201,700.27,47.1,9.35,0,정상
2024-09,EQ0204,568.4,34.5,7.92,2,정상
2024-09,EQ0212,364.2,32.6,6.55,0,정상
2024-09,EQ0213,403.44,31.5,4.2,3,정상
2024-09,EQ0214,436.38,32.4,8.28,4,정상
2024-09,EQ0220,472.03,53.8,3.32,2,주의
2024-09,EQ0221,400.23,39.6,3.66,0,주의
2024-09,EQ0222,560.07,56.9,6.79,0,정상
2024-09,EQ0223,531.74,25.2,8.79,0,정상
2024-09,EQ0225,744.71,31.1,7.0,0,주의
2024-09,EQ0226,309.95,24.9,4.02,1,정상
2024-09,EQ0231,402.68,28.2,9.47,3,주의
2024-09,EQ0232,584.7,41.1,1.26,4,정상
2024-09,EQ0233,226.39,40.3,8.66,4,정상
2024-09,EQ0235,585.49,28.5,6.33,4,주의
2024-09,EQ0236,618.27,32.3,8.9,0,정상
2024-09,EQ0237,281.44,23.6,4.59,1,정상
2024-09,EQ0240,308.98,26.1,6.31,4,정상
2024-09,EQ0242,288.36,27.3,8.89,1,정상
2024-09,EQ0244,702.46,59.9,5.53,1,주의
2024-09,EQ0250,736.07,23.0,4.7,1,정상
2024-09,EQ0251,357.93,33.5,3.81,3,주의
2024-09,EQ0252,500.05,35.2,7.17,1,주의
2024-09,EQ0253,600.86,44.2,2.13,0,정상
2024-09,EQ0254,448.04,21.7,8.43,0,정상
2024-09,EQ0256,559.85,43.3,1.95,3,주의
2024-09,EQ0258,728.94,26.1,6.29,4,정상
2024-09,EQ0262,201.94,51.7,3.19,2,주의
2024-09,EQ0263,604.73,45.9,7.77,2,정상
2024-09,EQ0264,240.95,20.3,1.29,3,정상
2024-09,EQ0266,788.25,56.3,8.41,3,정상
2024-09,EQ0270,220.8,24.2,4.28,0,정상
2024-09,EQ0272,726.15,49.8,7.48,0,정상
2024-09,EQ0273,749.35,27.1,6.21,2,정상
2024-09,EQ0276,488.1,56.1,4.5,3,정상
2024-09,EQ0278,507.75,41.0,9.85,3,정상
2024-09,EQ0279,793.52,43.9,1.36,1,정상
2024-09,EQ0281,618.83,38.2,5.97,3,정상
2024-09,EQ0282,271.51,52.0,9.3,0,정상
2024-09,EQ0284,264.67,42.7,5.36,4,정상
2024-09,EQ0286,227.05,41.1,3.96,4,정상
2024-09,EQ0287,789.43,50.0,4.22,2,주의
2024-09,EQ0288,534.68,21.2,1.44,0,주의
2024-09,EQ0291,496.3,37.6,8.54,0,정상
2024-09,EQ0292,672.29,28.8,5.37,3,경고
2024-09,EQ0293,421.95,32.9,8.98,4,정상
2024-09,EQ0296,709.81,24.2,5.71,2,주의
2024-09,EQ0298,607.18,33.9,1.59,0,주의
2024-10,EQ0001,440.8,38.6,9.4,4,정상
2024-10,EQ0005,524.36,27.6,2.49,1,정상
2024-10,EQ0006,673.09,35.6,1.41,1,주의
2024-10,EQ0010,783.37,48.8,9.41,1,정상
2024-10,EQ0011,730.61,39.1,1.07,0,정상
2024-10,EQ0013,664.93,45.0,3.63,0,정상
2024-10,EQ0016,232.67,39.3,4.65,0,정상
2024-10,EQ0019,630.31,55.8,7.65,0,주의
2024-10,EQ0020,594.2,32.7,5.77,2,정상
2024-10,EQ0022,525.38,26.4,2.74,1,정상
2024-10,EQ0023,492.9,53.7,5.99,2,정상
2024-10,EQ0024,249.65,26.2,6.62,4,정상
2024-10,EQ0028,684.8,30.3,7.71,3,정상
2024-10,EQ0030,538.6,48.1,7.53,3,정상
2024-10,EQ0031,395.21,32.9,4.03,2,정상
2024-10,EQ0032,470.44,28.1,7.05,3,주의
2024-10,EQ0034,250.25,50.4,9.28,1,주의
2024-10,EQ0035,669.97,37.4,8.1,3,정상
2024-10,EQ0036,461.87,50.6,1.12,4,주의
2024-10,EQ0038,435.34,43.5,5.03,4,주의
2024-10,EQ0042,594.6,39.1,3.49,0,정상
2024-10,EQ0044,591.11,39.1,9.69,1,정상
2024-10,EQ0045,505.02,54.2,7.91,2,정상
2024-10,EQ0048,318.58,33.8,4.82,0,정상
2024-10,EQ0050,444.27,26.9,8.6,0,정상
2024-10,EQ0051,409.64,46.9,5.67,4,경고
2024-10,EQ0053,647.39,56.1,5.69,3,정상
2024-10,EQ0059,413.59,50.9,4.07,3,정상
2024-10,EQ0061,765.02,55.5,3.59,1,정상
2024-10,EQ0062,567.77,24.6,7.66,1,정상
2024-10,EQ0063,439.5,60.0,3.35,3,정상
2024-10,EQ0064,771.34,25.1,5.82,3,정상
2024-10,EQ0065,603.8,30.0,7.97,3,정상
2024-10,EQ0068,448.69,54.7,2.93,2,경고
2024-10,EQ0070,715.49,24.9,6.32,1,경고
2024-10,EQ0071,687.95,37.3,6.12,2,정상
2024-10,EQ0072,217.44,30.4,5.91,0,정상
2024-10,EQ0073,789.6,45.9,6.64,1,정상
2024-10,EQ0074,329.6,49.4,4.78,2,주의
2024-10,EQ0080,494.44,45.2,4.81,1,정상
2024-10,EQ0081,450.19,33.1,5.72,2,주의
2024-10,EQ0083,373.05,58.2,8.45,1,경고
2024-10,EQ0084,481.31,33.6,7.01,4,정상
2024-10,EQ0085,452.02,53.6,4.94,3,정상
2024-10,EQ0087,353.53,22.7,7.82,2,정상
2024-10,EQ0088,583.95,24.5,7.26,1,정상
2024-10,EQ0090,508.46,54.5,5.99,4,정상
2024-10,EQ0093,451.27,36.8,7.26,2,주의
2024-10,EQ0094,770.43,55.5,4.18,3,정상
2024-10,EQ0101,776.57,53.8,4.95,3,주의
2024-10,EQ0103,556.19,33.8,5.9,2,정상
2024-10,EQ0105,781.21,27.3,3.48,1,주의
2024-10,EQ0106,610.93,39.8,1.83,3,정상
2024-10,EQ0107,361.17,46.8,4.17,0,정상
2024-10,EQ0109,367.77,48.7,9.05,4,정상
2024-10,EQ0111,270.09,26.2,4.29,3,정상
2024-10,EQ0112,647.13,27.6,7.18,0,정상
2024-10,EQ0115,373.67,25.9,7.3,1,정상
2024-10,EQ0116,286.49,39.0,3.73,0,정상
2024-10,EQ0117,657.69,25.8,8.39,3,경고
2024-10,EQ0121,462.58,32.7,6.67,4,정상
2024-10,EQ0126,640.83,36.1,2.76,4,경고
2024-10,EQ0127,444.05,46.4,7.55,1,정상
2024-10,EQ0128,681.74,37.8,3.47,2,정상
2024-10,EQ0132,753.38,40.3,9.45,0,경고
2024-10,EQ0133,389.37,25.6,7.64,4,정상
2024-10,EQ0134,586.43,52.5,4.64,2,정상
2024-10,EQ0137,230.71,40.5,7.97,0,정상
2024-10,EQ0142,457.46,48.5,7.31,4,정상
2024-10,EQ0143,419.34,20.7,3.3,3,주의
2024-10,EQ0149,440.01,45.9,9.83,2,정상
2024-10,EQ0153,529.66,51.2,9.45,0,정상
2024-10,EQ0156,265.54,34.0,8.98,4,정상
2024-10,EQ0157,438.1,56.1,5.17,4,정상
2024-10,EQ0161,265.55,29.2,6.08,4,정상
2024-10,EQ0163,321.76,39.7,2.15,0,정상
2024-10,EQ0167,370.94,42.4,6.42,1,경고
2024-10,EQ0168,532.35,37.9,6.45,3,정상
2024-10,EQ0169,655.44,20.7,5.02,2,정상
2024-10,EQ0171,748.95,35.5,7.71,0,주의
2024-10,EQ0172,769.2,51.2,5.47,0,정상
2024-10,EQ0175,245.18,43.2,9.44,1,정상
2024-10,EQ0176,229.43,50.2,5.8,0,정상
2024-10,EQ0178,608.22,42.5,9.81,3,정상
2024-10,EQ0180,640.71,44.9,3.73,3,정상
2024-10,EQ0181,406.28,33.0,1.8,4,정상
2024-10,EQ0182,734.74,32.7,4.0,4,정상
2024-10,EQ0183,214.99,29.3,8.01,1,정상
2024-10,EQ0186,600.38,28.3,2.84,1,정상
2024-10,EQ0188,479.84,41.8,6.39,0,정상
2024-10,EQ0191,672.89,46.2,3.57,4,정상
2024-10,EQ0192,671.72,36.3,3.13,2,주의
2024-10,EQ0194,456.31,33.0,6.77,0,정상
2024-10,EQ0197,449.98,27.3,4.73,1,정상
2024-10,EQ0198,659.34,24.1,7.55,0,정상
2024-10,EQ0200,363.43,20.9,3.31,0,정상
2024-10,EQ0201,501.54,21.5,4.55,1,정상
2024-10,EQ0202,318.61,47.8,1.08,0,정상
2024-10,EQ0204,696.65,23.6,2.32,0,주의
2024-10,EQ0207,445.91,35.6,1.22,4,정상
2024-10,EQ0211,369.06,41.2,2.56,3,정상
2024-10,EQ0212,413.36,59.4,1.37,0,정상
2024-10,EQ0213,344.99,22.3,1.36,0,정상
2024-10,EQ0217,706.36,35.2,7.61,3,경고
2024-10,EQ0219,720.66,52.2,9.43,1,정상
2024-10,EQ0225,528.89,52.6,6.29,3,주의
2024-10,EQ0230,544.99,40.7,3.92,4,정상
2024-10,EQ0231,282.39,28.1,4.74,4,주의
2024-10,EQ0232,223.07,39.9,6.66,0,주의
2024-10,EQ0233,373.49,32.3,5.28,0,주의
2024-10,EQ0236,223.12,33.3,9.32,3,정상
2024-10,EQ0237,469.87,43.9,8.86,2,정상
2024-10,EQ0238,585.39,45.8,2.76,3,경고
2024-10,EQ0239,301.62,46.9,1.11,4,주의
2024-10,EQ0240,511.91,23.2,5.37,3,주의
2024-10,EQ0242,791.94,50.8,6.61,1,주의
2024-10,EQ0245,314.98,45.6,9.07,2,정상
2024-10,EQ0246,359.43,59.4,9.15,2,경고
2024-10,EQ0250,381.38,55.5,9.27,4,정상
2024-10,EQ0251,756.64,20.3,5.56,3,정상
2024-10,EQ0252,524.8,58.3,9.38,1,정상
2024-10,EQ0254,739.29,44.1,5.84,2,정상
2024-10,EQ0255,447.44,22.1,1.17,4,정상
2024-10,EQ0256,789.64,32.7,7.65,0,주의
2024-10,EQ0257,249.01,47.1,9.17,2,정상
2024-10,EQ0258,617.38,46.1,7.05,3,주의
2024-10,EQ0259,784.09,40.3,9.19,4,주의
2024-10,EQ0262,207.8,42.3,1.62,0,주의
2024-10,EQ0263,369.87,33.9,9.11,2,주의
2024-10,EQ0264,497.82,53.4,5.03,3,경고
2024-10,EQ0267,353.66,24.9,4.27,1,주의
2024-10,EQ0269,359.64,38.8,5.1,0,경고
2024-10,EQ0270,315.19,60.0,1.68,4,정상
2024-10,EQ0272,474.78,59.7,2.67,0,경고
2024-10,EQ0273,449.9,41.6,8.23,0,주의
2024-10,EQ0274,448.24,29.2,6.13,0,정상
2024-10,EQ0275,561.49,33.8,8.61,2,주의
2024-10,EQ0279,262.67,39.8,4.38,2,주의
2024-10,EQ0281,237.47,56.1,1.43,4,정상
2024-10,EQ0284,561.62,52.1,7.81,4,주의
2024-10,EQ0285,282.72,31.3,9.68,4,정상
2024-10,EQ0286,786.11,24.8,4.6,3,정상
2024-10,EQ0287,656.58,58.2,7.8,1,정상
2024-10,EQ0290,634.9,46.2,5.44,0,정상
2024-10,EQ0292,668.74,20.9,3.98,3,정상
2024-10,EQ0293,608.84,28.5,5.31,1,정상
2024-10,EQ0295,389.26,41.9,1.09,4,정상
2024-10,EQ0296,449.49,32.6,7.51,1,정상
2024-10,EQ0298,703.03,40.0,4.63,4,주의
2024-10,EQ0300,520.09,43.8,2.09,3,주의
2024-11,EQ0001,620.6,42.4,4.03,2,정상
2024-11,EQ0002,702.01,54.6,8.32,2,정상
2024-11,EQ0004,551.52,48.4,1.81,0,정상
2024-11,EQ0005,726.71,39.4,5.09,4,정상
2024-11,EQ0006,704.15,59.1,1.39,2,정상
2024-11,EQ0007,612.27,44.7,4.96,3,정상
2024-11,EQ0008,610.84,24.7,2.78,0,정상
2024-11,EQ0018,203.94,57.9,7.52,0,경고
2024-11,EQ0021,298.55,25.8,2.51,1,정상
2024-11,EQ0023,380.67,26.3,4.9,3,정상
2024-11,EQ0026,576.44,39.7,9.97,1,주의
2024-11,EQ0027,576.96,46.7,8.66,3,정상
2024-11,EQ0029,398.54,21.9,8.52,3,경고
2024-11,EQ0033,418.18,44.5,5.61,3,주의
2024-11,EQ0035,730.02,27.4,1.53,1,정상
2024-11,EQ0036,408.3,51.4,3.73,1,주의
2024-11,EQ0039,589.66,33.8,7.94,2,주의
2024-11,EQ0040,468.43,30.7,4.66,2,경고
2024-11,EQ0041,613.19,40.6,4.08,3,주의
2024-11,EQ0042,710.07,57.0,5.8,3,정상
2024-11,EQ0043,627.41,48.5,5.63,2,정상
2024-11,EQ0045,274.5,57.3,6.46,2,정상
2024-11,EQ0046,296.7,44.3,5.01,4,정상
2024-11,EQ0048,274.46,45.6,2.3,1,경고
2024-11,EQ0049,729.73,51.0,8.93,3,주의
2024-11,EQ0050,354.98,28.6,4.57,4,경고
2024-11,EQ0053,462.36,38.0,7.95,3,주의
2024-11,EQ0057,402.89,47.4,6.04,1,경고
2024-11,EQ0058,239.12,29.9,2.75,2,정상
2024-11,EQ0060,283.58,27.3,3.02,3,정상
2024-11,EQ0061,717.71,45.6,1.08,1,주의
2024-11,EQ0063,264.63,53.4,5.29,3,정상
2024-11,EQ0065,517.5,55.9,2.13,4,정상
2024-11,EQ0067,701.14,59.5,1.09,1,주의
2024-11,EQ0069,730.0,21.3,9.94,0,정상
2024-11,EQ0071,371.87,30.0,6.48,2,정상
2024-11,EQ0077,237.88,30.8,9.32,4,정상
2024-11,EQ0079,588.59,51.9,1.22,3,정상
2024-11,EQ0080,635.39,38.7,8.58,3,경고
2024-11,EQ0081,751.81,29.9,5.78,4,경고
2024-11,EQ0085,646.03,42.9,9.0,3,정상
2024-11,EQ0086,371.59,21.7,5.96,1,경고
2024-11,EQ0088,387.88,54.4,4.96,3,주의
2024-11,EQ0091,386.29,41.2,6.91,3,정상
2024-11,EQ0092,636.12,49.3,6.15,2,주의
2024-11,EQ0096,341.98,46.5,5.29,3,정상
2024-11,EQ0099,209.67,27.3,2.77,4,정상
2024-11,EQ0101,734.14,49.9,3.53,0,정상
2024-11,EQ0102,306.05,56.5,8.91,1,정상
2024-11,EQ0103,684.03,39.3,9.69,4,정상
2024-11,EQ0104,777.53,49.2,4.08,2,경고
2024-11,EQ0105,514.46,53.9,8.44,4,정상
2024-11,EQ0107,499.23,34.5,5.09,4,정상
2024-11,EQ0108,358.86,43.4,2.63,4,정상
2024-11,EQ0110,735.87,25.9,5.21,1,정상
2024-11,EQ0111,789.73,27.1,7.95,4,주의
2024-11,EQ0112,441.6,36.2,4.97,0,정상
2024-11,EQ0113,519.5,59.0,8.77,2,정상
2024-11,EQ0114,538.17,35.7,9.59,0,정상
2024-11,EQ0116,540.82,20.5,9.44,3,정상
2024-11,EQ0118,372.23,44.1,3.21,2,정상
2024-11,EQ0119,294.18,53.3,2.73,0,정상
2024-11,EQ0120,717.01,59.6,3.17,1,정상
2024-11,EQ0122,309.81,50.2,5.01,0,정상
2024-11,EQ0125,519.11,38.5,6.15,4,주의
2024-11,EQ0126,319.7,38.2,8.51,3,정상
2024-11,EQ0128,224.83,56.4,9.32,4,정상
2024-11,EQ0130,248.86,56.5,4.64,2,정상
2024-11,EQ0132,584.7,55.3,6.56,4,정상
2024-11,EQ0134,359.79,50.4,5.55,2,정상
2024-11,EQ0135,411.98,58.0,4.72,1,정상
2024-11,EQ0136,686.33,35.4,9.34,4,정상
2024-11,EQ0138,502.78,51.0,1.61,0,정상
2024-11,EQ0141,314.25,55.5,8.47,1,주의
2024-11,EQ0142,409.15,28.3,7.27,3,정상
2024-11,EQ0147,396.94,48.7,7.81,2,주의
2024-11,EQ0148,686.86,27.8,6.62,4,경고
2024-11,EQ0149,406.79,53.2,5.98,3,정상
2024-11,EQ0150,630.85,28.6,3.69,0,경고
2024-11,EQ0151,717.97,28.9,3.38,0,주의
2024-11,EQ0152,770.58,54.8,8.13,2,주의
2024-11,EQ0153,318.2,58.9,5.92,4,정상
2024-11,EQ0154,435.85,28.8,4.99,3,정상
2024-11,EQ0155,786.87,58.9,4.17,4,정상
2024-11,EQ0156,750.15,59.3,9.14,0,정상
2024-11,EQ0159,412.86,32.6,6.63,4,주의
2024-11,EQ0160,716.33,44.7,6.72,0,정상
2024-11,EQ0165,442.72,58.6,2.32,4,정상
2024-11,EQ0167,359.7,45.7,1.88,1,주의
2024-11,EQ0168,677.01,55.4,2.47,3,주의
2024-11,EQ0170,424.38,50.7,9.33,1,정상
2024-11,EQ0172,472.15,59.8,5.82,0,경고
2024-11,EQ0178,402.73,50.2,7.39,4,정상
2024-11,EQ0179,617.39,54.4,2.22,1,정상
2024-11,EQ0189,241.0,34.9,4.22,1,정상
2024-11,EQ0190,718.49,36.6,5.01,0,경고
2024-11,EQ0192,368.76,30.8,3.07,3,정상
2024-11,EQ0194,771.66,46.2,3.95,0,주의
2024-11,EQ0195,682.07,35.1,1.76,0,정상
2024-11,EQ0196,781.77,56.6,5.45,4,정상
2024-11,EQ0198,531.63,51.6,8.18,0,정상
2024-11,EQ0203,630.36,41.6,7.61,3,정상
2024-11,EQ0204,347.47,35.0,8.7,0,주의
2024-11,EQ0206,432.26,23.9,8.89,4,경고
2024-11,EQ0207,540.35,51.2,4.02,0,정상
2024-11,EQ0208,416.51,34.2,5.26,2,경고
2024-11,EQ0209,489.59,27.7,4.86,4,주의
2024-11,EQ0211,436.1,34.3,1.89,2,정상
2024-11,EQ0213,661.71,42.7,7.71,2,정상
2024-11,EQ0214,443.58,38.6,7.85,4,정상
2024-11,EQ0219,389.09,51.4,4.25,0,정상
2024-11,EQ0220,304.89,29.6,5.64,1,주의
2024-11,EQ0221,243.72,44.3,1.11,1,정상
2024-11,EQ0222,200.4,53.4,7.83,4,정상
2024-11,EQ0224,675.18,29.1,3.98,4,주의
2024-11,EQ0225,333.78,32.4,9.73,1,주의
2024-11,EQ0230,745.46,22.3,1.62,3,정상
2024-11,EQ0231,345.01,49.4,9.37,2,정상
2024-11,EQ0233,354.46,38.0,5.88,0,주의
2024-11,EQ0238,539.57,31.4,5.49,0,정상
2024-11,EQ0239,237.14,43.8,7.11,4,경고
2024-11,EQ0240,549.87,20.4,3.38,3,주의
2024-11,EQ0242,688.62,36.3,2.58,2,주의
2024-11,EQ0243,486.64,46.6,2.52,1,주의
2024-11,EQ0245,360.64,55.5,5.33,1,정상
2024-11,EQ0247,439.99,21.0,7.11,0,정상
2024-11,EQ0255,269.46,30.1,1.22,2,정상
2024-11,EQ0256,242.44,56.1,4.7,1,주의
2024-11,EQ0257,532.59,45.2,8.81,4,정상
2024-11,EQ0260,382.12,41.2,4.11,1,정상
2024-11,EQ0261,697.26,47.2,8.2,4,경고
2024-11,EQ0262,616.42,45.9,4.6,1,정상
2024-11,EQ0263,785.91,56.0,3.7,3,주의
2024-11,EQ0264,349.23,48.4,4.06,2,정상
2024-11,EQ0265,663.76,58.3,9.65,1,정상
2024-11,EQ0268,678.21,29.1,6.9,1,정상
2024-11,EQ0270,704.95,30.5,6.04,1,주의
2024-11,EQ0273,207.05,40.8,4.72,0,정상
2024-11,EQ0275,284.78,34.6,3.72,3,정상
2024-11,EQ0277,291.04,50.8,7.61,1,정상
2024-11,EQ0280,694.3,48.0,8.48,4,정상
2024-11,EQ0281,527.67,48.6,2.02,0,정상
2024-11,EQ0283,726.45,23.1,4.5,0,주의
2024-11,EQ0284,387.96,40.7,4.47,3,정상
2024-11,EQ0286,699.3,28.4,7.11,4,정상
2024-11,EQ0287,629.47,27.8,7.29,0,정상
2024-11,EQ0288,239.25,37.8,1.61,0,정상
2024-11,EQ0291,750.96,21.9,9.08,2,정상
2024-11,EQ0294,299.14,56.8,5.7,3,정상
2024-11,EQ0297,234.89,21.7,1.27,0,정상
2024-12,EQ0001,266.82,41.8,1.12,2,경고
2024-12,EQ0002,795.57,49.3,2.31,2,정상
2024-12,EQ0003,765.49,43.2,2.79,3,정상
2024-12,EQ0005,450.5,29.7,4.09,3,정상
2024-12,EQ0006,206.41,48.2,5.09,0,경고
2024-12,EQ0007,693.02,52.7,2.03,1,경고
2024-12,EQ0008,477.45,59.0,1.32,0,주의
2024-12,EQ0010,442.34,54.6,3.03,0,경고
2024-12,EQ0011,337.62,40.8,7.41,2,정상
2024-12,EQ0012,695.09,48.7,6.99,4,주의
2024-12,EQ0014,650.81,30.0,8.5,4,정상
2024-12,EQ0016,523.79,58.0,4.5,1,정상
2024-12,EQ0020,407.53,30.4,4.2,4,정상
2024-12,EQ0021,515.99,25.3,1.91,4,정상
2024-12,EQ0022,732.72,36.2,5.3,2,정상
2024-12,EQ0023,337.44,49.5,8.44,4,정상
2024-12,EQ0025,693.53,23.5,4.35,4,정상
2024-12,EQ0027,636.72,29.8,4.53,4,정상
2024-12,EQ0028,259.0,56.2,8.45,0,정상
2024-12,EQ0029,558.47,53.8,6.38,0,정상
2024-12,EQ0033,614.48,58.5,1.66,4,정상
2024-12,EQ0034,417.72,42.8,2.8,0,정상
2024-12,EQ0037,268.05,37.5,2.63,1,정상
2024-12,EQ0039,758.06,51.7,5.44,4,정상
2024-12,EQ0040,496.75,57.4,1.08,0,정상
2024-12,EQ0042,399.11,22.9,7.46,3,정상
2024-12,EQ0045,668.1,49.4,7.8,4,정상
2024-12,EQ0046,622.57,47.6,5.64,0,정상
2024-12,EQ0050,203.35,41.4,6.31,4,정상
2024-12,EQ0051,419.12,44.2,9.52,2,정상
2024-12,EQ0053,537.98,58.5,9.03,3,정상
2024-12,EQ0054,599.47,37.5,5.87,4,주의
2024-12,EQ0055,506.19,41.1,9.02,4,정상
2024-12,EQ0060,726.05,27.3,5.64,2,주의
2024-12,EQ0061,405.82,29.0,9.63,4,정상
2024-12,EQ0062,665.1,50.2,5.65,3,정상
2024-12,EQ0063,479.99,42.4,9.32,4,정상
2024-12,EQ0070,295.43,20.9,1.8,0,정상
2024-12,EQ0071,434.99,56.9,4.7,3,정상
2024-12,EQ0077,260.8,55.8,5.91,2,주의
2024-12,EQ0079,607.47,46.6,1.61,4,정상
2024-12,EQ0084,485.79,53.4,8.14,0,정상
2024-12,EQ0087,334.16,30.5,3.55,2,주의
2024-12,EQ0088,414.51,39.8,6.47,1,정상
2024-12,EQ0089,504.44,23.5,6.15,3,정상
2024-12,EQ0091,291.44,56.1,1.34,1,정상
2024-12,EQ0093,758.16,32.4,8.47,3,주의
2024-12,EQ0098,671.59,28.0,6.04,1,정상
2024-12,EQ0099,210.65,47.2,1.65,3,정상
2024-12,EQ0100,749.37,54.0,5.97,3,정상
2024-12,EQ0103,788.79,52.8,3.41,0,정상
2024-12,EQ0104,306.44,23.1,7.39,0,주의
2024-12,EQ0106,575.59,42.1,6.38,3,주의
2024-12,EQ0107,564.22,58.7,7.98,3,정상
2024-12,EQ0114,315.4,32.9,2.55,3,주의
2024-12,EQ0115,529.87,33.8,3.53,1,정상
2024-12,EQ0117,747.07,26.7,1.22,1,정상
2024-12,EQ0121,383.69,59.3,2.0,2,경고
2024-12,EQ0122,692.37,38.3,2.79,4,정상
2024-12,EQ0127,222.33,49.8,9.79,0,정상
2024-12,EQ0129,467.64,52.1,3.23,3,주의
2024-12,EQ0130,561.92,41.8,4.91,2,정상
2024-12,EQ0133,359.16,23.1,7.49,1,정상
2024-12,EQ0134,216.61,22.5,9.78,4,정상
2024-12,EQ0136,253.05,20.6,7.61,1,주의
2024-12,EQ0137,660.64,36.0,9.74,3,정상
2024-12,EQ0138,787.44,47.0,3.4,2,정상
2024-12,EQ0140,791.36,37.0,5.53,1,주의
2024-12,EQ0142,780.27,47.7,3.42,2,주의
2024-12,EQ0145,515.37,57.3,2.27,0,정상
2024-12,EQ0147,214.41,44.2,4.88,0,정상
2024-12,EQ0148,649.64,29.8,4.98,0,주의
2024-12,EQ0151,264.8,50.5,4.71,0,정상
2024-12,EQ0152,233.41,24.4,8.94,4,주의
2024-12,EQ0155,434.87,31.4,5.83,1,정상
2024-12,EQ0157,613.75,22.9,9.23,4,정상
2024-12,EQ0158,622.5,20.1,6.83,4,정상
2024-12,EQ0159,653.0,54.9,3.46,1,주의
2024-12,EQ0160,384.99,48.8,4.01,2,주의
2024-12,EQ0164,380.39,54.9,5.09,4,주의
2024-12,EQ0167,334.59,40.5,9.6,2,주의
2024-12,EQ0169,593.85,47.9,9.78,2,주의
2024-12,EQ0176,478.39,26.3,9.9,0,주의
2024-12,EQ0177,607.47,58.8,3.59,2,정상
2024-12,EQ0178,677.63,45.7,1.77,3,정상
2024-12,EQ0180,230.84,44.2,2.87,1,정상
2024-12,EQ0181,794.14,39.1,2.49,2,정상
2024-12,EQ0182,747.59,44.7,9.48,1,정상
2024-12,EQ0184,472.16,34.3,8.38,1,정상
2024-12,EQ0185,729.26,48.3,2.36,1,정상
2024-12,EQ0188,341.08,37.2,3.1,4,정상
2024-12,EQ0190,558.28,26.9,6.86,2,정상
2024-12,EQ0191,769.58,47.1,6.31,2,정상
2024-12,EQ0195,757.9,44.3,3.02,2,정상
2024-12,EQ0196,514.8,44.2,7.38,4,주의
2024-12,EQ0197,269.51,29.0,9.96,0,정상
2024-12,EQ0199,647.64,35.6,4.67,1,정상
2024-12,EQ0200,267.72,28.0,6.06,3,정상
2024-12,EQ0201,534.64,48.1,4.5,0,정상
2024-12,EQ0202,714.06,27.4,2.42,3,정상
2024-12,EQ0204,233.22,48.0,6.22,4,정상
2024-12,EQ0205,273.15,37.0,1.7,1,정상
2024-12,EQ0210,430.88,31.6,6.66,2,정상
2024-12,EQ0211,646.28,44.8,2.08,2,경고
2024-12,EQ0212,352.02,49.3,3.48,1,정상
2024-12,EQ0216,581.71,44.9,2.3,3,주의
2024-12,EQ0217,357.45,52.9,3.97,2,정상
2024-12,EQ0219,481.74,32.2,3.79,4,정상
2024-12,EQ0223,479.34,21.2,6.34,3,정상
2024-12,EQ0224,702.78,45.8,7.6,2,주의
2024-12,EQ0226,380.73,31.4,7.24,3,정상
2024-12,EQ0228,475.23,36.7,7.76,0,주의
2024-12,EQ0231,240.31,29.5,9.47,4,경고
2024-12,EQ0234,720.51,49.6,7.48,0,경고
2024-12,EQ0235,680.39,40.3,5.28,4,정상
2024-12,EQ0236,226.72,35.5,4.71,3,정상
2024-12,EQ0240,735.75,59.3,6.44,0,정상
2024-12,EQ0242,352.7,26.7,8.24,3,주의
2024-12,EQ0243,617.11,58.6,7.07,2,정상
2024-12,EQ0245,446.91,30.1,1.74,0,주의
2024-12,EQ0246,789.17,27.8,5.13,0,경고
2024-12,EQ0253,270.22,21.3,4.74,2,정상
2024-12,EQ0255,399.76,40.2,5.31,0,정상
2024-12,EQ0256,523.93,49.3,8.21,3,주의
2024-12,EQ0259,602.26,25.8,1.58,4,정상
2024-12,EQ0261,533.35,46.9,2.47,3,주의
2024-12,EQ0262,783.81,55.3,4.65,0,주의
2024-12,EQ0264,485.72,46.1,3.37,3,주의
2024-12,EQ0265,684.16,35.2,1.56,2,정상
2024-12,EQ0267,785.3,48.2,1.64,4,정상
2024-12,EQ0268,486.85,52.1,4.54,0,정상
2024-12,EQ0270,683.96,53.9,3.21,1,정상
2024-12,EQ0272,580.37,48.9,3.37,4,정상
2024-12,EQ0274,347.49,35.4,2.96,4,정상
2024-12,EQ0276,744.03,51.4,1.81,2,주의
2024-12,EQ0277,489.66,39.3,6.75,4,주의
2024-12,EQ0278,697.36,44.0,4.24,1,정상
2024-12,EQ0279,426.24,29.8,3.86,3,정상
2024-12,EQ0283,389.16,26.7,2.4,4,정상
2024-12,EQ0285,233.44,30.0,2.27,2,주의
2024-12,EQ0287,440.81,36.7,5.28,4,주의
2024-12,EQ0288,240.31,27.8,2.56,4,주의
2024-12,EQ0290,674.81,43.1,7.32,3,정상
2024-12,EQ0291,607.97,40.1,4.91,4,주의
2024-12,EQ0292,696.4,46.9,5.02,4,주의
2024-12,EQ0295,398.69,39.6,1.83,1,주의
2024-12,EQ0296,325.93,26.4,1.89,0,정상
2024-12,EQ0297,780.27,45.5,6.93,1,정상
2024-12,EQ0299,503.74,44.1,1.44,0,주의
2024-12,EQ0300,510.35,58.2,9.65,1,정상
2025-01,EQ0001,746.31,38.8,8.56,2,정상
2025-01,EQ0005,784.03,51.9,10.0,0,정상
2025-01,EQ0006,711.08,57.4,5.63,3,정상
2025-01,EQ0009,441.48,59.4,4.66,2,정상
2025-01,EQ0010,687.97,50.9,6.95,2,정상
2025-01,EQ0016,495.17,20.9,5.74,1,경고
2025-01,EQ0018,721.85,51.1,5.69,4,정상
2025-01,EQ0019,597.06,46.9,8.24,2,경고
2025-01,EQ0020,459.35,58.6,1.61,3,정상
2025-01,EQ0021,574.14,51.6,3.25,1,정상
2025-01,EQ0023,707.35,40.8,9.28,0,정상
2025-01,EQ0025,440.55,48.7,3.66,1,정상
2025-01,EQ0027,578.01,47.2,2.15,2,정상
2025-01,EQ0028,667.0,43.3,7.09,4,경고
2025-01,EQ0029,463.58,31.4,6.68,1,정상
2025-01,EQ0032,776.83,50.2,5.68,2,정상
2025-01,EQ0033,221.94,32.4,7.88,2,정상
2025-01,EQ0034,412.08,55.8,5.91,3,정상
2025-01,EQ0036,795.61,40.2,4.62,0,경고
2025-01,EQ0039,310.02,42.9,9.88,0,정상
2025-01,EQ0040,525.31,44.7,7.92,2,주의
2025-01,EQ0041,459.1,50.3,8.3,2,정상
2025-01,EQ0042,421.58,52.4,1.7,2,주의
2025-01,EQ0046,506.91,31.5,2.72,2,경고
2025-01,EQ0048,616.0,52.4,8.46,4,정상
2025-01,EQ0049,528.73,58.3,8.16,0,주의
2025-01,EQ0050,565.1,31.2,5.31,3,정상
2025-01,EQ0052,662.24,45.2,7.77,3,정상
2025-01,EQ0053,285.84,27.6,9.25,4,정상
2025-01,EQ0054,209.04,24.7,9.16,0,정상
2025-01,EQ0056,325.78,22.1,7.8,1,정상
2025-01,EQ0057,273.33,43.4,1.77,3,주의
2025-01,EQ0058,325.9,54.4,9.23,4,주의
2025-01,EQ0059,367.25,55.1,6.56,0,정상
2025-01,EQ0060,597.27,55.0,6.13,1,정상
2025-01,EQ0061,687.81,34.6,2.39,4,정상
2025-01,EQ0062,425.19,22.6,5.74,0,정상
2025-01,EQ0064,734.41,21.0,9.61,1,정상
2025-01,EQ0065,233.4,31.4,5.65,4,정상
2025-01,EQ0066,412.18,59.0,4.48,2,정상
2025-01,EQ0067,502.03,30.3,2.51,3,주의
2025-01,EQ0068,501.58,39.2,7.48,0,정상
2025-01,EQ0070,769.13,48.1,4.38,4,정상
2025-01,EQ0071,657.78,27.5,4.74,3,정상
2025-01,EQ0073,708.19,41.0,2.96,4,정상
2025-01,EQ0074,379.15,23.9,6.71,3,정상
2025-01,EQ0077,601.92,41.3,4.51,3,정상
2025-01,EQ0078,217.81,26.1,5.81,3,정상
2025-01,EQ0084,732.35,37.9,1.69,1,경고
2025-01,EQ0089,799.31,40.2,1.64,1,정상
2025-01,EQ0092,716.51,58.4,7.03,3,정상
2025-01,EQ0093,265.83,52.8,6.57,1,경고
2025-01,EQ0096,207.48,32.8,5.11,4,정상
2025-01,EQ0097,453.94,30.9,8.11,2,정상
2025-01,EQ0098,556.54,48.7,6.38,3,정상
2025-01,EQ0099,341.48,59.2,6.71,3,정상
2025-01,EQ0103,769.54,57.0,3.71,2,주의
2025-01,EQ0106,204.4,32.4,2.44,3,주의
2025-01,EQ0107,306.55,38.8,3.69,0,정상
2025-01,EQ0108,294.41,35.4,8.29,4,정상
2025-01,EQ0109,244.96,34.6,7.38,4,주의
2025-01,EQ0110,276.77,48.5,3.6,3,주의
2025-01,EQ0113,224.48,28.8,8.27,2,정상
2025-01,EQ0115,438.47,37.4,2.3,0,정상
2025-01,EQ0116,769.96,20.8,3.13,1,정상
2025-01,EQ0119,721.63,23.5,5.09,3,경고
2025-01,EQ0120,214.36,23.1,2.77,4,정상
2025-01,EQ0124,349.74,32.4,8.3,0,정상
2025-01,EQ0125,658.9,46.9,2.32,3,정상
2025-01,EQ0127,581.33,53.4,2.69,3,정상
2025-01,EQ0129,227.84,27.5,2.71,4,정상
2025-01,EQ0130,756.53,59.4,4.03,4,정상
2025-01,EQ0131,754.57,20.1,8.23,3,정상
2025-01,EQ0132,770.67,48.9,5.48,4,정상
2025-01,EQ0134,343.78,37.2,8.3,4,주의
2025-01,EQ0135,518.98,50.8,8.05,3,주의
2025-01,EQ0136,421.34,33.7,4.61,0,정상
2025-01,EQ0138,696.82,26.3,9.84,3,주의
2025-01,EQ0141,749.52,20.5,6.28,3,경고
2025-01,EQ0142,590.61,37.1,6.72,0,정상
2025-01,EQ0145,709.44,43.3,5.87,4,정상
2025-01,EQ0147,351.86,59.6,9.2,0,정상
2025-01,EQ0149,487.93,43.7,6.84,0,정상
2025-01,EQ0151,233.54,24.3,7.86,4,정상
2025-01,EQ0152,422.83,21.6,8.39,1,정상
2025-01,EQ0153,494.02,29.5,7.02,3,정상
2025-01,EQ0158,344.72,26.2,4.03,4,주의
2025-01,EQ0159,656.53,56.8,2.03,3,정상
2025-01,EQ0160,776.75,25.2,8.69,4,주의
2025-01,EQ0161,401.39,49.9,4.89,0,정상
2025-01,EQ0165,309.7,48.4,8.27,4,정상
2025-01,EQ0166,467.08,20.2,2.39,2,정상
2025-01,EQ0169,753.63,42.5,1.54,0,주의
2025-01,EQ0171,523.53,27.3,6.18,0,정상
2025-01,EQ0172,724.44,25.7,3.68,1,정상
2025-01,EQ0173,231.88,29.8,3.49,1,정상
2025-01,EQ0177,483.78,26.1,2.81,1,정상
2025-01,EQ0178,307.86,43.1,3.89,1,정상
2025-01,EQ0179,683.87,27.6,9.25,1,정상
2025-01,EQ0180,422.05,43.1,9.0,4,정상
2025-01,EQ0181,231.1,51.5,3.77,0,정상
2025-01,EQ0183,365.11,56.7,4.3,2,정상
2025-01,EQ0184,379.27,39.5,5.48,0,주의
2025-01,EQ0189,360.99,30.5,5.51,1,주의
2025-01,EQ0190,502.25,34.2,3.33,0,경고
2025-01,EQ0193,353.74,34.7,5.79,2,주의
2025-01,EQ0195,255.12,22.9,8.29,2,정상
2025-01,EQ0198,698.22,56.5,2.85,2,정상
2025-01,EQ0200,531.34,57.8,2.17,3,주의
2025-01,EQ0203,704.99,45.4,2.16,4,정상
2025-01,EQ0206,782.51,31.5,2.68,2,경고
2025-01,EQ0207,212.48,24.1,6.62,2,정상
2025-01,EQ0208,718.36,48.0,9.02,4,주의
2025-01,EQ0210,622.54,56.8,1.77,0,정상
2025-01,EQ0212,572.73,50.4,1.85,1,주의
2025-01,EQ0214,448.8,26.6,9.18,2,주의
2025-01,EQ0216,728.48,21.8,9.99,4,정상
2025-01,EQ0221,374.4,32.4,9.71,3,정상
2025-01,EQ0222,368.22,52.5,5.59,2,주의
2025-01,EQ0223,484.03,39.7,8.93,3,주의
2025-01,EQ0227,293.27,28.5,8.22,4,정상
2025-01,EQ0229,446.24,50.3,7.74,1,정상
2025-01,EQ0230,333.84,22.3,1.72,2,정상
2025-01,EQ0231,249.15,58.8,9.97,3,주의
2025-01,EQ0232,396.44,50.4,4.85,2,주의
2025-01,EQ0236,430.26,23.1,6.3,1,정상
2025-01,EQ0240,683.94,25.5,1.66,0,경고
2025-01,EQ0242,440.76,58.5,9.88,4,주의
2025-01,EQ0252,200.62,48.0,5.62,1,정상
2025-01,EQ0253,329.33,31.3,4.27,2,정상
2025-01,EQ0258,482.54,59.4,7.55,4,정상
2025-01,EQ0260,716.36,39.5,3.18,0,주의
2025-01,EQ0261,650.08,57.1,2.16,4,정상
2025-01,EQ0262,257.87,28.9,3.6,0,정상
2025-01,EQ0264,694.44,24.3,9.13,3,주의
2025-01,EQ0266,590.23,53.3,8.32,2,정상
2025-01,EQ0272,753.97,56.4,1.4,3,경고
2025-01,EQ0275,324.22,54.3,7.42,1,주의
2025-01,EQ0282,312.94,59.7,6.98,1,정상
2025-01,EQ0284,251.08,29.0,9.29,2,정상
2025-01,EQ0285,270.67,59.3,3.26,2,정상
2025-01,EQ0286,549.52,27.4,3.12,2,정상
2025-01,EQ0287,732.72,46.3,3.09,1,정상
2025-01,EQ0291,716.9,34.2,1.43,3,정상
2025-01,EQ0292,344.78,50.8,4.34,3,정상
2025-01,EQ0293,259.05,50.6,6.19,0,정상
2025-01,EQ0295,513.48,21.7,1.82,0,정상
2025-01,EQ0296,222.0,55.3,7.83,3,정상
2025-01,EQ0297,289.12,28.1,5.78,2,정상
2025-01,EQ0299,540.07,26.5,7.8,0,정상
2025-02,EQ0005,357.54,37.0,9.23,4,정상
2025-02,EQ0007,564.13,20.3,6.0,2,정상
2025-02,EQ0009,657.02,44.7,1.43,2,주의
2025-02,EQ0012,514.78,20.1,9.33,2,주의
2025-02,EQ0017,372.89,48.6,8.94,3,정상
2025-02,EQ0018,284.23,58.9,5.99,2,주의
2025-02,EQ0020,632.81,57.1,5.44,4,정상
2025-02,EQ0021,744.99,36.7,6.89,0,정상
2025-02,EQ0024,396.76,51.2,4.84,0,정상
2025-02,EQ0030,486.07,29.0,9.49,3,경고
2025-02,EQ0031,715.15,22.6,4.12,3,경고
2025-02,EQ0032,394.04,34.6,1.24,2,정상
2025-02,EQ0033,702.01,51.6,2.28,1,정상
2025-02,EQ0035,792.83,36.2,7.69,4,정상
2025-02,EQ0036,248.29,41.6,7.28,4,정상
2025-02,EQ0037,684.24,28.9,4.82,1,경고
2025-02,EQ0038,442.84,24.5,7.77,3,정상
2025-02,EQ0040,651.94,53.4,2.88,0,정상
2025-02,EQ0041,574.27,52.4,2.38,4,주의
2025-02,EQ0042,650.77,57.7,3.07,0,정상
2025-02,EQ0043,212.22,32.3,7.55,3,정상
2025-02,EQ0044,763.47,27.1,5.23,4,정상
2025-02,EQ0045,290.38,22.0,2.71,2,경고
2025-02,EQ0047,296.07,52.1,4.43,0,주의
2025-02,EQ0048,547.41,23.3,9.69,1,정상
2025-02,EQ0050,735.85,55.1,8.36,4,정상
2025-02,EQ0051,618.73,56.2,3.21,2,정상
2025-02,EQ0052,550.43,22.5,2.47,4,주의
2025-02,EQ0053,305.45,56.0,4.48,2,정상
2025-02,EQ0055,511.98,57.8,4.12,2,주의
2025-02,EQ0056,539.8,26.4,3.44,3,정상
2025-02,EQ0057,240.57,38.8,6.4,4,정상
2025-02,EQ0059,793.24,28.6,3.87,4,주의
2025-02,EQ0061,563.42,52.2,8.02,4,정상
2025-02,EQ0062,570.65,40.7,4.96,1,경고
2025-02,EQ0064,553.43,49.7,6.47,3,경고
2025-02,EQ0066,337.71,52.1,8.5,2,정상
2025-02,EQ0069,232.63,48.4,8.11,1,정상
2025-02,EQ0072,239.67,54.6,3.83,2,주의
2025-02,EQ0075,494.32,51.3,9.78,1,경고
2025-02,EQ0078,394.49,49.9,4.09,0,정상
2025-02,EQ0081,448.62,51.3,3.99,3,정상
2025-02,EQ0084,646.4,57.3,4.96,0,정상
2025-02,EQ0088,350.42,45.4,6.97,2,정상
2025-02,EQ0091,206.88,54.8,8.37,0,주의
2025-02,EQ0092,669.87,25.0,1.19,0,정상
2025-02,EQ0094,219.24,25.4,7.8,0,정상
2025-02,EQ0097,328.58,31.0,7.88,1,정상
2025-02,EQ0098,719.67,53.1,5.71,3,주의
2025-02,EQ0099,644.17,36.4,2.06,1,정상
2025-02,EQ0101,477.03,56.2,1.05,2,주의
2025-02,EQ0102,398.91,25.3,8.04,3,정상
2025-02,EQ0103,294.34,59.6,9.22,1,주의
2025-02,EQ0104,617.67,41.0,6.03,0,정상
2025-02,EQ0106,647.91,29.5,4.26,4,주의
2025-02,EQ0109,511.94,43.1,1.94,1,주의
2025-02,EQ0112,354.19,56.9,1.16,1,주의
2025-02,EQ0113,220.92,21.7,5.42,1,정상
2025-02,EQ0115,452.92,22.4,9.25,2,정상
2025-02,EQ0117,460.7,52.9,4.83,2,정상
2025-02,EQ0118,268.0,29.2,2.83,2,경고
2025-02,EQ0119,237.74,48.8,5.06,4,정상
2025-02,EQ0121,630.15,31.0,6.22,0,정상
2025-02,EQ0122,764.79,29.1,4.15,3,경고
2025-02,EQ0123,239.26,35.7,9.73,0,정상
2025-02,EQ0124,786.47,36.4,2.27,3,정상
2025-02,EQ0126,344.35,56.5,5.17,3,정상
2025-02,EQ0127,434.96,32.7,8.96,4,정상
2025-02,EQ0128,529.98,37.9,4.56,4,정상
2025-02,EQ0129,649.18,36.9,3.57,0,정상
2025-02,EQ0130,216.22,51.3,2.54,0,정상
2025-02,EQ0131,266.84,28.1,4.77,2,주의
2025-02,EQ0133,551.96,34.7,5.56,1,정상
2025-02,EQ0137,213.57,55.8,4.86,0,주의
2025-02,EQ0139,507.79,55.3,1.68,4,정상
2025-02,EQ0141,798.05,60.0,5.68,3,정상
2025-02,EQ0144,668.49,54.4,9.03,1,정상
2025-02,EQ0146,348.38,45.5,6.83,0,주의
2025-02,EQ0149,559.8,26.8,1.54,3,주의
2025-02,EQ0151,630.56,41.0,9.86,0,정상
2025-02,EQ0152,501.4,51.4,6.63,0,주의
2025-02,EQ0153,683.68,46.2,1.99,0,정상
2025-02,EQ0154,581.21,30.9,4.6,2,주의
2025-02,EQ0155,343.65,25.2,3.77,4,주의
2025-02,EQ0158,533.96,32.8,3.26,4,정상
2025-02,EQ0162,501.76,55.0,3.42,3,정상
2025-02,EQ0166,702.46,53.0,8.41,0,정상
2025-02,EQ0168,329.83,25.7,9.64,3,정상
2025-02,EQ0176,274.88,37.1,5.68,4,경고
2025-02,EQ0180,302.9,26.9,2.9,0,경고
2025-02,EQ0181,393.18,51.5,2.08,1,정상
2025-02,EQ0186,761.81,37.5,3.56,0,정상
2025-02,EQ0189,354.92,42.0,2.87,0,정상
2025-02,EQ0190,657.32,31.3,6.3,3,정상
2025-02,EQ0192,517.47,38.7,4.09,3,정상
2025-02,EQ0194,623.96,24.6,4.06,2,경고
2025-02,EQ0195,738.66,45.0,3.07,0,주의
2025-02,EQ0199,667.18,43.2,3.09,1,정상
2025-02,EQ0200,702.7,38.6,3.03,4,정상
2025-02,EQ0203,715.24,33.2,5.44,2,정상
2025-02,EQ0206,235.22,22.3,3.99,0,정상
2025-02,EQ0207,427.64,57.5,2.47,3,정상
2025-02,EQ0212,659.45,38.0,1.88,3,정상
2025-02,EQ0213,663.92,25.8,5.21,2,정상
2025-02,EQ0214,248.93,46.6,2.75,4,정상
2025-02,EQ0216,243.99,38.3,3.57,4,주의
2025-02,EQ0217,672.49,59.5,6.51,0,주의
2025-02,EQ0218,780.41,25.3,7.83,1,정상
2025-02,EQ0219,781.56,57.7,7.78,2,정상
2025-02,EQ0223,627.2,48.7,1.9,0,정상
2025-02,EQ0224,498.82,36.2,2.42,4,정상
2025-02,EQ0225,634.14,46.5,8.36,0,주의
2025-02,EQ0226,583.98,27.2,4.43,0,정상
2025-02,EQ0229,226.89,58.6,4.26,3,경고
2025-02,EQ0233,620.13,29.3,8.29,4,정상
2025-02,EQ0234,408.99,37.4,8.12,0,정상
2025-02,EQ0238,728.88,38.6,4.05,0,정상
2025-02,EQ0239,679.32,59.7,8.29,2,정상
2025-02,EQ0241,325.54,38.8,1.9,4,정상
2025-02,EQ0242,598.93,40.2,1.16,4,주의
2025-02,EQ0244,540.0,50.5,9.27,2,정상
2025-02,EQ0245,556.62,45.1,5.32,0,정상
2025-02,EQ0246,546.29,24.3,2.48,0,경고
2025-02,EQ0247,346.22,47.8,3.18,1,정상
2025-02,EQ0248,793.32,50.1,1.01,2,정상
2025-02,EQ0250,216.52,32.6,4.13,3,경고
2025-02,EQ0251,458.54,32.3,6.19,0,정상
2025-02,EQ0252,522.34,31.9,4.85,3,정상
2025-02,EQ0253,695.89,32.4,7.9,0,정상
2025-02,EQ0255,574.07,33.3,3.86,3,정상
2025-02,EQ0257,684.66,58.0,4.31,4,정상
2025-02,EQ0260,702.92,48.1,2.75,3,주의
2025-02,EQ0264,507.52,54.9,7.59,2,정상
2025-02,EQ0265,538.9,47.6,2.05,1,정상
2025-02,EQ0267,285.91,48.3,6.46,4,정상
2025-02,EQ0268,522.0,48.5,7.82,1,정상
2025-02,EQ0269,486.85,41.0,1.25,2,주의
2025-02,EQ0271,558.79,55.2,3.75,0,정상
2025-02,EQ0272,551.09,58.7,1.68,0,정상
2025-02,EQ0277,445.17,28.5,5.76,2,정상
2025-02,EQ0278,544.93,54.9,3.6,0,정상
2025-02,EQ0279,409.91,48.3,2.72,0,주의
2025-02,EQ0281,372.07,33.8,6.76,3,정상
2025-02,EQ0282,275.61,53.0,7.76,0,주의
2025-02,EQ0286,572.7,56.8,2.43,0,주의
2025-02,EQ0288,781.71,30.4,7.91,1,경고
2025-02,EQ0289,593.46,33.1,1.42,4,정상
2025-02,EQ0291,202.05,26.8,9.0,1,정상
2025-02,EQ0292,664.58,34.6,9.27,4,정상
2025-02,EQ0295,545.92,32.5,3.47,2,정상
2025-03,EQ0001,523.76,47.5,5.81,1,정상
2025-03,EQ0006,443.99,20.4,7.59,4,정상
2025-03,EQ0009,201.94,28.7,4.68,2,정상
2025-03,EQ0010,690.81,47.5,9.94,2,정상
2025-03,EQ0012,743.07,45.9,1.48,3,주의
2025-03,EQ0013,338.07,31.6,7.55,0,주의
2025-03,EQ0016,546.39,40.9,3.65,1,주의
2025-03,EQ0018,305.61,51.3,5.68,1,경고
2025-03,EQ0019,536.27,35.6,1.65,0,경고
2025-03,EQ0021,518.09,23.4,7.93,0,경고
2025-03,EQ0022,470.68,52.3,2.42,3,정상
2025-03,EQ0026,364.37,35.3,2.78,3,정상
2025-03,EQ0031,400.82,51.5,7.73,4,정상
2025-03,EQ0032,533.66,49.9,4.22,0,주의
2025-03,EQ0034,690.77,28.5,2.26,2,정상
2025-03,EQ0036,544.33,25.3,6.82,1,정상
2025-03,EQ0037,641.61,25.8,8.6,0,주의
2025-03,EQ0039,565.9,39.2,9.68,0,주의
2025-03,EQ0041,204.94,36.7,3.67,3,정상
2025-03,EQ0043,547.86,37.0,4.71,0,정상
2025-03,EQ0045,548.28,58.6,4.42,3,정상
2025-03,EQ0046,246.04,59.4,3.07,0,정상
2025-03,EQ0050,768.46,32.0,4.81,1,정상
2025-03,EQ0052,306.77,29.7,9.96,4,정상
2025-03,EQ0054,334.08,31.0,4.93,2,정상
2025-03,EQ0058,585.18,20.9,8.27,0,정상
2025-03,EQ0060,677.87,39.8,5.41,2,주의
2025-03,EQ0061,344.04,34.2,6.06,4,정상
2025-03,EQ0062,628.31,37.2,3.33,1,정상
2025-03,EQ0065,468.65,22.7,7.58,3,경고
2025-03,EQ0077,696.23,34.5,3.03,4,주의
2025-03,EQ0078,724.99,33.3,5.0,0,정상
2025-03,EQ0081,724.2,57.9,3.14,4,정상
2025-03,EQ0083,420.16,53.2,3.99,4,주의
2025-03,EQ0084,627.0,28.0,9.45,3,정상
2025-03,EQ0085,672.82,26.9,1.22,3,정상
2025-03,EQ0087,574.42,58.3,8.28,3,정상
2025-03,EQ0090,424.69,52.6,2.64,1,정상
2025-03,EQ0091,661.0,45.4,7.4,2,정상
2025-03,EQ0093,564.15,26.3,6.48,2,정상
2025-03,EQ0095,235.03,29.4,6.1,2,정상
2025-03,EQ0096,295.1,36.7,2.91,0,경고
2025-03,EQ0099,455.62,41.1,7.88,4,정상
2025-03,EQ0100,241.12,47.1,6.93,0,정상
2025-03,EQ0103,203.29,25.6,1.73,0,정상
2025-03,EQ0104,211.96,57.2,9.42,0,경고
2025-03,EQ0107,530.87,26.3,5.27,3,정상
2025-03,EQ0110,677.55,46.9,6.67,2,주의
2025-03,EQ0111,448.11,34.7,2.28,2,경고
2025-03,EQ0112,274.01,21.9,7.29,4,정상
2025-03,EQ0113,799.68,24.9,8.34,1,정상
2025-03,EQ0115,449.34,45.6,6.47,4,정상
2025-03,EQ0116,299.62,21.8,3.79,2,정상
2025-03,EQ0118,719.84,47.1,5.17,1,정상
2025-03,EQ0121,232.36,43.8,3.11,2,정상
2025-03,EQ0122,320.29,46.8,8.23,2,정상
2025-03,EQ0123,740.1,51.6,8.47,0,정상
2025-03,EQ0126,724.66,57.2,8.54,0,정상
2025-03,EQ0130,706.46,41.7,8.65,4,정상
2025-03,EQ0131,715.01,59.3,5.12,3,정상
2025-03,EQ0133,585.04,26.4,9.05,4,정상
2025-03,EQ0134,240.31,46.9,6.45,0,정상
2025-03,EQ0135,421.85,31.9,6.44,1,정상
2025-03,EQ0136,702.83,56.9,6.37,2,정상
2025-03,EQ0137,446.77,30.5,3.22,4,주의
2025-03,EQ0138,709.37,57.7,7.09,0,주의
2025-03,EQ0141,766.8,23.5,6.93,2,정상
2025-03,EQ0144,246.46,22.3,5.54,4,주의
2025-03,EQ0145,658.5,41.1,2.53,4,정상
2025-03,EQ0146,277.95,32.6,1.52,2,경고
2025-03,EQ0147,712.96,49.4,4.08,1,정상
2025-03,EQ0151,213.46,41.8,3.69,1,주의
2025-03,EQ0156,204.34,52.4,9.48,3,정상
2025-03,EQ0157,697.89,28.2,8.93,1,정상
2025-03,EQ0158,595.36,49.2,6.74,2,주의
2025-03,EQ0159,279.56,45.9,9.01,1,정상
2025-03,EQ0161,779.47,20.0,1.69,4,정상
2025-03,EQ0162,699.38,40.8,7.35,0,정상
2025-03,EQ0163,466.63,40.4,5.68,3,정상
2025-03,EQ0164,487.62,24.4,1.41,1,정상
2025-03,EQ0172,780.23,43.4,2.56,1,주의
2025-03,EQ0174,269.53,48.7,8.64,3,정상
2025-03,EQ0177,280.31,28.1,6.11,4,정상
2025-03,EQ0179,624.54,52.3,8.83,0,주의
2025-03,EQ0180,357.62,30.1,9.96,3,정상
2025-03,EQ0181,380.28,33.5,6.21,4,정상
2025-03,EQ0182,574.59,58.1,1.51,4,경고
2025-03,EQ0184,490.06,36.5,9.52,2,정상
2025-03,EQ0185,530.95,25.3,9.24,0,경고
2025-03,EQ0186,678.05,27.2,3.69,3,경고
2025-03,EQ0188,537.49,48.0,3.39,2,경고
2025-03,EQ0189,490.13,49.8,6.38,1,주의
2025-03,EQ0191,385.46,41.8,2.2,1,정상
2025-03,EQ0192,233.29,41.5,5.17,4,정상
2025-03,EQ0195,258.26,51.2,5.37,0,주의
2025-03,EQ0200,494.3,37.7,5.24,2,정상
2025-03,EQ0201,238.97,50.9,1.95,0,주의
2025-03,EQ0202,562.54,35.2,3.1,0,정상
2025-03,EQ0204,652.21,26.2,9.19,4,정상
2025-03,EQ0205,748.99,53.8,1.76,2,정상
2025-03,EQ0207,354.96,45.0,5.25,2,주의
2025-03,EQ0208,410.89,20.2,5.57,3,정상
2025-03,EQ0212,557.12,39.8,4.46,3,주의
2025-03,EQ0216,544.77,29.1,9.68,1,정상
2025-03,EQ0218,623.06,29.1,7.46,1,정상
2025-03,EQ0220,246.59,35.2,5.29,4,정상
2025-03,EQ0222,564.92,33.4,2.48,0,주의
2025-03,EQ0223,249.61,32.8,5.92,4,주의
2025-03,EQ0224,679.07,21.1,6.57,2,정상
2025-03,EQ0225,545.57,25.5,7.26,2,주의
2025-03,EQ0226,222.64,54.5,6.93,0,정상
2025-03,EQ0227,536.07,44.9,3.8,4,정상
2025-03,EQ0228,667.7,44.0,7.48,2,경고
2025-03,EQ0229,356.45,29.3,9.65,3,정상
2025-03,EQ0232,455.63,40.7,7.55,2,정상
2025-03,EQ0233,421.46,20.7,6.79,4,정상
2025-03,EQ0234,311.09,58.1,4.87,0,정상
2025-03,EQ0236,409.01,26.3,8.3,3,주의
2025-03,EQ0237,488.17,46.4,4.03,2,주의
2025-03,EQ0238,202.82,20.3,8.38,0,정상
2025-03,EQ0240,556.86,41.3,5.74,2,정상
2025-03,EQ0242,272.65,38.5,3.08,0,경고
2025-03,EQ0243,212.41,27.2,2.52,3,정상
2025-03,EQ0244,674.86,25.5,4.62,2,정상
2025-03,EQ0249,545.84,41.2,8.98,0,정상
2025-03,EQ0251,608.28,56.4,2.4,2,정상
2025-03,EQ0252,665.49,59.9,8.74,2,주의
2025-03,EQ0253,558.43,56.4,9.43,3,정상
2025-03,EQ0254,296.5,27.2,6.95,1,정상
2025-03,EQ0256,496.3,36.3,3.09,4,경고
2025-03,EQ0258,790.13,36.4,3.94,4,정상
2025-03,EQ0259,211.81,34.2,5.29,4,정상
2025-03,EQ0261,342.76,48.1,9.99,1,정상
2025-03,EQ0267,450.42,52.1,8.87,3,정상
2025-03,EQ0271,238.9,28.4,8.97,2,정상
2025-03,EQ0273,359.8,24.4,6.81,0,정상
2025-03,EQ0274,221.23,37.0,8.76,1,정상
2025-03,EQ0276,462.45,30.0,9.69,2,정상
2025-03,EQ0277,253.53,36.9,5.32,2,정상
2025-03,EQ0278,468.37,42.6,9.7,4,정상
2025-03,EQ0279,689.57,46.2,7.13,2,정상
2025-03,EQ0281,723.88,20.3,5.45,1,정상
2025-03,EQ0282,696.95,52.5,5.38,0,정상
2025-03,EQ0283,393.94,27.1,1.06,2,정상
2025-03,EQ0284,267.23,51.6,6.15,1,정상
2025-03,EQ0286,498.93,56.2,2.9,0,정상
2025-03,EQ0287,306.65,36.8,1.74,0,경고
2025-03,EQ0289,437.3,38.4,8.75,1,경고
2025-03,EQ0296,576.22,42.9,8.59,2,주의
2025-03,EQ0299,589.4,54.5,8.54,4,정상
2025-04,EQ0001,644.69,52.4,6.63,4,정상
2025-04,EQ0005,518.61,43.6,5.8,0,정상
2025-04,EQ0009,344.88,34.4,4.77,3,정상
2025-04,EQ0010,428.49,47.3,4.67,2,정상
2025-04,EQ0011,629.54,36.7,7.46,0,정상
2025-04,EQ0013,699.55,20.4,3.8,2,정상
2025-04,EQ0014,401.44,46.3,7.64,0,경고
2025-04,EQ0016,205.02,20.1,9.43,0,정상
2025-04,EQ0017,481.31,29.3,9.96,3,정상
2025-04,EQ0018,432.58,24.2,6.4,0,정상
2025-04,EQ0025,655.04,36.5,8.34,2,정상
2025-04,EQ0028,674.13,57.6,7.4,3,정상
2025-04,EQ0030,779.64,28.8,1.93,4,주의
2025-04,EQ0031,700.98,26.8,6.26,1,정상
2025-04,EQ0034,495.54,38.5,9.4,0,경고
2025-04,EQ0036,622.82,23.4,1.72,3,정상
2025-04,EQ0038,464.77,40.9,3.27,3,정상
2025-04,EQ0039,281.66,55.8,7.58,3,주의
2025-04,EQ0041,462.29,25.6,1.06,2,정상
2025-04,EQ0042,445.29,55.9,5.48,0,정상
2025-04,EQ0046,669.43,40.9,3.27,0,정상
2025-04,EQ0048,391.11,30.9,3.78,0,정상
2025-04,EQ0049,206.7,53.0,3.58,3,경고
2025-04,EQ0051,459.04,23.4,8.98,3,주의
2025-04,EQ0054,397.24,42.9,5.26,2,정상
2025-04,EQ0055,201.67,24.4,1.23,3,정상
2025-04,EQ0057,239.14,21.5,3.59,1,정상
2025-04,EQ0061,649.71,59.0,3.75,3,주의
2025-04,EQ0062,499.84,26.7,8.82,1,경고
2025-04,EQ0064,572.35,34.9,3.82,4,정상
2025-04,EQ0067,560.74,32.7,4.21,2,경고
2025-04,EQ0068,503.35,25.3,6.1,3,주의
2025-04,EQ0070,625.98,56.1,2.27,3,정상
2025-04,EQ0071,659.27,43.8,7.15,3,정상
2025-04,EQ0074,384.2,41.5,6.83,1,정상
2025-04,EQ0075,247.39,34.9,5.87,3,정상
2025-04,EQ0076,243.96,41.6,5.41,1,정상
2025-04,EQ0078,679.39,20.4,7.07,1,주의
2025-04,EQ0081,331.09,43.4,7.71,1,정상
2025-04,EQ0087,517.65,39.1,9.76,1,주의
2025-04,EQ0089,425.99,34.7,1.18,3,주의
2025-04,EQ0092,760.23,58.4,4.96,3,정상
2025-04,EQ0095,375.84,42.7,5.69,3,정상
2025-04,EQ0097,245.12,59.8,4.41,0,주의
2025-04,EQ0098,583.45,56.9,5.26,4,경고
2025-04,EQ0100,790.48,22.6,6.88,2,정상
2025-04,EQ0101,697.54,40.8,6.36,4,주의
2025-04,EQ0102,301.52,50.4,4.28,3,정상
2025-04,EQ0103,385.41,27.6,2.18,1,주의
2025-04,EQ0111,513.08,52.0,8.68,3,정상
2025-04,EQ0112,477.02,20.5,5.23,1,정상
2025-04,EQ0113,468.35,49.5,1.33,4,주의
2025-04,EQ0118,275.12,32.0,9.36,1,주의
2025-04,EQ0120,305.4,51.6,3.27,4,정상
2025-04,EQ0121,399.89,51.6,7.46,2,정상
2025-04,EQ0124,745.99,46.6,8.47,4,정상
2025-04,EQ0125,620.33,26.0,4.59,3,정상
2025-04,EQ0127,723.94,42.7,3.41,1,정상
2025-04,EQ0131,643.82,41.9,7.9,0,경고
2025-04,EQ0133,747.06,56.9,3.36,3,정상
2025-04,EQ0134,429.89,50.1,3.04,2,경고
2025-04,EQ0135,592.05,24.5,5.86,3,정상
2025-04,EQ0138,593.47,50.7,9.3,2,정상
2025-04,EQ0139,731.15,23.3,1.21,1,경고
2025-04,EQ0140,284.04,51.1,9.14,4,주의
2025-04,EQ0145,780.74,48.4,4.29,4,주의
2025-04,EQ0150,366.74,56.4,3.84,4,정상
2025-04,EQ0151,249.16,47.5,9.25,4,정상
2025-04,EQ0154,400.18,49.9,9.61,2,정상
2025-04,EQ0156,549.16,44.3,8.88,4,정상
2025-04,EQ0157,629.19,32.3,3.74,1,경고
2025-04,EQ0158,540.23,23.8,4.79,1,정상
2025-04,EQ0159,521.09,36.1,1.24,3,정상
2025-04,EQ0160,613.65,42.9,6.61,1,정상
2025-04,EQ0161,303.77,25.1,3.34,4,주의
2025-04,EQ0163,445.48,37.2,4.61,0,정상
2025-04,EQ0165,746.63,52.2,8.93,1,정상
2025-04,EQ0167,789.23,23.4,2.43,0,경고
2025-04,EQ0168,471.07,45.5,9.51,4,정상
2025-04,EQ0170,316.28,41.5,7.03,2,주의
2025-04,EQ0172,247.47,44.2,4.69,0,정상
2025-04,EQ0173,399.17,27.5,2.78,1,정상
2025-04,EQ0174,326.33,48.2,3.83,1,주의
2025-04,EQ0175,563.8,55.4,4.38,3,정상
2025-04,EQ0176,208.9,33.0,4.53,1,주의
2025-04,EQ0177,747.0,46.5,3.69,1,정상
2025-04,EQ0179,247.58,45.4,5.6,1,주의
2025-04,EQ0184,540.16,57.8,6.99,0,정상
2025-04,EQ0185,335.73,50.0,2.86,0,정상
2025-04,EQ0187,289.31,53.4,9.51,0,정상
2025-04,EQ0190,259.84,44.9,5.75,2,정상
2025-04,EQ0191,245.41,42.9,2.89,1,주의
2025-04,EQ0193,205.27,21.2,7.72,2,정상
2025-04,EQ0196,686.43,56.6,1.09,0,주의
2025-04,EQ0199,218.9,38.7,7.08,0,주의
2025-04,EQ0200,486.49,58.5,2.73,0,정상
2025-04,EQ0201,647.09,37.6,4.05,2,정상
2025-04,EQ0203,582.22,22.3,1.63,2,정상
2025-04,EQ0206,321.8,22.6,8.21,3,정상
2025-04,EQ0209,782.4,22.0,3.42,1,주의
2025-04,EQ0210,255.16,22.2,1.48,3,정상
2025-04,EQ0211,406.29,56.5,4.58,4,정상
2025-04,EQ0213,594.6,48.9,1.67,2,정상
2025-04,EQ0216,557.25,34.2,5.23,4,정상
2025-04,EQ0217,418.79,45.7,4.5,3,경고
2025-04,EQ0220,723.86,57.6,1.66,2,정상
2025-04,EQ0221,684.42,55.4,2.52,4,주의
2025-04,EQ0223,535.46,35.7,4.68,2,정상
2025-04,EQ0224,306.87,40.3,5.37,2,정상
2025-04,EQ0225,312.85,21.9,6.57,2,주의
2025-04,EQ0227,237.76,22.2,1.77,4,주의
2025-04,EQ0228,765.42,51.0,4.64,3,정상
2025-04,EQ0230,483.19,55.3,6.73,2,정상
2025-04,EQ0231,450.18,32.9,6.64,2,정상
2025-04,EQ0232,354.87,50.2,5.12,1,정상
2025-04,EQ0233,595.42,48.2,3.37,0,정상
2025-04,EQ0236,715.42,43.8,3.09,0,정상
2025-04,EQ0237,559.72,36.6,2.6,4,경고
2025-04,EQ0238,571.5,31.8,8.63,1,정상
2025-04,EQ0240,425.47,22.9,1.5,1,정상
2025-04,EQ0241,660.18,47.7,7.98,4,정상
2025-04,EQ0243,798.14,56.1,1.37,4,주의
2025-04,EQ0244,437.6,44.9,9.95,2,경고
2025-04,EQ0247,772.57,51.9,7.25,4,경고
2025-04,EQ0251,372.79,42.5,8.73,1,정상
2025-04,EQ0255,211.84,36.9,7.74,2,주의
2025-04,EQ0257,418.42,52.6,1.35,0,정상
2025-04,EQ0258,556.99,54.4,9.9,1,주의
2025-04,EQ0259,775.42,23.8,8.12,1,정상
2025-04,EQ0260,415.47,42.2,7.03,2,정상
2025-04,EQ0261,624.65,48.3,3.84,1,경고
2025-04,EQ0262,508.92,27.3,5.97,1,정상
2025-04,EQ0264,754.33,52.4,3.81,0,정상
2025-04,EQ0265,414.86,46.8,5.98,0,경고
2025-04,EQ0267,201.52,54.3,7.14,1,정상
2025-04,EQ0268,298.7,22.7,8.47,4,정상
2025-04,EQ0272,573.06,39.7,1.32,4,주의
2025-04,EQ0274,608.32,49.0,9.06,0,정상
2025-04,EQ0275,490.14,58.7,2.26,0,정상
2025-04,EQ0276,640.79,22.9,6.69,0,정상
2025-04,EQ0282,425.99,51.9,2.98,1,정상
2025-04,EQ0285,611.38,59.3,2.25,1,정상
2025-04,EQ0286,732.14,48.1,9.49,2,주의
2025-04,EQ0287,391.43,26.3,9.91,2,정상
2025-04,EQ0288,248.67,37.4,1.0,3,정상
2025-04,EQ0289,377.21,21.8,1.89,1,주의
2025-04,EQ0294,631.19,26.8,7.68,0,정상
2025-04,EQ0297,447.46,32.0,6.07,0,정상
2025-04,EQ0298,295.29,21.6,2.91,4,정상
2025-04,EQ0300,747.61,43.6,2.42,4,경고
2025-05,EQ0001,277.84,41.3,8.91,4,주의
2025-05,EQ0006,222.59,25.9,3.83,4,정상
2025-05,EQ0007,423.57,56.5,1.49,3,정상
2025-05,EQ0009,500.97,26.0,4.33,1,정상
2025-05,EQ0013,495.01,49.3,6.56,4,정상
2025-05,EQ0014,481.32,36.6,9.06,0,정상
2025-05,EQ0015,335.31,43.5,1.48,1,정상
2025-05,EQ0019,248.89,48.1,2.12,1,주의
2025-05,EQ0022,397.98,41.0,2.69,1,정상
2025-05,EQ0023,696.81,36.3,8.96,0,경고
2025-05,EQ0024,295.03,48.1,7.02,2,정상
2025-05,EQ0025,263.81,56.0,1.22,0,정상
2025-05,EQ0028,772.18,36.9,9.04,2,정상
2025-05,EQ0029,771.22,38.6,2.03,1,정상
2025-05,EQ0030,619.01,43.5,6.0,1,정상
2025-05,EQ0032,236.15,30.2,2.51,3,정상
2025-05,EQ0033,217.62,47.3,1.12,0,정상
2025-05,EQ0034,785.04,29.9,5.33,1,주의
2025-05,EQ0035,390.16,56.0,1.03,3,정상
2025-05,EQ0038,446.48,54.8,5.28,2,주의
2025-05,EQ0039,650.43,27.9,9.49,2,정상
2025-05,EQ0040,272.19,45.2,7.72,4,정상
2025-05,EQ0049,316.22,22.7,6.59,1,정상
2025-05,EQ0051,750.85,43.0,9.19,4,정상
2025-05,EQ0052,264.91,41.0,3.88,4,주의
2025-05,EQ0053,465.02,50.2,6.94,0,정상
2025-05,EQ0054,381.67,47.8,6.98,2,정상
2025-05,EQ0055,622.19,30.1,2.7,2,경고
2025-05,EQ0057,674.34,50.8,8.47,0,정상
2025-05,EQ0059,767.67,56.4,7.93,1,정상
2025-05,EQ0061,241.18,25.6,2.77,1,정상
2025-05,EQ0062,407.5,21.0,1.58,2,주의
2025-05,EQ0064,263.56,50.5,3.8,1,경고
2025-05,EQ0066,273.96,46.8,6.26,3,정상
2025-05,EQ0069,711.99,32.2,4.92,3,정상
2025-05,EQ0071,215.4,58.6,5.48,3,정상
2025-05,EQ0075,722.51,35.7,8.56,2,주의
2025-05,EQ0076,633.46,59.9,6.41,2,정상
2025-05,EQ0077,205.91,58.7,8.06,3,정상
2025-05,EQ0078,222.25,47.2,9.66,4,정상
2025-05,EQ0079,415.76,21.8,3.28,3,주의
2025-05,EQ0082,261.79,37.9,3.68,3,정상
2025-05,EQ0083,578.11,23.5,6.24,4,정상
2025-05,EQ0089,265.34,26.6,2.97,4,정상
2025-05,EQ0092,546.88,36.1,1.55,3,경고
2025-05,EQ0093,730.46,47.6,7.15,4,정상
2025-05,EQ0096,245.53,46.4,8.24,3,정상
2025-05,EQ0097,331.51,37.2,2.64,3,정상
2025-05,EQ0103,634.44,40.5,4.77,4,정상
2025-05,EQ0106,387.31,39.0,2.33,4,정상
2025-05,EQ0108,375.99,33.4,2.45,3,정상
2025-05,EQ0111,295.74,38.8,3.68,4,정상
2025-05,EQ0120,433.3,50.8,5.55,0,정상
2025-05,EQ0123,386.85,59.6,7.54,3,정상
2025-05,EQ0125,515.14,49.0,9.11,3,정상
2025-05,EQ0126,238.64,30.3,3.14,1,정상
2025-05,EQ0130,798.0,37.3,4.23,2,정상
2025-05,EQ0131,257.92,39.7,7.19,4,정상
2025-05,EQ0135,623.39,29.5,9.25,0,주의
2025-05,EQ0139,429.44,36.2,2.38,3,정상
2025-05,EQ0141,678.9,26.2,4.22,4,경고
2025-05,EQ0142,623.72,20.2,1.02,3,정상
2025-05,EQ0143,421.75,21.3,8.36,3,정상
2025-05,EQ0144,395.08,33.7,5.06,1,정상
2025-05,EQ0145,372.15,50.6,2.14,2,경고
2025-05,EQ0146,566.95,30.5,3.14,2,정상
2025-05,EQ0147,382.38,59.1,3.97,1,정상
2025-05,EQ0149,751.45,28.0,1.59,1,정상
2025-05,EQ0150,641.17,55.9,2.26,0,정상
2025-05,EQ0155,369.41,49.3,6.23,1,정상
2025-05,EQ0156,701.24,53.4,3.57,2,정상
2025-05,EQ0157,461.93,25.9,7.1,1,주의
2025-05,EQ0158,485.64,51.2,1.61,0,주의
2025-05,EQ0160,644.93,55.2,5.17,2,정상
2025-05,EQ0161,417.45,55.4,3.98,3,정상
2025-05,EQ0162,550.6,27.5,4.69,4,정상
2025-05,EQ0163,456.46,23.8,1.2,3,정상
2025-05,EQ0164,321.34,28.3,9.11,1,정상
2025-05,EQ0165,752.99,36.2,1.88,3,경고
2025-05,EQ0167,791.88,38.7,2.97,1,정상
2025-05,EQ0173,313.09,53.7,8.22,1,주의
2025-05,EQ0174,392.62,34.9,3.3,2,정상
2025-05,EQ0175,717.13,41.1,2.18,1,정상
2025-05,EQ0176,600.57,20.6,9.54,0,정상
2025-05,EQ0178,725.27,51.2,2.27,0,정상
2025-05,EQ0179,480.27,32.0,9.73,3,주의
2025-05,EQ0183,589.31,46.5,1.69,1,주의
2025-05,EQ0184,360.96,22.1,4.82,4,정상
2025-05,EQ0185,337.68,39.6,9.56,3,경고
2025-05,EQ0186,204.9,21.9,7.29,3,경고
2025-05,EQ0187,752.96,20.3,7.61,0,주의
2025-05,EQ0188,741.28,31.4,2.77,3,주의
2025-05,EQ0189,340.79,31.0,1.59,4,정상
2025-05,EQ0190,678.65,50.5,2.52,4,정상
2025-05,EQ0191,416.0,56.2,8.25,3,주의
2025-05,EQ0192,689.86,56.8,6.65,1,정상
2025-05,EQ0195,684.64,56.5,5.63,3,정상
2025-05,EQ0198,639.25,28.6,7.79,3,정상
2025-05,EQ0207,677.36,54.3,8.52,0,정상
2025-05,EQ0208,744.59,55.6,3.94,0,정상
2025-05,EQ0214,687.75,58.7,3.04,2,정상
2025-05,EQ0215,719.44,54.2,6.17,3,정상
2025-05,EQ0216,686.12,30.8,6.44,3,정상
2025-05,EQ0218,355.11,48.6,1.28,1,정상
2025-05,EQ0221,586.99,39.9,9.05,4,정상
2025-05,EQ0222,352.52,25.7,9.49,3,정상
2025-05,EQ0223,243.79,52.5,5.05,2,정상
2025-05,EQ0227,354.93,40.3,9.76,1,정상
2025-05,EQ0228,639.31,31.1,4.61,0,경고
2025-05,EQ0229,606.97,40.2,5.84,3,주의
2025-05,EQ0235,503.46,26.4,8.16,4,정상
2025-05,EQ0236,333.21,30.1,2.59,3,정상
2025-05,EQ0237,603.92,52.3,4.72,4,정상
2025-05,EQ0238,467.77,25.6,9.83,1,정상
2025-05,EQ0240,270.31,22.8,6.6,2,정상
2025-05,EQ0241,237.06,50.1,6.01,1,주의
2025-05,EQ0242,689.25,35.3,5.53,4,정상
2025-05,EQ0244,277.49,39.3,5.6,4,주의
2025-05,EQ0245,693.71,49.1,5.22,0,정상
2025-05,EQ0246,336.04,22.1,7.06,2,정상
2025-05,EQ0247,407.95,33.9,2.79,0,주의
2025-05,EQ0248,701.74,33.0,7.63,1,경고
2025-05,EQ0249,357.61,41.8,6.17,3,주의
2025-05,EQ0252,726.44,44.5,4.66,2,주의
2025-05,EQ0253,453.12,51.6,6.73,3,정상
2025-05,EQ0255,684.08,28.0,6.02,3,정상
2025-05,EQ0256,616.71,51.2,7.2,4,정상
2025-05,EQ0257,520.86,28.4,4.31,2,정상
2025-05,EQ0258,546.42,20.8,6.4,1,정상
2025-05,EQ0259,488.6,39.6,7.1,0,정상
2025-05,EQ0261,513.0,47.0,6.32,1,정상
2025-05,EQ0262,783.2,53.9,3.05,1,주의
2025-05,EQ0266,714.26,39.6,7.21,4,주의
2025-05,EQ0267,781.03,34.8,4.59,4,주의
2025-05,EQ0268,586.48,20.7,4.41,0,정상
2025-05,EQ0271,257.52,39.8,7.18,3,정상
2025-05,EQ0272,371.14,20.4,3.89,4,경고
2025-05,EQ0274,677.68,40.0,9.67,2,정상
2025-05,EQ0278,512.8,20.7,3.54,3,정상
2025-05,EQ0279,480.67,32.7,4.61,0,정상
2025-05,EQ0281,614.35,48.3,5.92,2,정상
2025-05,EQ0282,753.92,54.9,8.78,1,주의
2025-05,EQ0284,788.24,52.5,3.41,2,정상
2025-05,EQ0286,785.6,39.6,9.44,1,정상
2025-05,EQ0288,694.51,33.0,8.54,4,경고
2025-05,EQ0291,780.47,43.5,2.77,0,정상
2025-05,EQ0292,687.55,50.1,2.75,0,정상
2025-05,EQ0294,704.24,59.3,6.14,0,주의
2025-05,EQ0298,717.56,49.1,5.84,4,주의
2025-05,EQ0299,540.28,30.0,9.85,3,경고
2025-06,EQ0003,552.89,23.7,9.55,3,정상
2025-06,EQ0004,399.21,53.9,9.81,3,정상
2025-06,EQ0005,624.12,31.1,6.71,3,정상
2025-06,EQ0006,745.23,54.3,6.08,2,정상
2025-06,EQ0008,695.48,32.9,4.43,2,정상
2025-06,EQ0010,427.46,40.7,6.27,3,정상
2025-06,EQ0011,749.82,34.6,3.34,0,정상
2025-06,EQ0013,521.18,47.0,2.43,1,주의
2025-06,EQ0018,232.49,56.0,6.88,2,경고
2025-06,EQ0019,442.4,34.5,9.56,1,정상
2025-06,EQ0020,767.96,46.9,5.12,2,정상
2025-06,EQ0021,240.81,44.2,9.43,2,정상
2025-06,EQ0024,758.21,51.6,8.39,1,정상
2025-06,EQ0025,274.48,59.8,5.03,0,정상
2025-06,EQ0026,649.98,57.0,2.95,3,정상
2025-06,EQ0030,374.56,54.6,4.16,2,정상
2025-06,EQ0031,372.56,26.2,2.31,1,정상
2025-06,EQ0033,513.93,41.3,5.43,4,정상
2025-06,EQ0034,728.88,29.3,9.15,4,경고
2025-06,EQ0036,250.18,31.5,5.69,3,경고
2025-06,EQ0039,387.56,49.5,5.53,3,정상
2025-06,EQ0045,598.94,33.0,4.4,0,주의
2025-06,EQ0047,367.66,54.5,3.52,2,정상
2025-06,EQ0049,751.57,26.6,2.7,1,정상
2025-06,EQ0051,401.14,35.0,4.11,2,정상
2025-06,EQ0053,252.66,27.2,5.36,0,정상
2025-06,EQ0054,329.18,48.2,1.73,0,경고
2025-06,EQ0055,441.89,24.9,1.65,4,정상
2025-06,EQ0056,416.08,41.9,1.8,1,경고
2025-06,EQ0057,358.8,23.1,5.35,0,정상
2025-06,EQ0058,596.3,32.0,7.65,1,정상
2025-06,EQ0063,633.2,52.0,5.75,3,경고
2025-06,EQ0064,476.71,56.2,9.18,1,경고
2025-06,EQ0065,461.08,45.9,9.56,0,주의
2025-06,EQ0068,623.87,22.7,2.76,0,정상
2025-06,EQ0071,346.07,42.8,9.31,0,정상
2025-06,EQ0073,365.46,50.6,6.94,1,정상
2025-06,EQ0077,736.42,26.2,9.96,1,주의
2025-06,EQ0078,266.4,30.5,2.18,0,정상
2025-06,EQ0079,313.12,27.3,5.59,4,정상
2025-06,EQ0082,327.01,57.9,1.39,2,경고
2025-06,EQ0083,739.6,50.7,1.73,1,정상
2025-06,EQ0087,323.09,29.1,5.27,0,정상
2025-06,EQ0088,559.79,47.5,8.75,2,경고
2025-06,EQ0094,569.78,46.1,1.54,1,정상
2025-06,EQ0096,472.56,26.9,1.96,2,주의
2025-06,EQ0097,458.15,23.3,2.48,3,정상
2025-06,EQ0099,501.11,39.0,2.55,4,주의
2025-06,EQ0103,682.07,41.0,9.97,3,주의
2025-06,EQ0104,282.83,59.9,6.92,1,정상
2025-06,EQ0111,707.98,44.6,4.81,4,정상
2025-06,EQ0112,370.82,53.6,6.38,0,정상
2025-06,EQ0115,326.74,36.7,8.87,0,주의
2025-06,EQ0116,504.39,29.4,7.24,3,정상
2025-06,EQ0117,453.49,45.7,8.28,3,주의
2025-06,EQ0120,246.54,22.7,7.64,1,정상
2025-06,EQ0122,787.97,24.4,6.96,2,정상
2025-06,EQ0124,762.67,58.8,1.18,1,정상
2025-06,EQ0125,616.42,27.9,9.74,4,정상
2025-06,EQ0127,506.95,55.9,7.06,0,정상
2025-06,EQ0129,475.14,33.4,7.67,1,경고
2025-06,EQ0132,294.11,33.8,9.69,1,주의
2025-06,EQ0133,226.17,50.4,3.3,1,정상
2025-06,EQ0135,368.76,49.2,8.16,3,정상
2025-06,EQ0136,653.35,39.5,1.29,2,정상
2025-06,EQ0139,545.94,39.6,6.43,0,경고
2025-06,EQ0140,461.31,26.3,6.26,3,정상
2025-06,EQ0143,427.46,45.1,3.56,0,정상
2025-06,EQ0145,505.78,29.8,8.68,3,정상
2025-06,EQ0146,731.45,58.9,9.32,0,정상
2025-06,EQ0147,401.9,39.2,4.55,3,주의
2025-06,EQ0148,612.89,34.0,3.2,4,주의
2025-06,EQ0150,729.21,35.7,7.86,4,정상
2025-06,EQ0151,755.35,24.8,8.58,1,정상
2025-06,EQ0152,671.73,46.8,2.06,0,정상
2025-06,EQ0153,322.41,54.8,7.37,3,주의
2025-06,EQ0158,769.87,40.3,7.33,0,경고
2025-06,EQ0159,772.53,48.6,3.5,3,정상
2025-06,EQ0163,649.91,46.9,1.52,2,정상
2025-06,EQ0165,489.8,48.8,5.88,0,주의
2025-06,EQ0167,436.73,32.2,4.69,3,정상
2025-06,EQ0169,559.02,33.1,2.2,4,주의
2025-06,EQ0173,715.97,52.3,7.76,0,주의
2025-06,EQ0176,254.78,37.4,1.31,1,주의
2025-06,EQ0178,354.35,21.0,8.75,0,주의
2025-06,EQ0179,625.91,42.9,3.92,2,정상
2025-06,EQ0184,551.32,58.3,7.19,3,주의
2025-06,EQ0185,306.21,39.1,5.21,2,주의
2025-06,EQ0186,553.08,53.1,3.06,4,정상
2025-06,EQ0189,330.7,44.7,1.93,3,정상
2025-06,EQ0190,582.33,47.4,5.27,0,정상
2025-06,EQ0192,364.61,49.2,6.65,1,주의
2025-06,EQ0193,770.0,48.4,7.8,4,정상
2025-06,EQ0196,788.79,59.7,7.11,4,주의
2025-06,EQ0198,274.36,55.8,7.7,0,정상
2025-06,EQ0199,615.14,48.1,4.77,1,정상
2025-06,EQ0200,646.19,43.5,5.24,1,정상
2025-06,EQ0201,294.72,25.9,6.07,1,경고
2025-06,EQ0202,357.79,33.4,6.45,1,정상
2025-06,EQ0204,670.26,49.8,6.81,4,정상
2025-06,EQ0205,599.79,35.2,7.76,3,정상
2025-06,EQ0206,393.3,54.5,3.16,0,경고
2025-06,EQ0207,219.89,39.0,8.81,3,정상
2025-06,EQ0208,282.69,40.9,6.13,3,정상
2025-06,EQ0210,553.98,26.0,4.14,3,경고
2025-06,EQ0213,792.41,48.3,3.76,4,주의
2025-06,EQ0219,699.5,54.1,8.71,4,정상
2025-06,EQ0220,359.47,43.8,8.67,1,정상
2025-06,EQ0221,460.23,45.0,5.84,1,정상
2025-06,EQ0227,704.88,39.1,3.6,3,정상
2025-06,EQ0229,466.51,58.2,4.44,3,경고
2025-06,EQ0232,287.8,55.1,2.56,2,정상
2025-06,EQ0233,624.06,25.9,7.02,0,정상
2025-06,EQ0234,282.17,46.8,3.51,2,정상
2025-06,EQ0237,246.93,27.1,6.77,0,정상
2025-06,EQ0238,661.02,44.6,2.2,1,정상
2025-06,EQ0241,395.81,26.7,3.87,1,정상
2025-06,EQ0243,346.19,24.7,9.64,2,정상
2025-06,EQ0248,596.9,59.1,2.98,2,정상
2025-06,EQ0250,538.12,48.8,3.59,1,경고
2025-06,EQ0251,525.92,27.0,1.68,0,주의
2025-06,EQ0252,419.07,37.5,5.7,0,정상
2025-06,EQ0253,604.62,51.3,6.99,0,주의
2025-06,EQ0254,525.91,26.7,8.63,4,정상
2025-06,EQ0255,723.85,51.2,1.5,2,정상
2025-06,EQ0256,637.13,37.9,4.21,2,정상
2025-06,EQ0257,619.4,43.1,3.33,4,경고
2025-06,EQ0258,394.3,36.7,7.16,0,정상
2025-06,EQ0259,241.5,37.7,2.34,4,정상
2025-06,EQ0260,469.26,24.0,5.05,2,정상
2025-06,EQ0262,542.11,35.7,4.63,1,정상
2025-06,EQ0263,393.14,57.4,2.01,0,정상
2025-06,EQ0267,266.96,36.2,1.84,2,주의
2025-06,EQ0269,272.29,46.7,1.89,1,정상
2025-06,EQ0270,552.17,47.1,6.44,2,주의
2025-06,EQ0271,340.75,59.3,3.22,0,정상
2025-06,EQ0274,455.06,48.0,7.58,4,경고
2025-06,EQ0275,228.89,36.5,5.95,4,정상
2025-06,EQ0276,320.37,21.0,5.43,1,경고
2025-06,EQ0278,510.46,48.8,4.31,2,정상
2025-06,EQ0285,656.45,36.6,6.93,1,정상
2025-06,EQ0287,443.5,54.9,5.28,2,정상
2025-06,EQ0289,749.3,45.8,4.2,4,정상
2025-06,EQ0292,576.2,27.2,5.05,0,경고
2025-06,EQ0294,792.44,47.9,5.52,0,정상
2025-06,EQ0295,398.69,30.3,6.61,4,경고
2025-06,EQ0296,511.2,59.5,7.46,3,정상
2025-06,EQ0297,364.45,30.3,7.66,2,정상
2025-06,EQ0298,481.87,32.0,4.42,3,정상
2025-06,EQ0300,278.32,31.8,6.8,0,경고
2025-07,EQ0001,752.87,58.7,1.5,3,정상
2025-07,EQ0005,686.22,31.8,1.41,1,주의
2025-07,EQ0006,287.18,29.4,1.15,1,주의
2025-07,EQ0008,699.34,35.6,4.57,2,정상
2025-07,EQ0010,425.62,22.6,1.16,0,정상
2025-07,EQ0011,346.99,34.6,3.88,4,정상
2025-07,EQ0012,624.97,40.4,9.31,2,정상
2025-07,EQ0013,200.99,26.8,7.33,1,주의
2025-07,EQ0015,281.5,30.8,4.63,2,정상
2025-07,EQ0017,384.72,24.1,3.13,1,주의
2025-07,EQ0021,674.56,34.2,4.74,0,주의
2025-07,EQ0022,783.52,36.4,6.61,3,정상
2025-07,EQ0023,482.34,40.9,7.93,0,정상
2025-07,EQ0024,399.97,28.8,7.74,3,정상
2025-07,EQ0029,449.2,55.6,2.42,0,정상
2025-07,EQ0033,723.1,33.2,5.77,0,정상
2025-07,EQ0034,219.0,44.5,8.34,4,정상
2025-07,EQ0035,430.55,58.9,3.76,4,정상
2025-07,EQ0037,649.86,47.8,8.33,1,정상
2025-07,EQ0039,325.98,23.2,4.89,2,정상
2025-07,EQ0042,400.71,35.2,4.88,3,정상
2025-07,EQ0044,495.82,24.0,7.11,4,정상
2025-07,EQ0048,205.79,21.5,7.24,3,주의
2025-07,EQ0051,227.4,51.8,1.85,0,정상
2025-07,EQ0052,550.61,25.4,7.82,1,정상
2025-07,EQ0053,412.12,50.6,9.55,4,주의
2025-07,EQ0054,595.39,32.0,4.08,4,정상
2025-07,EQ0055,202.09,45.3,5.41,3,정상
2025-07,EQ0056,542.88,24.7,4.9,0,정상
2025-07,EQ0059,532.41,22.5,2.62,2,경고
2025-07,EQ0060,317.07,21.7,9.49,3,주의
2025-07,EQ0061,246.44,58.6,9.07,2,정상
2025-07,EQ0063,643.92,22.2,3.84,3,경고
2025-07,EQ0064,358.66,23.9,5.89,4,정상
2025-07,EQ0066,630.97,25.4,2.88,0,정상
2025-07,EQ0068,586.36,49.3,7.34,0,경고
2025-07,EQ0070,429.36,52.6,2.91,2,정상
2025-07,EQ0072,710.07,45.2,3.71,0,정상
2025-07,EQ0075,639.43,46.2,8.76,1,주의
2025-07,EQ0076,477.37,44.6,1.05,0,주의
2025-07,EQ0077,660.4,30.0,1.84,2,정상
2025-07,EQ0078,636.13,48.8,2.42,0,경고
2025-07,EQ0079,305.36,35.2,1.75,1,주의
2025-07,EQ0080,420.95,25.1,2.66,3,정상
2025-07,EQ0084,219.53,38.7,2.1,1,주의
2025-07,EQ0085,315.92,31.6,4.96,3,정상
2025-07,EQ0086,242.69,29.2,6.21,4,정상
2025-07,EQ0087,389.97,59.7,6.9,3,정상
2025-07,EQ0089,259.31,37.3,1.52,2,정상
2025-07,EQ0091,621.52,27.4,6.34,0,정상
2025-07,EQ0093,608.83,50.3,8.26,1,정상
2025-07,EQ0096,306.27,50.1,5.09,1,정상
2025-07,EQ0097,244.53,37.2,5.87,3,정상
2025-07,EQ0098,440.96,53.2,9.34,0,주의
2025-07,EQ0099,251.09,34.7,5.43,3,주의
2025-07,EQ0102,545.28,41.6,1.93,3,정상
2025-07,EQ0103,392.29,45.2,9.92,2,주의
2025-07,EQ0111,237.48,27.4,6.62,0,주의
2025-07,EQ0112,690.61,26.8,1.43,0,정상
2025-07,EQ0114,780.3,57.1,6.6,3,주의
2025-07,EQ0115,652.12,42.9,6.05,4,정상
2025-07,EQ0116,386.87,30.0,2.92,0,정상
2025-07,EQ0117,634.43,50.0,2.76,4,정상
2025-07,EQ0118,306.79,57.2,4.99,1,정상
2025-07,EQ0122,258.39,23.2,1.61,1,정상
2025-07,EQ0124,335.23,35.5,7.76,4,정상
2025-07,EQ0125,402.16,37.6,9.62,1,주의
2025-07,EQ0126,790.18,20.2,4.02,4,정상
2025-07,EQ0127,497.02,52.0,1.33,3,정상
2025-07,EQ0130,615.16,35.7,3.67,0,정상
2025-07,EQ0131,644.85,54.6,3.92,1,정상
2025-07,EQ0134,503.67,34.6,1.34,2,정상
2025-07,EQ0136,752.31,23.0,2.41,1,정상
2025-07,EQ0143,697.1,56.5,2.38,0,정상
2025-07,EQ0145,321.04,50.1,7.9,1,정상
2025-07,EQ0147,449.91,23.6,2.48,2,정상
2025-07,EQ0148,638.73,54.5,3.39,1,정상
2025-07,EQ0153,595.42,56.6,5.74,0,정상
2025-07,EQ0154,352.16,34.9,9.52,3,정상
2025-07,EQ0156,320.09,22.5,7.73,1,정상
2025-07,EQ0157,677.38,41.4,3.57,4,정상
2025-07,EQ0160,357.44,40.0,9.67,0,경고
2025-07,EQ0161,207.12,49.1,6.37,4,정상
2025-07,EQ0164,293.66,44.0,6.93,1,정상
2025-07,EQ0168,300.61,35.1,9.81,4,정상
2025-07,EQ0169,328.63,33.5,6.14,1,정상
2025-07,EQ0171,381.64,56.1,2.8,0,정상
2025-07,EQ0175,233.52,21.0,2.89,0,정상
2025-07,EQ0176,404.96,24.8,7.42,3,정상
2025-07,EQ0181,721.97,49.6,2.46,3,정상
2025-07,EQ0183,761.31,51.7,8.34,3,정상
2025-07,EQ0188,579.55,20.0,4.33,3,정상
2025-07,EQ0189,758.0,57.3,4.57,1,주의
2025-07,EQ0190,676.82,44.6,2.61,2,정상
2025-07,EQ0191,793.52,32.2,9.68,2,경고
2025-07,EQ0192,389.84,22.2,9.55,3,정상
2025-07,EQ0193,522.67,29.6,7.79,3,주의
2025-07,EQ0195,256.36,34.3,3.91,2,주의
2025-07,EQ0196,639.17,41.9,8.33,4,정상
2025-07,EQ0199,256.79,43.8,1.12,2,정상
2025-07,EQ0200,367.1,36.3,6.21,0,정상
2025-07,EQ0201,464.69,37.3,1.81,0,주의
2025-07,EQ0203,676.79,21.9,8.99,4,정상
2025-07,EQ0204,238.17,50.7,6.14,4,정상
2025-07,EQ0208,295.67,58.0,9.77,4,정상
2025-07,EQ0209,690.33,29.9,2.67,4,정상
2025-07,EQ0212,563.6,48.0,1.81,3,정상
2025-07,EQ0213,766.02,34.1,6.26,3,경고
2025-07,EQ0214,257.87,58.4,7.86,1,정상
2025-07,EQ0217,678.16,21.9,3.42,1,경고
2025-07,EQ0220,739.23,21.4,6.63,1,정상
2025-07,EQ0223,739.36,27.0,3.07,2,주의
2025-07,EQ0224,793.82,50.3,8.63,3,정상
2025-07,EQ0227,756.79,57.5,6.77,3,정상
2025-07,EQ0229,232.9,49.2,5.74,2,경고
2025-07,EQ0230,375.83,25.4,3.22,1,정상
2025-07,EQ0231,264.38,29.8,7.95,2,정상
2025-07,EQ0233,765.69,29.8,4.95,3,정상
2025-07,EQ0237,715.89,23.8,6.19,0,정상
2025-07,EQ0238,542.65,50.7,3.36,3,정상
2025-07,EQ0241,244.62,43.9,8.8,0,정상
2025-07,EQ0242,719.1,40.3,2.28,1,정상
2025-07,EQ0243,223.67,32.0,6.67,0,정상
2025-07,EQ0246,702.99,37.8,6.11,3,정상
2025-07,EQ0249,432.76,53.9,9.37,4,정상
2025-07,EQ0250,496.47,54.0,9.48,3,정상
2025-07,EQ0251,342.89,44.0,2.65,1,주의
2025-07,EQ0255,772.0,23.8,4.81,4,경고
2025-07,EQ0257,647.62,32.3,8.91,4,정상
2025-07,EQ0259,655.93,20.8,1.58,2,정상
2025-07,EQ0260,572.04,57.9,6.66,1,정상
2025-07,EQ0261,389.33,34.0,5.19,2,주의
2025-07,EQ0262,530.94,20.8,7.94,0,정상
2025-07,EQ0266,668.01,27.1,8.65,4,정상
2025-07,EQ0268,418.77,58.7,7.76,3,정상
2025-07,EQ0269,523.52,31.9,8.66,2,정상
2025-07,EQ0270,628.88,26.7,3.49,4,주의
2025-07,EQ0271,242.82,27.8,3.13,2,정상
2025-07,EQ0272,645.93,49.8,3.32,2,주의
2025-07,EQ0274,474.52,59.3,9.89,2,주의
2025-07,EQ0275,674.76,44.7,4.22,2,정상
2025-07,EQ0276,798.09,27.2,7.86,4,정상
2025-07,EQ0279,202.54,40.6,6.36,2,정상
2025-07,EQ0282,295.36,39.4,3.74,1,주의
2025-07,EQ0289,546.54,57.6,3.9,1,경고
2025-07,EQ0292,228.56,54.5,3.39,2,정상
2025-07,EQ0295,351.04,36.7,6.91,2,정상
2025-07,EQ0298,402.28,32.9,6.1,3,정상
2025-07,EQ0299,293.22,27.3,1.02,4,주의
2025-07,EQ0300,315.38,55.4,4.23,2,주의
2025-08,EQ0002,743.57,58.6,9.97,3,정상
2025-08,EQ0003,513.14,51.6,8.11,0,주의
2025-08,EQ0005,734.31,34.5,8.78,1,정상
2025-08,EQ0006,205.02,49.5,1.07,2,정상
2025-08,EQ0008,364.49,47.0,9.24,4,정상
2025-08,EQ0010,372.57,57.7,8.95,1,주의
2025-08,EQ0011,671.63,25.0,7.43,3,경고
2025-08,EQ0012,511.53,25.5,3.52,2,정상
2025-08,EQ0014,683.48,49.3,6.71,1,주의
2025-08,EQ0016,571.03,56.9,2.73,3,정상
2025-08,EQ0017,510.8,43.8,1.68,1,정상
2025-08,EQ0019,774.93,26.2,3.29,0,정상
2025-08,EQ0021,241.94,41.1,4.73,1,정상
2025-08,EQ0024,332.49,54.3,9.22,1,정상
2025-08,EQ0027,369.06,43.7,5.52,0,정상
2025-08,EQ0029,661.32,52.4,6.8,1,정상
2025-08,EQ0030,459.93,58.8,4.85,2,정상
2025-08,EQ0034,251.59,40.5,1.32,3,주의
2025-08,EQ0037,670.81,40.8,3.26,0,정상
2025-08,EQ0041,578.15,51.6,3.22,0,정상
2025-08,EQ0042,340.25,22.2,1.47,3,정상
2025-08,EQ0043,704.78,27.4,2.92,2,주의
2025-08,EQ0044,442.12,30.9,1.83,1,정상
2025-08,EQ0045,785.76,58.5,4.82,2,경고
2025-08,EQ0046,690.43,51.0,3.91,4,경고
2025-08,EQ0047,240.8,58.3,9.93,4,경고
2025-08,EQ0048,445.25,34.4,7.49,4,정상
2025-08,EQ0050,483.55,53.7,2.25,0,정상
2025-08,EQ0055,528.05,57.3,7.26,3,주의
2025-08,EQ0056,254.45,50.4,8.72,2,정상
2025-08,EQ0057,683.52,30.0,1.95,1,정상
2025-08,EQ0058,484.31,39.1,5.08,1,정상
2025-08,EQ0059,431.4,45.4,2.82,0,주의
2025-08,EQ0061,587.66,20.7,1.08,2,주의
2025-08,EQ0062,779.76,55.3,8.94,4,정상
2025-08,EQ0063,787.27,36.6,8.19,2,주의
2025-08,EQ0065,630.03,37.7,2.84,3,경고
2025-08,EQ0067,225.48,20.1,4.22,0,주의
2025-08,EQ0068,376.54,20.2,7.67,4,정상
2025-08,EQ0070,443.82,23.0,6.09,3,정상
2025-08,EQ0071,558.46,43.0,1.3,2,경고
2025-08,EQ0072,559.72,59.1,5.44,0,정상
2025-08,EQ0073,379.64,30.6,7.74,2,정상
2025-08,EQ0074,688.34,58.3,8.21,1,정상
2025-08,EQ0075,496.18,51.0,9.58,2,정상
2025-08,EQ0076,447.78,59.0,6.28,0,경고
2025-08,EQ0078,316.34,49.3,4.12,2,정상
2025-08,EQ0079,733.59,23.9,1.59,4,정상
2025-08,EQ0082,599.65,36.5,9.69,2,주의
2025-08,EQ0086,417.8,33.7,6.82,4,정상
2025-08,EQ0087,243.05,55.8,7.96,4,경고
2025-08,EQ0088,486.88,54.0,8.14,1,주의
2025-08,EQ0090,770.73,40.7,8.24,3,경고
2025-08,EQ0092,314.1,40.0,3.57,2,주의
2025-08,EQ0094,752.15,38.8,7.97,0,주의
2025-08,EQ0096,795.24,41.3,1.37,2,정상
2025-08,EQ0098,632.67,36.3,1.39,3,경고
2025-08,EQ0099,449.04,47.4,9.58,4,주의
2025-08,EQ0100,666.05,59.1,1.18,0,주의
2025-08,EQ0102,591.11,26.4,8.95,4,정상
2025-08,EQ0106,723.64,20.2,2.62,2,정상
2025-08,EQ0110,227.41,42.5,5.07,0,경고
2025-08,EQ0114,210.17,33.1,6.39,1,정상
2025-08,EQ0118,427.91,43.0,6.23,1,정상
2025-08,EQ0121,565.28,47.6,4.34,2,주의
2025-08,EQ0123,701.42,44.4,5.85,3,주의
2025-08,EQ0124,484.54,31.0,6.29,4,경고
2025-08,EQ0128,403.68,48.6,9.61,3,정상
2025-08,EQ0130,363.24,51.6,9.2,2,정상
2025-08,EQ0132,353.55,52.8,4.75,1,주의
2025-08,EQ0134,792.94,27.2,7.54,2,주의
2025-08,EQ0135,628.62,30.4,1.62,1,경고
2025-08,EQ0137,665.15,26.7,1.37,4,정상
2025-08,EQ0144,289.7,52.1,9.62,1,정상
2025-08,EQ0145,677.88,37.3,1.89,3,정상
2025-08,EQ0148,681.86,55.6,9.97,4,정상
2025-08,EQ0150,391.63,48.5,5.57,2,정상
2025-08,EQ0151,664.71,45.7,8.95,3,주의
2025-08,EQ0152,395.78,26.2,2.32,0,정상
2025-08,EQ0153,636.59,33.7,2.22,4,정상
2025-08,EQ0155,728.6,52.4,7.61,1,정상
2025-08,EQ0157,414.8,55.5,1.62,2,정상
2025-08,EQ0158,330.45,20.0,9.99,1,정상
2025-08,EQ0159,321.39,49.1,3.03,0,경고
2025-08,EQ0163,714.84,43.6,1.77,4,정상
2025-08,EQ0164,370.3,56.8,5.12,1,정상
2025-08,EQ0165,318.73,40.1,4.02,4,정상
2025-08,EQ0167,445.17,54.3,4.02,4,주의
2025-08,EQ0168,643.81,28.8,1.89,4,정상
2025-08,EQ0170,214.09,38.3,7.35,0,주의
2025-08,EQ0173,403.39,42.2,5.42,2,정상
2025-08,EQ0174,639.1,23.1,2.18,0,정상
2025-08,EQ0175,433.61,57.9,9.03,0,정상
2025-08,EQ0176,282.66,33.2,7.44,3,정상
2025-08,EQ0177,213.38,56.5,7.36,3,정상
2025-08,EQ0178,220.49,26.9,9.8,3,주의
2025-08,EQ0179,386.47,54.7,9.66,2,정상
2025-08,EQ0183,440.96,29.5,6.18,4,정상
2025-08,EQ0184,408.11,34.3,7.96,0,정상
2025-08,EQ0185,300.61,32.4,5.89,0,경고
2025-08,EQ0188,556.18,55.6,7.36,0,주의
2025-08,EQ0189,619.18,21.9,2.06,4,정상
2025-08,EQ0190,392.03,26.7,8.34,3,주의
2025-08,EQ0191,722.57,34.6,6.72,1,정상
2025-08,EQ0194,744.35,47.4,1.29,0,경고
2025-08,EQ0195,601.91,39.1,6.65,0,주의
2025-08,EQ0196,403.8,47.3,6.41,2,주의
2025-08,EQ0197,408.76,51.8,7.62,1,주의
2025-08,EQ0199,464.95,47.9,9.57,4,정상
2025-08,EQ0203,235.44,59.3,5.21,4,정상
2025-08,EQ0206,636.72,45.8,5.01,1,정상
2025-08,EQ0207,680.81,26.2,1.27,2,정상
2025-08,EQ0208,264.34,54.7,8.91,1,정상
2025-08,EQ0209,566.44,54.2,5.79,4,정상
2025-08,EQ0212,540.26,44.3,6.43,0,정상
2025-08,EQ0214,618.14,48.9,4.98,4,주의
2025-08,EQ0218,413.71,40.7,3.46,0,정상
2025-08,EQ0219,356.87,56.6,8.55,4,정상
2025-08,EQ0221,337.14,36.5,6.34,4,정상
2025-08,EQ0223,554.96,27.2,9.05,3,정상
2025-08,EQ0224,535.2,33.5,8.58,3,경고
2025-08,EQ0225,398.07,29.9,2.65,4,경고
2025-08,EQ0227,357.73,39.5,2.92,1,정상
2025-08,EQ0229,456.15,48.8,8.99,4,정상
2025-08,EQ0232,305.96,26.9,8.16,4,정상
2025-08,EQ0234,274.19,21.5,2.37,1,경고
2025-08,EQ0235,218.86,27.7,6.53,1,정상
2025-08,EQ0236,258.93,59.6,6.5,0,정상
2025-08,EQ0240,262.96,28.0,6.7,2,정상
2025-08,EQ0241,738.57,22.6,8.96,0,정상
2025-08,EQ0242,632.35,37.2,6.56,2,정상
2025-08,EQ0251,789.92,21.2,3.88,1,정상
2025-08,EQ0252,332.99,31.9,3.52,4,정상
2025-08,EQ0253,210.01,46.8,2.16,0,정상
2025-08,EQ0256,461.48,49.9,9.36,1,정상
2025-08,EQ0257,663.97,43.1,5.42,1,경고
2025-08,EQ0260,582.17,23.9,3.92,0,주의
2025-08,EQ0267,555.05,22.5,5.11,1,주의
2025-08,EQ0270,213.86,45.2,9.91,3,주의
2025-08,EQ0271,623.88,25.3,5.5,4,경고
2025-08,EQ0272,741.0,44.2,5.16,4,경고
2025-08,EQ0273,352.3,31.0,9.41,4,정상
2025-08,EQ0274,413.43,53.2,9.76,0,정상
2025-08,EQ0277,736.34,27.3,1.2,1,정상
2025-08,EQ0278,591.24,39.4,4.47,2,정상
2025-08,EQ0288,473.56,57.0,9.1,2,주의
2025-08,EQ0291,713.59,24.0,8.76,2,정상
2025-08,EQ0292,409.25,21.2,6.82,3,정상
2025-08,EQ0293,238.79,52.5,8.06,3,정상
2025-08,EQ0298,769.66,46.4,7.48,3,정상
2025-09,EQ0001,411.33,50.6,6.9,0,정상
2025-09,EQ0002,747.66,22.1,8.7,0,정상
2025-09,EQ0004,599.59,35.7,2.98,1,정상
2025-09,EQ0005,291.99,46.1,1.04,0,정상
2025-09,EQ0007,773.56,42.3,9.29,1,정상
2025-09,EQ0008,523.35,27.0,3.22,2,정상
2025-09,EQ0009,495.3,24.6,1.46,3,정상
2025-09,EQ0010,260.7,25.9,1.36,1,정상
2025-09,EQ0014,320.31,46.4,4.91,3,정상
2025-09,EQ0015,632.16,37.4,9.12,3,정상
2025-09,EQ0016,417.08,30.4,2.64,4,정상
2025-09,EQ0017,316.71,34.2,4.59,1,정상
2025-09,EQ0020,502.88,25.6,1.8,0,정상
2025-09,EQ0022,200.42,30.7,9.99,3,정상
2025-09,EQ0024,596.62,48.5,7.96,0,정상
2025-09,EQ0027,548.41,36.2,9.42,4,경고
2025-09,EQ0031,538.89,27.1,5.25,1,정상
2025-09,EQ0033,372.59,20.5,5.48,1,정상
2025-09,EQ0035,244.25,45.9,9.6,0,정상
2025-09,EQ0036,317.37,41.3,4.9,1,정상
2025-09,EQ0038,733.2,33.8,1.52,4,정상
2025-09,EQ0040,313.51,38.0,3.82,3,정상
2025-09,EQ0041,774.52,40.6,5.67,0,주의
2025-09,EQ0044,315.75,26.0,5.33,4,정상
2025-09,EQ0049,551.49,50.6,8.92,2,정상
2025-09,EQ0050,343.05,49.3,6.9,3,정상
2025-09,EQ0052,796.39,58.1,9.61,2,정상
2025-09,EQ0053,764.29,24.0,9.67,1,주의
2025-09,EQ0056,373.81,57.7,2.75,0,경고
2025-09,EQ0057,722.24,56.7,7.44,4,정상
2025-09,EQ0059,505.46,28.0,4.37,1,정상
2025-09,EQ0066,795.41,26.0,6.74,3,주의
2025-09,EQ0067,663.56,29.7,1.67,1,정상
2025-09,EQ0069,409.55,46.8,2.58,3,주의
2025-09,EQ0070,243.0,56.1,1.55,4,정상
2025-09,EQ0076,343.48,23.3,8.62,4,정상
2025-09,EQ0077,344.63,55.0,3.28,3,주의
2025-09,EQ0078,596.15,25.1,1.04,3,정상
2025-09,EQ0079,540.54,41.2,7.52,0,경고
2025-09,EQ0081,571.04,49.2,9.78,4,주의
2025-09,EQ0082,389.0,59.8,1.66,4,정상
2025-09,EQ0083,599.01,22.3,9.64,0,정상
2025-09,EQ0088,489.08,45.8,5.3,0,정상
2025-09,EQ0093,370.22,31.1,1.62,2,경고
2025-09,EQ0094,591.0,29.8,5.43,4,정상
2025-09,EQ0096,286.17,35.7,6.62,3,주의
2025-09,EQ0097,516.14,51.1,1.1,0,정상
2025-09,EQ0099,345.43,37.9,1.42,1,정상
2025-09,EQ0100,582.77,54.9,8.39,1,정상
2025-09,EQ0102,226.26,36.8,3.44,1,주의
2025-09,EQ0104,568.29,38.7,8.25,4,정상
2025-09,EQ0107,445.51,46.9,2.2,4,정상
2025-09,EQ0112,480.73,29.9,4.68,2,주의
2025-09,EQ0113,655.62,48.9,2.49,1,정상
2025-09,EQ0115,686.56,41.7,9.47,3,정상
2025-09,EQ0116,219.79,27.1,3.54,0,경고
2025-09,EQ0119,687.57,56.1,7.58,0,정상
2025-09,EQ0120,431.68,56.7,6.82,2,정상
2025-09,EQ0121,437.85,23.5,2.93,1,정상
2025-09,EQ0123,781.42,39.1,2.14,0,주의
2025-09,EQ0127,685.22,42.6,7.65,1,정상
2025-09,EQ0130,565.3,24.1,2.48,1,정상
2025-09,EQ0137,646.64,38.0,4.0,4,정상
2025-09,EQ0141,450.6,42.7,7.32,4,주의
2025-09,EQ0142,500.74,51.4,5.98,3,주의
2025-09,EQ0144,324.03,28.2,8.72,2,정상
2025-09,EQ0145,245.18,20.8,1.43,3,경고
2025-09,EQ0146,505.62,56.1,1.44,2,정상
2025-09,EQ0150,650.07,45.4,9.34,2,정상
2025-09,EQ0151,464.79,59.4,9.53,1,정상
2025-09,EQ0152,708.32,58.8,1.36,1,정상
2025-09,EQ0153,502.04,34.6,3.99,0,정상
2025-09,EQ0155,624.62,39.5,3.98,4,정상
2025-09,EQ0156,716.18,37.4,6.77,1,주의
2025-09,EQ0157,330.64,33.5,1.16,1,정상
2025-09,EQ0158,472.21,47.8,4.32,2,경고
2025-09,EQ0160,433.68,42.1,6.46,3,정상
2025-09,EQ0162,276.25,39.9,4.97,2,주의
2025-09,EQ0166,475.15,46.1,8.15,0,주의
2025-09,EQ0167,711.56,24.4,3.4,4,주의
2025-09,EQ0168,352.8,44.5,2.66,4,주의
2025-09,EQ0169,208.78,33.4,9.46,3,정상
2025-09,EQ0170,264.63,56.2,7.05,1,정상
2025-09,EQ0174,796.89,43.2,9.11,2,정상
2025-09,EQ0179,659.9,36.1,6.05,2,정상
2025-09,EQ0180,770.6,52.7,3.13,4,주의
2025-09,EQ0181,488.4,38.5,7.85,1,주의
2025-09,EQ0182,272.0,56.8,9.09,1,정상
2025-09,EQ0183,684.13,49.3,5.22,3,주의
2025-09,EQ0185,202.7,46.5,4.61,3,주의
2025-09,EQ0188,682.34,39.9,5.24,4,정상
2025-09,EQ0189,501.97,25.0,1.02,0,경고
2025-09,EQ0190,347.7,44.7,8.01,0,정상
2025-09,EQ0192,335.76,50.6,4.93,0,정상
2025-09,EQ0193,272.13,28.6,6.48,1,정상
2025-09,EQ0195,357.92,46.7,4.24,1,정상
2025-09,EQ0197,293.57,30.5,2.66,3,정상
2025-09,EQ0198,523.66,47.0,6.79,4,정상
2025-09,EQ0201,531.56,41.6,2.09,3,정상
2025-09,EQ0202,704.49,47.0,4.45,4,정상
2025-09,EQ0203,263.02,56.1,9.08,2,정상
2025-09,EQ0205,261.65,23.6,4.31,1,정상
2025-09,EQ0206,707.77,24.0,9.5,2,정상
2025-09,EQ0207,331.23,44.0,1.36,0,경고
2025-09,EQ0209,562.14,49.3,3.07,0,주의
2025-09,EQ0211,785.54,41.6,6.8,3,정상
2025-09,EQ0213,491.84,31.0,7.16,1,정상
2025-09,EQ0214,441.54,21.9,8.82,3,정상
2025-09,EQ0218,577.39,23.1,6.15,2,정상
2025-09,EQ0219,699.8,38.2,8.24,2,정상
2025-09,EQ0220,276.7,41.0,2.05,2,주의
2025-09,EQ0221,306.11,27.9,2.74,4,주의
2025-09,EQ0222,538.47,56.1,7.38,2,정상
2025-09,EQ0224,240.48,40.0,8.9,4,정상
2025-09,EQ0227,485.35,26.3,8.83,0,정상
2025-09,EQ0228,768.65,22.1,2.11,4,정상
2025-09,EQ0229,227.43,52.6,9.92,0,주의
2025-09,EQ0231,682.91,44.6,3.04,4,정상
2025-09,EQ0236,359.78,49.5,7.98,2,경고
2025-09,EQ0237,244.19,43.6,7.78,0,주의
2025-09,EQ0238,758.23,36.8,1.93,0,정상
2025-09,EQ0240,658.59,25.4,7.2,1,정상
2025-09,EQ0241,339.12,56.8,3.42,3,정상
2025-09,EQ0242,655.59,38.0,3.54,2,주의
2025-09,EQ0245,218.0,46.6,6.62,2,정상
2025-09,EQ0251,374.34,27.1,8.22,3,정상
2025-09,EQ0253,635.59,44.4,1.43,1,주의
2025-09,EQ0254,225.61,21.8,1.28,0,정상
2025-09,EQ0258,612.94,44.7,8.06,2,주의
2025-09,EQ0259,428.93,36.9,1.5,0,정상
2025-09,EQ0261,500.7,58.3,6.24,1,정상
2025-09,EQ0264,203.54,56.2,9.85,4,정상
2025-09,EQ0265,438.14,35.3,8.29,2,정상
2025-09,EQ0266,716.53,37.8,4.31,2,정상
2025-09,EQ0267,481.65,40.5,2.03,0,주의
2025-09,EQ0270,431.76,31.8,5.38,1,정상
2025-09,EQ0271,643.75,26.1,3.4,2,정상
2025-09,EQ0272,441.21,56.6,4.2,2,정상
2025-09,EQ0273,708.62,21.4,3.75,4,정상
2025-09,EQ0274,687.08,27.3,3.48,4,경고
2025-09,EQ0276,751.65,36.8,6.98,2,정상
2025-09,EQ0281,288.2,26.3,2.82,1,정상
2025-09,EQ0282,347.75,57.7,8.69,4,주의
2025-09,EQ0284,313.92,37.5,7.17,0,주의
2025-09,EQ0285,594.24,28.9,7.15,3,정상
2025-09,EQ0288,414.99,52.9,4.26,0,주의
2025-09,EQ0292,272.05,26.4,4.8,3,정상
2025-09,EQ0294,521.24,31.9,4.41,2,주의
2025-09,EQ0296,665.71,23.9,2.74,1,정상
2025-09,EQ0299,447.54,50.5,6.0,4,주의
2025-10,EQ0001,441.05,27.3,1.7,1,정상
2025-10,EQ0004,706.84,43.7,4.56,4,주의
2025-10,EQ0006,438.28,50.7,3.4,4,정상
2025-10,EQ0007,471.21,42.8,7.05,3,정상
2025-10,EQ0008,477.95,52.3,5.97,4,정상
2025-10,EQ0009,340.31,39.5,3.92,2,정상
2025-10,EQ0012,361.93,44.3,7.53,1,주의
2025-10,EQ0017,537.06,43.9,7.49,3,경고
2025-10,EQ0019,733.42,43.9,7.73,4,정상
2025-10,EQ0021,224.35,58.8,5.05,3,주의
2025-10,EQ0022,654.04,20.9,4.47,0,정상
2025-10,EQ0024,733.38,22.2,6.15,2,정상
2025-10,EQ0026,705.56,33.4,2.62,4,주의
2025-10,EQ0027,654.44,24.4,8.69,1,정상
2025-10,EQ0028,486.31,34.8,2.82,4,주의
2025-10,EQ0029,776.33,36.9,1.37,4,정상
2025-10,EQ0031,782.26,52.7,5.72,2,주의
2025-10,EQ0033,304.54,56.6,3.59,0,정상
2025-10,EQ0038,770.38,46.7,4.88,0,정상
2025-10,EQ0039,240.16,54.1,1.96,1,정상
2025-10,EQ0043,759.1,28.4,9.43,4,정상
2025-10,EQ0046,433.6,56.5,3.23,3,정상
2025-10,EQ0049,545.27,59.8,1.35,1,정상
2025-10,EQ0050,591.57,41.0,6.04,3,정상
2025-10,EQ0055,218.55,44.5,2.64,4,정상
2025-10,EQ0065,705.5,36.8,3.96,0,정상
2025-10,EQ0066,538.61,27.9,3.86,2,정상
2025-10,EQ0067,276.1,21.6,7.47,1,경고
2025-10,EQ0070,473.61,27.7,9.19,0,경고
2025-10,EQ0071,514.47,33.3,5.33,3,정상
2025-10,EQ0072,676.09,23.7,6.32,4,경고
2025-10,EQ0075,390.11,46.2,2.61,1,정상
2025-10,EQ0076,334.66,24.2,2.77,0,정상
2025-10,EQ0077,416.65,58.7,4.22,3,정상
2025-10,EQ0078,291.91,51.4,9.02,2,정상
2025-10,EQ0081,227.93,49.6,2.14,3,주의
2025-10,EQ0082,718.96,35.0,6.72,2,주의
2025-10,EQ0083,434.0,43.1,3.58,4,정상
2025-10,EQ0086,500.02,37.8,6.02,1,정상
2025-10,EQ0087,398.22,50.4,4.76,1,주의
2025-10,EQ0089,768.97,31.3,3.23,3,주의
2025-10,EQ0090,785.15,54.4,3.45,3,정상
2025-10,EQ0091,343.59,53.9,1.98,1,정상
2025-10,EQ0094,759.25,36.7,9.57,0,경고
2025-10,EQ0099,653.81,52.5,2.08,1,정상
2025-10,EQ0100,628.53,38.7,6.66,1,정상
2025-10,EQ0101,562.84,59.1,4.18,0,주의
2025-10,EQ0102,435.88,26.7,1.78,2,주의
2025-10,EQ0103,666.31,28.8,2.89,4,정상
2025-10,EQ0105,587.52,23.4,8.39,3,정상
2025-10,EQ0106,266.68,57.8,5.87,1,정상
2025-10,EQ0108,696.04,29.1,7.26,1,정상
2025-10,EQ0109,200.57,29.8,2.36,4,경고
2025-10,EQ0110,499.59,42.1,5.15,1,정상
2025-10,EQ0111,730.97,24.4,6.15,4,정상
2025-10,EQ0113,251.59,47.6,7.77,0,경고
2025-10,EQ0115,691.29,25.6,7.4,3,주의
2025-10,EQ0120,721.17,28.5,4.18,3,정상
2025-10,EQ0122,572.72,22.8,1.64,3,정상
2025-10,EQ0126,215.37,47.9,6.09,1,정상
2025-10,EQ0129,365.13,42.4,9.97,1,정상
2025-10,EQ0133,286.1,40.2,9.04,4,정상
2025-10,EQ0134,350.55,30.2,8.78,4,정상
2025-10,EQ0135,229.96,42.1,2.6,1,정상
2025-10,EQ0136,725.1,47.5,9.78,4,주의
2025-10,EQ0139,373.68,44.5,9.8,4,정상
2025-10,EQ0140,283.48,40.9,3.79,4,경고
2025-10,EQ0141,255.17,29.9,5.16,1,정상
2025-10,EQ0142,324.98,45.1,6.42,0,주의
2025-10,EQ0143,704.27,36.0,6.0,1,정상
2025-10,EQ0144,320.58,29.3,9.91,3,정상
2025-10,EQ0147,762.19,34.2,8.22,2,주의
2025-10,EQ0148,363.68,55.1,9.77,1,정상
2025-10,EQ0151,378.67,54.3,6.32,4,정상
2025-10,EQ0154,789.68,27.4,9.09,3,정상
2025-10,EQ0156,339.2,52.1,3.83,0,정상
2025-10,EQ0157,549.82,24.1,5.53,1,정상
2025-10,EQ0158,399.42,22.1,5.9,2,주의
2025-10,EQ0160,519.62,21.5,7.93,4,정상
2025-10,EQ0162,461.6,42.2,2.86,1,정상
2025-10,EQ0163,636.94,44.9,9.12,0,정상
2025-10,EQ0164,722.46,29.8,3.83,4,정상
2025-10,EQ0165,490.95,43.2,7.73,2,정상
2025-10,EQ0166,688.94,33.4,8.48,2,정상
2025-10,EQ0171,515.24,55.9,4.75,1,정상
2025-10,EQ0172,595.97,48.9,5.84,0,정상
2025-10,EQ0176,475.26,37.7,4.65,0,정상
2025-10,EQ0179,609.44,47.1,2.83,0,정상
2025-10,EQ0180,537.79,23.5,2.19,1,정상
2025-10,EQ0181,570.32,53.9,5.26,1,주의
2025-10,EQ0184,449.02,37.0,9.99,2,정상
2025-10,EQ0185,711.61,52.1,8.29,4,정상
2025-10,EQ0186,402.95,31.2,6.14,3,정상
2025-10,EQ0187,552.08,37.9,5.02,4,정상
2025-10,EQ0192,558.15,21.3,8.24,3,정상
2025-10,EQ0194,375.0,25.2,4.38,0,정상
2025-10,EQ0195,623.75,26.2,3.4,0,정상
2025-10,EQ0196,569.55,33.3,7.1,2,주의
2025-10,EQ0200,774.18,20.8,9.37,2,정상
2025-10,EQ0202,485.38,33.4,9.25,4,주의
2025-10,EQ0203,421.35,53.3,2.56,2,정상
2025-10,EQ0205,514.88,25.8,6.93,4,정상
2025-10,EQ0206,641.65,31.8,2.98,2,정상
2025-10,EQ0213,682.74,32.6,2.07,1,정상
2025-10,EQ0216,231.45,39.7,1.05,3,주의
2025-10,EQ0217,374.53,23.2,7.14,1,정상
2025-10,EQ0218,422.99,38.9,1.22,2,정상
2025-10,EQ0221,647.93,39.0,3.41,2,정상
2025-10,EQ0224,722.04,27.8,9.62,2,정상
2025-10,EQ0226,757.04,46.1,5.69,1,정상
2025-10,EQ0227,799.08,52.7,4.91,3,정상
2025-10,EQ0228,637.79,54.0,2.15,0,정상
2025-10,EQ0229,458.76,59.2,3.71,3,정상
2025-10,EQ0234,705.98,24.7,6.79,4,주의
2025-10,EQ0235,677.49,58.8,2.6,3,정상
2025-10,EQ0237,784.36,51.7,8.74,2,정상
2025-10,EQ0238,438.52,38.6,3.1,4,정상
2025-10,EQ0241,649.36,38.8,1.03,0,경고
2025-10,EQ0242,486.06,45.5,1.86,3,정상
2025-10,EQ0245,363.56,46.6,5.93,2,정상
2025-10,EQ0246,677.13,22.0,5.38,4,주의
2025-10,EQ0248,442.61,25.2,6.48,2,주의
2025-10,EQ0249,780.86,20.9,1.95,3,주의
2025-10,EQ0251,311.06,29.7,4.08,3,정상
2025-10,EQ0252,309.3,39.4,6.98,1,정상
2025-10,EQ0254,598.85,36.0,5.96,3,정상
2025-10,EQ0255,565.0,33.8,2.81,0,정상
2025-10,EQ0257,487.79,32.4,5.59,0,정상
2025-10,EQ0258,290.94,52.6,6.72,1,정상
2025-10,EQ0259,629.48,46.6,2.79,3,주의
2025-10,EQ0262,475.78,58.1,3.18,4,정상
2025-10,EQ0263,650.85,25.8,7.41,0,정상
2025-10,EQ0264,227.56,53.0,5.96,3,주의
2025-10,EQ0267,444.73,45.0,4.29,4,정상
2025-10,EQ0269,730.99,57.2,1.87,1,정상
2025-10,EQ0271,634.95,20.5,4.3,0,주의
2025-10,EQ0274,690.24,42.3,5.96,2,주의
2025-10,EQ0275,521.87,25.4,6.99,4,정상
2025-10,EQ0277,387.3,34.0,2.7,0,주의
2025-10,EQ0279,318.27,59.4,4.08,4,정상
2025-10,EQ0280,755.49,21.5,2.34,2,정상
2025-10,EQ0282,474.91,21.1,4.74,2,주의
2025-10,EQ0283,608.34,32.0,5.13,4,정상
2025-10,EQ0284,258.25,23.0,1.13,2,주의
2025-10,EQ0286,485.8,56.6,1.71,0,정상
2025-10,EQ0291,423.71,57.6,3.64,3,정상
2025-10,EQ0293,506.65,27.6,9.42,4,정상
2025-10,EQ0296,631.08,52.8,7.4,2,정상
2025-10,EQ0297,753.54,59.2,4.09,1,주의
2025-10,EQ0299,631.21,45.2,6.01,1,정상
2025-11,EQ0004,238.84,59.0,8.63,0,정상
2025-11,EQ0005,744.79,40.3,2.25,2,주의
2025-11,EQ0007,276.78,57.0,6.78,4,정상
2025-11,EQ0008,762.83,24.5,2.41,0,정상
2025-11,EQ0011,458.9,46.4,5.57,2,경고
2025-11,EQ0013,472.89,45.7,9.06,0,정상
2025-11,EQ0014,472.28,27.4,9.89,2,주의
2025-11,EQ0015,526.7,42.2,8.13,3,정상
2025-11,EQ0016,230.8,58.8,7.62,0,주의
2025-11,EQ0018,290.53,47.5,8.96,1,정상
2025-11,EQ0025,594.79,48.6,5.77,4,정상
2025-11,EQ0029,437.92,53.7,1.98,0,정상
2025-11,EQ0030,657.28,46.0,2.09,1,정상
2025-11,EQ0031,555.87,35.7,3.22,1,정상
2025-11,EQ0033,706.4,42.9,6.69,3,주의
2025-11,EQ0034,606.86,43.8,6.69,4,주의
2025-11,EQ0037,332.12,23.9,5.38,0,정상
2025-11,EQ0039,624.43,24.3,8.19,0,주의
2025-11,EQ0040,459.77,53.4,5.16,4,정상
2025-11,EQ0041,459.62,55.1,5.12,3,정상
2025-11,EQ0042,489.54,32.6,2.64,4,정상
2025-11,EQ0043,516.14,49.6,5.62,4,정상
2025-11,EQ0048,420.08,36.7,6.49,2,정상
2025-11,EQ0053,629.8,26.9,7.9,3,정상
2025-11,EQ0054,516.79,41.4,9.83,3,주의
2025-11,EQ0059,336.72,39.3,3.86,0,주의
2025-11,EQ0060,715.43,34.5,1.59,0,정상
2025-11,EQ0062,301.63,24.8,2.62,2,정상
2025-11,EQ0063,256.8,45.8,2.96,0,정상
2025-11,EQ0066,722.39,41.0,9.01,0,정상
2025-11,EQ0067,686.73,28.7,2.85,4,정상
2025-11,EQ0069,794.73,39.6,6.26,1,정상
2025-11,EQ0070,387.46,58.8,4.44,3,정상
2025-11,EQ0071,736.59,45.0,8.29,4,경고
2025-11,EQ0072,213.79,37.4,3.57,3,경고
2025-11,EQ0077,438.26,36.9,1.93,0,경고
2025-11,EQ0078,441.43,22.6,4.29,2,정상
2025-11,EQ0079,553.47,46.2,4.58,4,정상
2025-11,EQ0084,505.6,29.9,1.16,0,주의
2025-11,EQ0086,490.14,22.7,9.0,2,경고
2025-11,EQ0087,257.58,40.2,4.02,4,주의
2025-11,EQ0088,256.33,28.4,9.62,2,주의
2025-11,EQ0090,371.86,21.7,8.1,1,정상
2025-11,EQ0091,524.39,38.2,5.72,2,주의
2025-11,EQ0092,435.14,54.1,8.53,4,정상
2025-11,EQ0094,605.72,40.2,5.62,2,정상
2025-11,EQ0095,261.48,57.1,1.39,1,정상
2025-11,EQ0096,302.64,52.1,8.55,0,경고
2025-11,EQ0097,723.58,49.3,7.02,2,정상
2025-11,EQ0099,435.64,43.7,1.07,1,정상
2025-11,EQ0100,673.35,38.0,1.24,3,정상
2025-11,EQ0103,692.14,35.4,6.71,3,정상
2025-11,EQ0105,497.25,22.1,4.55,3,경고
2025-11,EQ0108,549.98,39.4,2.37,2,주의
2025-11,EQ0109,306.61,58.5,5.5,2,정상
2025-11,EQ0112,257.59,38.9,9.77,0,정상
2025-11,EQ0113,665.56,33.5,8.82,3,정상
2025-11,EQ0114,659.9,28.6,9.96,1,정상
2025-11,EQ0119,666.04,41.6,9.38,2,정상
2025-11,EQ0121,672.92,54.8,9.28,4,정상
2025-11,EQ0123,455.63,20.3,7.49,1,정상
2025-11,EQ0124,759.24,48.0,8.99,4,주의
2025-11,EQ0125,598.55,28.4,8.03,3,정상
2025-11,EQ0126,577.94,38.3,1.35,4,정상
2025-11,EQ0127,435.68,25.0,5.44,0,정상
2025-11,EQ0128,267.73,24.3,3.85,0,정상
2025-11,EQ0130,715.06,52.0,3.77,4,정상
2025-11,EQ0132,677.16,35.3,2.94,2,주의
2025-11,EQ0134,628.12,51.7,7.19,1,주의
2025-11,EQ0136,528.69,44.9,1.64,4,정상
2025-11,EQ0139,777.69,44.9,9.11,0,정상
2025-11,EQ0142,625.83,50.1,7.84,0,경고
2025-11,EQ0143,665.3,41.6,5.24,4,주의
2025-11,EQ0147,263.29,28.1,9.97,0,정상
2025-11,EQ0148,227.51,23.6,5.45,3,정상
2025-11,EQ0149,267.44,45.4,2.73,2,주의
2025-11,EQ0151,385.76,37.2,3.36,0,정상
2025-11,EQ0152,440.17,60.0,1.82,4,주의
2025-11,EQ0153,578.58,43.9,1.11,4,정상
2025-11,EQ0155,386.01,55.0,8.1,4,정상
2025-11,EQ0156,240.98,28.7,9.56,3,주의
2025-11,EQ0161,361.5,21.1,7.44,3,정상
2025-11,EQ0165,665.23,56.8,9.09,2,정상
2025-11,EQ0167,442.55,47.2,6.21,4,정상
2025-11,EQ0171,299.17,54.0,3.4,3,정상
2025-11,EQ0172,282.24,35.1,4.05,3,주의
2025-11,EQ0179,230.91,43.8,3.85,1,정상
2025-11,EQ0182,467.16,31.7,3.86,2,주의
2025-11,EQ0183,377.12,51.8,9.45,1,정상
2025-11,EQ0184,721.44,24.9,3.01,2,주의
2025-11,EQ0186,693.18,54.5,2.49,2,정상
2025-11,EQ0187,664.18,40.4,8.86,0,정상
2025-11,EQ0188,288.54,56.7,4.77,3,정상
2025-11,EQ0193,355.69,41.0,9.97,4,주의
2025-11,EQ0194,324.31,30.1,3.37,0,정상
2025-11,EQ0195,712.11,56.0,3.65,2,정상
2025-11,EQ0196,246.47,47.5,1.93,3,정상
2025-11,EQ0197,412.2,29.7,5.29,4,정상
2025-11,EQ0198,281.61,51.2,1.2,4,주의
2025-11,EQ0200,461.6,39.0,5.89,2,정상
2025-11,EQ0203,449.51,60.0,5.53,4,주의
2025-11,EQ0204,632.73,51.0,7.65,2,경고
2025-11,EQ0206,457.47,31.4,5.77,2,정상
2025-11,EQ0207,690.38,29.5,4.91,1,정상
2025-11,EQ0209,739.11,39.3,3.93,2,정상
2025-11,EQ0210,765.07,27.8,9.2,3,경고
2025-11,EQ0213,477.53,51.3,6.36,3,정상
2025-11,EQ0216,403.98,29.8,9.97,0,정상
2025-11,EQ0219,591.03,28.0,6.02,0,주의
2025-11,EQ0220,537.08,56.7,3.01,0,정상
2025-11,EQ0221,763.55,57.7,2.32,1,주의
2025-11,EQ0223,655.85,35.5,4.14,1,주의
2025-11,EQ0225,341.56,26.7,8.18,2,주의
2025-11,EQ0227,591.58,56.0,1.93,0,주의
2025-11,EQ0228,633.85,26.4,8.38,3,정상
2025-11,EQ0229,339.46,34.8,1.46,4,정상
2025-11,EQ0232,793.25,56.4,4.52,1,정상
2025-11,EQ0233,604.37,48.7,9.2,4,정상
2025-11,EQ0237,579.31,32.3,1.18,4,정상
2025-11,EQ0238,438.7,52.4,2.68,3,정상
2025-11,EQ0239,708.26,51.3,8.11,4,정상
2025-11,EQ0240,224.09,52.6,7.82,1,정상
2025-11,EQ0241,320.77,40.7,4.15,0,주의
2025-11,EQ0242,316.16,45.2,8.68,0,주의
2025-11,EQ0245,472.37,49.2,8.48,1,주의
2025-11,EQ0248,389.47,25.0,9.07,1,주의
2025-11,EQ0252,470.73,32.4,5.96,0,정상
2025-11,EQ0253,556.2,49.9,3.51,0,경고
2025-11,EQ0255,473.19,50.5,2.12,4,주의
2025-11,EQ0256,371.53,49.1,1.07,4,정상
2025-11,EQ0257,593.84,30.5,5.46,3,정상
2025-11,EQ0258,366.79,53.2,6.08,0,주의
2025-11,EQ0260,333.53,36.0,5.01,0,정상
2025-11,EQ0262,659.86,36.4,5.39,2,정상
2025-11,EQ0269,698.45,20.9,9.75,4,정상
2025-11,EQ0270,799.25,36.8,2.95,1,주의
2025-11,EQ0271,545.54,58.8,6.78,4,정상
2025-11,EQ0273,463.59,31.1,6.57,4,주의
2025-11,EQ0276,526.7,32.6,4.8,4,정상
2025-11,EQ0278,418.29,22.7,9.61,1,주의
2025-11,EQ0279,690.8,52.7,1.02,1,경고
2025-11,EQ0281,243.13,50.3,3.97,4,주의
2025-11,EQ0284,434.55,27.9,7.92,3,정상
2025-11,EQ0286,345.58,27.5,2.82,3,정상
2025-11,EQ0287,401.39,29.1,5.55,2,정상
2025-11,EQ0291,415.05,39.7,6.84,4,정상
2025-11,EQ0292,208.29,27.4,2.15,2,정상
2025-11,EQ0298,729.77,21.8,5.73,4,정상
2025-11,EQ0299,271.3,53.7,8.1,4,주의
2025-11,EQ0300,531.78,42.0,8.45,0,정상
2025-12,EQ0001,676.54,57.2,3.21,3,정상
2025-12,EQ0002,410.57,42.0,3.12,0,정상
2025-12,EQ0003,677.71,25.3,9.71,0,정상
2025-12,EQ0005,741.8,37.3,9.17,0,주의
2025-12,EQ0006,209.03,31.9,1.89,4,정상
2025-12,EQ0007,358.84,38.8,3.64,0,정상
2025-12,EQ0008,572.38,34.5,1.76,4,정상
2025-12,EQ0009,432.91,40.6,4.88,2,정상
2025-12,EQ0010,698.35,46.0,1.57,0,주의
2025-12,EQ0011,744.82,22.3,4.37,2,정상
2025-12,EQ0013,423.13,23.3,8.6,0,정상
2025-12,EQ0014,683.13,25.1,2.91,2,정상
2025-12,EQ0016,711.03,33.4,2.84,3,주의
2025-12,EQ0021,744.52,28.0,7.06,4,정상
2025-12,EQ0023,382.85,51.0,5.31,0,경고
2025-12,EQ0024,221.86,42.3,3.08,2,정상
2025-12,EQ0026,490.65,51.8,8.03,0,정상
2025-12,EQ0027,440.0,44.8,1.46,3,경고
2025-12,EQ0030,721.71,23.7,2.66,4,정상
2025-12,EQ0033,389.44,45.0,6.1,0,정상
2025-12,EQ0035,340.64,45.8,5.2,2,정상
2025-12,EQ0039,298.05,22.1,3.83,3,정상
2025-12,EQ0041,402.52,43.0,6.26,1,경고
2025-12,EQ0042,436.86,43.3,8.44,0,정상
2025-12,EQ0046,480.87,37.3,9.52,0,정상
2025-12,EQ0047,259.42,51.9,9.1,2,주의
2025-12,EQ0048,430.92,25.7,8.05,0,정상
2025-12,EQ0052,266.47,46.8,9.12,2,주의
2025-12,EQ0053,601.62,48.8,9.44,1,정상
2025-12,EQ0054,415.99,49.6,2.07,0,정상
2025-12,EQ0055,440.11,23.4,1.89,1,정상
2025-12,EQ0056,489.38,26.3,2.01,2,정상
2025-12,EQ0060,295.59,30.9,7.35,2,정상
2025-12,EQ0062,316.21,46.5,3.09,1,정상
2025-12,EQ0064,687.2,51.4,4.56,4,정상
2025-12,EQ0065,246.85,20.1,1.14,4,정상
2025-12,EQ0066,215.45,53.3,5.58,3,정상
2025-12,EQ0067,324.29,34.8,8.84,0,정상
2025-12,EQ0068,256.73,44.2,4.31,3,정상
2025-12,EQ0069,479.34,31.5,3.67,0,정상
2025-12,EQ0073,393.26,26.6,2.2,0,정상
2025-12,EQ0075,677.99,33.2,4.37,4,주의
2025-12,EQ0076,718.73,43.4,1.1,3,정상
2025-12,EQ0078,662.83,22.4,9.76,1,경고
2025-12,EQ0080,371.4,31.7,7.94,1,정상
2025-12,EQ0083,700.17,51.7,8.48,4,경고
2025-12,EQ0084,576.73,51.0,3.09,0,정상
2025-12,EQ0088,635.67,43.7,1.2,0,정상
2025-12,EQ0092,592.6,43.8,2.99,0,주의
2025-12,EQ0094,579.4,58.6,1.3,0,경고
2025-12,EQ0095,280.32,48.0,6.6,2,정상
2025-12,EQ0096,203.05,49.8,4.57,3,정상
2025-12,EQ0097,601.79,50.5,1.83,3,정상
2025-12,EQ0100,631.84,58.4,2.08,2,정상
2025-12,EQ0102,724.56,42.8,8.72,2,정상
2025-12,EQ0104,302.01,26.2,5.97,0,정상
2025-12,EQ0106,728.08,25.8,5.23,3,정상
2025-12,EQ0108,602.19,44.3,9.09,4,정상
2025-12,EQ0113,623.39,22.2,5.95,1,정상
2025-12,EQ0114,539.09,50.7,3.6,4,정상
2025-12,EQ0115,758.67,20.8,1.07,1,정상
2025-12,EQ0116,673.92,26.4,9.28,3,주의
2025-12,EQ0117,243.56,56.5,2.46,4,정상
2025-12,EQ0118,569.64,32.0,2.92,2,정상
2025-12,EQ0119,531.52,39.5,8.38,3,정상
2025-12,EQ0120,591.85,27.4,8.51,4,주의
2025-12,EQ0122,283.16,52.3,2.27,4,주의
2025-12,EQ0123,451.67,42.5,8.21,1,정상
2025-12,EQ0124,478.13,49.5,9.08,1,주의
2025-12,EQ0126,640.32,43.2,6.61,1,정상
2025-12,EQ0131,349.14,45.0,5.88,4,정상
2025-12,EQ0132,777.34,23.1,2.31,2,정상
2025-12,EQ0134,737.14,52.8,7.49,3,정상
2025-12,EQ0136,642.77,56.8,3.29,2,정상
2025-12,EQ0138,580.68,31.4,8.26,1,정상
2025-12,EQ0139,277.02,37.5,2.18,0,정상
2025-12,EQ0141,702.53,44.8,3.35,0,정상
2025-12,EQ0143,632.1,40.8,7.54,3,정상
2025-12,EQ0144,569.56,56.3,5.01,3,정상
2025-12,EQ0149,244.69,31.8,8.04,3,정상
2025-12,EQ0150,406.1,30.2,5.79,3,주의
2025-12,EQ0156,609.54,55.2,8.9,1,정상
2025-12,EQ0161,708.01,51.7,3.17,2,정상
2025-12,EQ0162,249.97,21.1,5.2,2,정상
2025-12,EQ0163,312.54,50.3,3.6,2,정상
2025-12,EQ0169,353.09,24.5,6.37,1,주의
2025-12,EQ0172,426.87,50.6,2.4,1,주의
2025-12,EQ0177,280.11,22.7,9.45,2,주의
2025-12,EQ0180,701.89,58.1,6.93,4,주의
2025-12,EQ0181,252.48,57.8,1.97,2,경고
2025-12,EQ0183,264.9,24.2,8.36,1,정상
2025-12,EQ0185,440.89,20.6,6.65,1,주의
2025-12,EQ0188,535.8,46.9,2.29,3,주의
2025-12,EQ0190,323.26,49.3,1.96,1,경고
2025-12,EQ0191,787.56,52.5,5.09,4,주의
2025-12,EQ0192,530.61,49.3,8.88,0,정상
2025-12,EQ0193,389.56,43.8,1.76,4,주의
2025-12,EQ0194,379.21,54.3,6.5,1,정상
2025-12,EQ0195,756.73,50.2,7.29,2,정상
2025-12,EQ0198,428.36,35.0,4.73,3,정상
2025-12,EQ0200,269.25,58.0,9.65,0,정상
2025-12,EQ0204,250.46,20.9,3.64,1,정상
2025-12,EQ0205,787.56,34.3,5.89,3,정상
2025-12,EQ0207,724.83,26.0,2.06,0,정상
2025-12,EQ0208,343.01,25.4,3.92,4,정상
2025-12,EQ0210,626.54,47.1,1.76,0,정상
2025-12,EQ0212,610.83,24.4,5.58,4,주의
2025-12,EQ0214,776.65,31.4,7.35,2,정상
2025-12,EQ0216,488.7,24.4,7.92,4,경고
2025-12,EQ0218,328.29,48.5,6.49,4,주의
2025-12,EQ0219,692.15,42.1,4.0,4,정상
2025-12,EQ0221,691.1,50.4,1.53,1,주의
2025-12,EQ0223,231.16,50.2,1.02,2,정상
2025-12,EQ0224,688.66,50.0,5.9,2,경고
2025-12,EQ0225,678.83,59.3,8.45,4,정상
2025-12,EQ0226,684.74,23.3,4.05,2,주의
2025-12,EQ0227,456.05,30.5,8.35,3,정상
2025-12,EQ0228,249.96,43.1,5.42,1,주의
2025-12,EQ0229,534.47,40.8,7.31,1,정상
2025-12,EQ0230,247.07,51.1,1.28,2,정상
2025-12,EQ0232,620.5,24.9,5.05,2,정상
2025-12,EQ0240,621.83,23.2,6.41,4,정상
2025-12,EQ0241,534.86,59.5,6.26,4,주의
2025-12,EQ0242,559.38,28.2,9.71,0,정상
2025-12,EQ0244,649.65,51.1,2.52,0,주의
2025-12,EQ0246,731.75,59.7,9.44,4,정상
2025-12,EQ0251,540.24,32.8,8.93,3,경고
2025-12,EQ0254,357.31,53.5,2.88,2,정상
2025-12,EQ0256,638.01,28.2,1.65,2,정상
2025-12,EQ0261,501.41,51.6,2.41,2,정상
2025-12,EQ0262,769.55,50.0,9.46,2,정상
2025-12,EQ0263,301.72,22.2,4.75,4,정상
2025-12,EQ0265,673.92,54.9,5.18,0,정상
2025-12,EQ0268,581.93,57.5,8.8,4,정상
2025-12,EQ0270,686.84,21.1,2.26,4,경고
2025-12,EQ0271,597.29,26.2,6.2,0,정상
2025-12,EQ0274,670.78,26.7,6.48,0,정상
2025-12,EQ0275,625.28,48.3,3.67,1,정상
2025-12,EQ0277,576.71,51.6,4.85,3,정상
2025-12,EQ0278,288.58,45.3,9.67,2,주의
2025-12,EQ0279,702.39,20.4,7.62,4,주의
2025-12,EQ0281,459.26,59.2,1.17,3,정상
2025-12,EQ0283,717.25,50.6,1.04,4,정상
2025-12,EQ0284,561.91,55.4,2.27,1,정상
2025-12,EQ0285,221.26,41.3,6.97,0,정상
2025-12,EQ0286,370.0,34.4,7.66,1,정상
2025-12,EQ0289,655.09,42.1,1.87,4,정상
2025-12,EQ0290,500.84,20.3,3.87,1,경고
2025-12,EQ0292,544.77,30.5,1.18,4,정상
2025-12,EQ0297,760.61,57.0,1.56,1,정상
