기기ID,점검일자,점검항목,측정값,측정단위,점검결과,담당자,비고
EQ0001,2023-01-08,유량측정,81.36,L/min,정상,김철수,부품교체필요
EQ0001,2023-03-27,유량측정,15.6,MΩ,주의,이영희,윤활유 추가
EQ0001,2023-08-02,전류측정,28.44,bar,정상,최민준,청소완료
EQ0001,2023-08-31,전류측정,54.75,bar,정상,최민준,청소완료
EQ0001,2023-09-11,온도측정,91.83,°C,정상,박준호,청소완료
EQ0001,2023-10-16,외관검사,98.25,bar,경고,이영희,윤활유 추가
EQ0001,2024-01-14,소음진동,18.41,bar,불량,최민준,부품교체필요
EQ0001,2024-01-16,외관검사,60.42,L/min,주의,이영희,
EQ0001,2024-02-27,절연저항,59.4,dB,정상,이영희,
EQ0001,2024-05-31,소음진동,69.78,°C,정상,이영희,윤활유 추가
EQ0002,2023-01-16,외관검사,47.6,bar,정상,정수현,부품교체필요
EQ0002,2023-02-09,절연저항,22.66,°C,정상,정수현,청소완료
EQ0002,2023-05-04,외관검사,85.33,A,정상,김철수,조정완료
EQ0002,2023-08-06,절연저항,74.72,A,정상,김철수,윤활유 추가
EQ0002,2023-08-14,절연저항,84.54,L/min,정상,정수현,청소완료
EQ0002,2023-08-15,압력검사,40.32,°C,주의,이영희,윤활유 추가
EQ0002,2023-08-15,외관검사,37.36,MΩ,주의,최민준,청소완료
EQ0002,2023-09-17,절연저항,65.38,MΩ,경고,김철수,청소완료
EQ0002,2023-09-17,유량측정,89.37,A,정상,박준호,조정완료
EQ0002,2023-10-16,유량측정,76.54,dB,정상,최민준,
EQ0002,2023-12-04,소음진동,65.24,MΩ,주의,최민준,윤활유 추가
EQ0002,2024-04-12,절연저항,81.39,A,정상,박준호,부품교체필요
EQ0002,2024-06-20,온도측정,57.47,°C,주의,이영희,조정완료
EQ0002,2024-07-25,유량측정,98.93,dB,주의,최민준,
EQ0003,2023-09-08,온도측정,60.44,A,정상,최민준,조정완료
EQ0003,2024-02-28,절연저항,92.63,MΩ,경고,박준호,윤활유 추가
EQ0003,2024-03-01,온도측정,82.44,L/min,불량,김철수,윤활유 추가
EQ0003,2024-06-30,온도측정,97.91,MΩ,정상,김철수,
EQ0003,2024-07-04,외관검사,80.96,bar,경고,박준호,
EQ0004,2023-01-26,유량측정,49.9,bar,정상,최민준,
EQ0004,2023-06-28,유량측정,70.88,L/min,정상,최민준,조정완료
EQ0004,2023-07-20,압력검사,12.94,A,주의,김철수,조정완료
EQ0004,2023-11-30,절연저항,63.89,A,경고,이영희,
EQ0004,2023-12-09,전류측정,17.4,MΩ,정상,김철수,윤활유 추가
EQ0004,2024-04-09,절연저항,14.15,°C,정상,김철수,윤활유 추가
EQ0004,2024-05-22,온도측정,88.55,MΩ,정상,정수현,조정완료
EQ0004,2024-07-29,절연저항,87.01,bar,정상,최민준,조정완료
EQ0004,2024-08-01,절연저항,33.64,dB,정상,김철수,
EQ0004,2024-08-06,전류측정,46.63,MΩ,정상,김철수,조정완료
EQ0004,2024-08-20,외관검사,99.01,bar,주의,최민준,윤활유 추가
EQ0005,2023-02-18,절연저항,14.45,A,주의,김철수,부품교체필요
EQ0005,2023-04-19,유량측정,70.71,°C,주의,최민준,부품교체필요
EQ0005,2023-05-07,절연저항,24.87,L/min,주의,정수현,조정완료
EQ0005,2023-07-02,외관검사,12.67,A,정상,박준호,조정완료
EQ0005,2023-10-10,온도측정,34.91,°C,정상,정수현,
EQ0005,2023-11-20,절연저항,82.03,L/min,정상,박준호,청소완료
EQ0005,2023-12-07,압력검사,61.48,MΩ,정상,김철수,
EQ0005,2023-12-10,압력검사,35.61,°C,정상,박준호,윤활유 추가
EQ0005,2024-02-28,절연저항,64.97,bar,정상,김철수,조정완료
EQ0005,2024-03-28,외관검사,67.28,MΩ,정상,김철수,청소완료
EQ0006,2023-01-30,유량측정,30.37,A,정상,최민준,
EQ0006,2023-03-04,전류측정,38.7,dB,정상,최민준,청소완료
EQ0006,2023-03-25,외관검사,16.39,dB,정상,김철수,부품교체필요
EQ0006,2023-04-15,소음진동,42.57,A,정상,이영희,윤활유 추가
EQ0006,2023-04-28,외관검사,65.13,L/min,정상,박준호,조정완료
EQ0006,2023-09-25,온도측정,50.4,bar,정상,정수현,조정완료
EQ0006,2023-10-04,절연저항,86.67,L/min,정상,김철수,조정완료
EQ0006,2023-10-17,유량측정,48.75,L/min,정상,김철수,
EQ0006,2024-03-02,전류측정,16.45,MΩ,정상,김철수,조정완료
EQ0006,2024-05-28,압력검사,15.98,MΩ,정상,김철수,
EQ0006,2024-07-12,유량측정,40.58,dB,정상,최민준,윤활유 추가
EQ0006,2024-07-27,외관검사,29.44,°C,주의,김철수,청소완료
EQ0007,2023-02-04,전류측정,49.97,dB,주의,김철수,조정완료
EQ0007,2023-03-18,온도측정,96.5,L/min,정상,최민준,조정완료
EQ0007,2023-06-14,외관검사,59.83,dB,정상,정수현,윤활유 추가
EQ0007,2023-06-14,전류측정,45.56,L/min,경고,정수현,청소완료
EQ0007,2023-12-09,온도측정,42.06,dB,정상,박준호,부품교체필요
EQ0007,2024-01-11,온도측정,57.87,bar,정상,박준호,윤활유 추가
EQ0007,2024-03-10,압력검사,99.45,L/min,정상,김철수,부품교체필요
EQ0007,2024-03-15,유량측정,60.37,L/min,정상,이영희,조정완료
EQ0007,2024-03-23,온도측정,24.4,dB,정상,정수현,조정완료
EQ0007,2024-05-11,압력검사,40.82,L/min,정상,박준호,청소완료
EQ0007,2024-05-13,외관검사,62.24,bar,정상,이영희,윤활유 추가
EQ0007,2024-06-25,소음진동,91.01,bar,정상,최민준,조정완료
EQ0008,2023-01-13,전류측정,66.39,dB,정상,정수현,윤활유 추가
EQ0008,2023-03-05,온도측정,91.85,A,정상,최민준,조정완료
EQ0008,2023-12-03,외관검사,36.86,A,정상,박준호,윤활유 추가
EQ0008,2023-12-31,온도측정,28.04,°C,정상,정수현,
EQ0008,2024-01-30,전류측정,21.23,°C,정상,김철수,부품교체필요
EQ0008,2024-05-13,소음진동,75.31,bar,불량,이영희,청소완료
EQ0008,2024-06-07,절연저항,23.39,A,정상,최민준,청소완료
EQ0008,2024-06-30,절연저항,96.17,A,불량,이영희,
EQ0008,2024-07-19,소음진동,22.1,MΩ,정상,최민준,부품교체필요
EQ0008,2024-08-04,전류측정,37.22,L/min,정상,김철수,윤활유 추가
EQ0009,2023-01-10,유량측정,66.23,L/min,정상,이영희,부품교체필요
EQ0009,2023-02-28,전류측정,74.86,L/min,정상,이영희,부품교체필요
EQ0009,2023-08-19,압력검사,85.8,°C,정상,정수현,조정완료
EQ0009,2023-10-22,온도측정,82.31,MΩ,정상,박준호,조정완료
EQ0009,2023-11-23,절연저항,11.29,°C,정상,정수현,
EQ0009,2023-12-21,온도측정,66.89,bar,경고,이영희,조정완료
EQ0009,2024-01-15,절연저항,14.52,dB,주의,최민준,부품교체필요
EQ0009,2024-02-16,절연저항,84.03,MΩ,정상,최민준,조정완료
EQ0009,2024-06-16,온도측정,42.2,°C,주의,김철수,부품교체필요
EQ0009,2024-06-30,소음진동,19.4,°C,주의,최민준,윤활유 추가
EQ0009,2024-07-02,압력검사,77.81,bar,주의,김철수,
EQ0009,2024-07-26,온도측정,57.03,dB,정상,이영희,부품교체필요
EQ0010,2023-03-24,외관검사,43.96,L/min,정상,김철수,부품교체필요
EQ0010,2023-04-10,전류측정,74.77,°C,정상,박준호,
EQ0010,2023-04-10,압력검사,77.86,bar,정상,최민준,부품교체필요
EQ0010,2023-05-17,온도측정,87.99,L/min,주의,박준호,조정완료
EQ0010,2023-06-03,소음진동,34.86,MΩ,경고,이영희,
EQ0010,2023-08-23,압력검사,26.45,L/min,정상,최민준,
EQ0010,2023-08-24,외관검사,14.71,°C,정상,정수현,조정완료
EQ0010,2023-12-20,전류측정,14.89,L/min,정상,김철수,
EQ0010,2024-01-25,압력검사,94.64,bar,경고,김철수,
EQ0010,2024-04-15,소음진동,60.82,L/min,정상,이영희,조정완료
EQ0010,2024-05-16,전류측정,55.04,°C,정상,이영희,윤활유 추가
EQ0010,2024-06-16,유량측정,80.36,L/min,불량,김철수,조정완료
EQ0011,2023-01-28,절연저항,68.03,bar,정상,김철수,청소완료
EQ0011,2023-02-13,전류측정,85.19,MΩ,정상,이영희,
EQ0011,2023-07-01,유량측정,10.89,A,경고,이영희,청소완료
EQ0011,2023-08-18,외관검사,38.07,L/min,정상,김철수,청소완료
EQ0011,2024-02-02,소음진동,12.83,A,정상,김철수,청소완료
EQ0011,2024-05-16,압력검사,16.87,MΩ,정상,정수현,조정완료
EQ0011,2024-06-16,유량측정,13.87,bar,정상,이영희,조정완료
EQ0012,2023-01-15,압력검사,95.42,MΩ,정상,이영희,부품교체필요
EQ0012,2023-02-02,전류측정,56.62,L/min,정상,최민준,윤활유 추가
EQ0012,2023-08-06,유량측정,96.2,°C,정상,최민준,부품교체필요
EQ0012,2023-08-13,전류측정,80.23,bar,정상,최민준,윤활유 추가
EQ0012,2023-10-29,압력검사,51.27,A,정상,정수현,청소완료
EQ0012,2023-11-27,전류측정,60.52,MΩ,정상,박준호,부품교체필요
EQ0012,2023-12-05,온도측정,98.35,L/min,정상,최민준,윤활유 추가
EQ0012,2024-01-08,유량측정,59.35,L/min,주의,김철수,윤활유 추가
EQ0012,2024-05-03,압력검사,32.19,L/min,정상,최민준,청소완료
EQ0012,2024-05-05,외관검사,41.07,L/min,정상,최민준,
EQ0012,2024-05-06,전류측정,22.67,dB,주의,박준호,조정완료
EQ0012,2024-07-12,전류측정,73.69,dB,정상,이영희,조정완료
EQ0012,2024-08-18,유량측정,30.72,MΩ,정상,박준호,부품교체필요
EQ0013,2023-01-08,절연저항,74.65,MΩ,정상,김철수,윤활유 추가
EQ0013,2023-01-17,소음진동,99.32,bar,정상,박준호,부품교체필요
EQ0013,2023-06-03,절연저항,27.11,A,주의,정수현,부품교체필요
EQ0013,2023-06-10,외관검사,98.31,bar,정상,최민준,청소완료
EQ0013,2023-06-19,유량측정,26.01,A,정상,박준호,
EQ0013,2023-09-23,온도측정,29.88,°C,정상,김철수,
EQ0013,2023-09-30,온도측정,45.57,dB,불량,정수현,부품교체필요
EQ0013,2023-11-20,외관검사,31.64,dB,경고,최민준,청소완료
EQ0013,2023-12-15,온도측정,90.52,bar,정상,김철수,윤활유 추가
EQ0013,2024-02-08,압력검사,12.94,A,불량,박준호,부품교체필요
EQ0013,2024-03-21,외관검사,29.72,bar,정상,박준호,부품교체필요
EQ0013,2024-06-29,온도측정,54.52,°C,주의,김철수,윤활유 추가
EQ0013,2024-07-01,압력검사,43.93,L/min,정상,박준호,조정완료
EQ0013,2024-08-04,외관검사,27.72,A,정상,박준호,부품교체필요
EQ0013,2024-08-18,소음진동,79.45,MΩ,정상,정수현,부품교체필요
EQ0014,2023-02-07,온도측정,69.67,°C,주의,이영희,부품교체필요
EQ0014,2023-02-09,전류측정,39.9,dB,주의,이영희,청소완료
EQ0014,2023-04-09,유량측정,78.29,A,정상,이영희,조정완료
EQ0014,2023-04-19,압력검사,32.98,A,정상,최민준,
EQ0014,2023-09-11,압력검사,78.9,°C,정상,최민준,조정완료
EQ0014,2023-10-17,외관검사,51.7,bar,정상,정수현,조정완료
EQ0014,2023-12-20,압력검사,30.24,L/min,정상,박준호,윤활유 추가
EQ0014,2024-01-26,전류측정,37.38,bar,정상,박준호,청소완료
EQ0014,2024-02-09,절연저항,80.23,dB,경고,이영희,청소완료
EQ0014,2024-04-19,유량측정,36.57,A,정상,박준호,윤활유 추가
EQ0015,2023-03-29,소음진동,72.75,A,주의,이영희,조정완료
EQ0015,2023-04-12,외관검사,56.25,°C,정상,김철수,
EQ0015,2023-07-21,온도측정,34.21,MΩ,정상,박준호,부품교체필요
EQ0015,2023-11-04,압력검사,87.09,°C,주의,정수현,
EQ0015,2023-11-09,외관검사,12.78,°C,정상,정수현,청소완료
EQ0015,2024-04-18,전류측정,55.6,L/min,정상,박준호,윤활유 추가
EQ0015,2024-05-19,외관검사,64.14,L/min,정상,박준호,조정완료
EQ0015,2024-06-20,온도측정,34.43,°C,정상,박준호,청소완료
EQ0015,2024-07-04,절연저항,45.39,bar,정상,박준호,부품교체필요
EQ0016,2023-03-10,절연저항,32.24,°C,정상,김철수,윤활유 추가
EQ0016,2023-05-31,소음진동,88.43,A,정상,박준호,부품교체필요
EQ0016,2023-06-17,온도측정,48.66,bar,주의,정수현,윤활유 추가
EQ0016,2023-07-16,온도측정,15.09,L/min,불량,최민준,윤활유 추가
EQ0016,2023-11-27,압력검사,41.77,°C,경고,정수현,
EQ0016,2024-02-23,절연저항,73.33,MΩ,주의,최민준,윤활유 추가
EQ0016,2024-08-14,온도측정,89.14,°C,정상,최민준,청소완료
EQ0016,2024-08-17,온도측정,11.09,L/min,정상,최민준,조정완료
EQ0017,2023-03-14,외관검사,70.49,MΩ,정상,최민준,윤활유 추가
EQ0017,2023-03-20,온도측정,76.29,bar,정상,최민준,부품교체필요
EQ0017,2023-07-23,전류측정,33.78,dB,정상,박준호,부품교체필요
EQ0017,2024-01-27,소음진동,50.51,dB,정상,이영희,조정완료
EQ0017,2024-02-16,절연저항,59.99,dB,주의,김철수,
EQ0017,2024-04-21,유량측정,35.01,dB,경고,김철수,
EQ0017,2024-05-09,절연저항,16.15,°C,정상,최민준,윤활유 추가
EQ0017,2024-05-22,소음진동,87.95,°C,정상,김철수,부품교체필요
EQ0017,2024-08-08,절연저항,97.17,A,정상,박준호,조정완료
EQ0017,2024-08-18,온도측정,68.37,MΩ,정상,박준호,윤활유 추가
EQ0018,2023-03-24,외관검사,29.84,°C,주의,이영희,
EQ0018,2023-09-05,유량측정,65.2,°C,정상,이영희,청소완료
EQ0018,2023-10-11,외관검사,11.39,L/min,경고,김철수,청소완료
EQ0018,2023-11-10,외관검사,70.56,dB,정상,이영희,부품교체필요
EQ0018,2023-12-29,온도측정,73.49,dB,정상,이영희,청소완료
EQ0018,2024-01-01,압력검사,16.94,dB,정상,정수현,부품교체필요
EQ0018,2024-01-02,전류측정,83.55,A,주의,이영희,윤활유 추가
EQ0018,2024-01-05,온도측정,49.02,A,경고,정수현,
EQ0018,2024-05-07,전류측정,27.93,L/min,정상,김철수,
EQ0018,2024-05-08,소음진동,48.47,bar,정상,김철수,
EQ0018,2024-07-02,외관검사,13.15,A,정상,정수현,부품교체필요
EQ0018,2024-07-02,전류측정,15.76,dB,정상,박준호,부품교체필요
EQ0018,2024-07-03,전류측정,84.07,A,정상,박준호,부품교체필요
EQ0019,2023-01-06,온도측정,84.6,MΩ,정상,정수현,부품교체필요
EQ0019,2023-02-07,압력검사,24.44,bar,주의,최민준,조정완료
EQ0019,2023-03-02,전류측정,16.9,°C,주의,정수현,청소완료
EQ0019,2023-03-28,외관검사,41.03,A,정상,김철수,조정완료
EQ0019,2023-05-09,유량측정,93.21,A,정상,김철수,조정완료
EQ0019,2023-06-26,소음진동,34.43,°C,정상,정수현,
EQ0019,2023-07-24,유량측정,63.12,bar,정상,최민준,청소완료
EQ0019,2023-07-26,외관검사,78.8,MΩ,정상,김철수,
EQ0019,2023-08-22,유량측정,37.99,MΩ,정상,최민준,윤활유 추가
EQ0019,2023-08-23,소음진동,89.35,dB,정상,최민준,윤활유 추가
EQ0019,2023-08-27,압력검사,47.0,MΩ,정상,정수현,
EQ0019,2023-08-30,전류측정,74.85,L/min,정상,최민준,조정완료
EQ0019,2023-09-04,압력검사,74.69,MΩ,주의,김철수,
EQ0020,2023-02-18,압력검사,50.54,bar,주의,최민준,조정완료
EQ0020,2023-04-03,외관검사,88.68,°C,정상,박준호,
EQ0020,2023-05-19,압력검사,46.88,°C,주의,박준호,부품교체필요
EQ0020,2023-06-24,외관검사,48.6,A,정상,이영희,
EQ0020,2023-07-18,절연저항,55.95,A,경고,정수현,윤활유 추가
EQ0020,2023-09-02,압력검사,40.35,dB,정상,정수현,조정완료
EQ0020,2023-11-01,온도측정,28.39,°C,불량,김철수,
EQ0020,2023-11-19,온도측정,16.3,MΩ,정상,박준호,청소완료
EQ0020,2023-12-20,온도측정,59.2,°C,정상,정수현,
EQ0020,2024-02-20,소음진동,32.79,°C,주의,김철수,
EQ0020,2024-05-21,유량측정,75.05,dB,정상,박준호,윤활유 추가
EQ0020,2024-06-17,절연저항,45.05,°C,주의,최민준,청소완료
EQ0020,2024-07-27,외관검사,87.16,A,정상,정수현,조정완료
EQ0021,2023-03-03,외관검사,43.59,L/min,정상,김철수,청소완료
EQ0021,2023-05-16,외관검사,62.53,bar,정상,이영희,청소완료
EQ0021,2023-08-08,절연저항,77.5,°C,정상,박준호,조정완료
EQ0021,2023-12-21,압력검사,28.65,L/min,주의,최민준,
EQ0021,2024-03-20,압력검사,74.15,A,정상,정수현,윤활유 추가
EQ0021,2024-07-29,소음진동,90.02,bar,정상,이영희,청소완료
EQ0022,2023-08-10,압력검사,39.21,bar,주의,정수현,부품교체필요
EQ0022,2023-10-27,온도측정,26.91,°C,정상,이영희,청소완료
EQ0022,2023-12-06,유량측정,23.55,°C,정상,정수현,조정완료
EQ0022,2024-01-06,소음진동,50.57,MΩ,주의,김철수,윤활유 추가
EQ0022,2024-08-08,전류측정,79.91,L/min,정상,최민준,부품교체필요
EQ0022,2024-08-13,압력검사,66.7,MΩ,정상,김철수,윤활유 추가
EQ0023,2023-06-04,전류측정,87.73,A,정상,정수현,
EQ0023,2023-06-19,유량측정,94.59,MΩ,정상,박준호,조정완료
EQ0023,2023-07-10,온도측정,52.24,bar,불량,최민준,
EQ0023,2023-10-03,온도측정,88.16,A,경고,최민준,조정완료
EQ0023,2024-03-17,온도측정,94.46,bar,경고,이영희,윤활유 추가
EQ0023,2024-03-30,압력검사,84.29,dB,주의,김철수,조정완료
EQ0023,2024-04-02,온도측정,99.79,A,정상,정수현,조정완료
EQ0023,2024-04-03,온도측정,86.43,MΩ,정상,최민준,조정완료
EQ0023,2024-06-20,유량측정,99.16,A,정상,이영희,조정완료
EQ0023,2024-07-03,온도측정,99.9,A,경고,박준호,조정완료
EQ0023,2024-07-24,전류측정,97.68,MΩ,정상,박준호,
EQ0023,2024-08-20,절연저항,11.54,dB,주의,최민준,윤활유 추가
EQ0024,2023-02-12,전류측정,85.43,MΩ,정상,박준호,청소완료
EQ0024,2023-02-19,절연저항,94.81,L/min,정상,최민준,윤활유 추가
EQ0024,2023-04-03,절연저항,25.28,L/min,정상,김철수,윤활유 추가
EQ0024,2023-07-03,소음진동,46.17,bar,정상,김철수,부품교체필요
EQ0024,2023-08-22,외관검사,66.04,°C,정상,정수현,청소완료
EQ0024,2023-08-27,온도측정,76.37,°C,불량,최민준,조정완료
EQ0024,2023-09-17,외관검사,26.14,L/min,정상,이영희,
EQ0024,2023-10-23,소음진동,17.61,L/min,경고,박준호,조정완료
EQ0024,2024-01-15,전류측정,49.19,L/min,주의,이영희,조정완료
EQ0024,2024-03-13,소음진동,76.65,L/min,정상,최민준,조정완료
EQ0024,2024-05-08,온도측정,81.05,L/min,정상,박준호,청소완료
EQ0025,2023-02-01,외관검사,94.64,dB,정상,이영희,조정완료
EQ0025,2023-02-08,유량측정,41.98,bar,정상,최민준,조정완료
EQ0025,2023-03-27,유량측정,23.22,MΩ,경고,이영희,윤활유 추가
EQ0025,2023-04-22,유량측정,53.91,°C,정상,이영희,
EQ0025,2023-07-20,전류측정,60.36,MΩ,주의,김철수,윤활유 추가
EQ0025,2023-10-29,절연저항,22.34,MΩ,주의,박준호,청소완료
EQ0025,2024-03-14,소음진동,35.37,dB,정상,정수현,
EQ0025,2024-06-13,온도측정,99.26,°C,경고,정수현,
EQ0025,2024-08-06,유량측정,35.05,A,정상,정수현,청소완료
EQ0026,2023-01-06,절연저항,32.75,dB,정상,박준호,청소완료
EQ0026,2023-06-26,온도측정,86.06,bar,정상,김철수,
EQ0026,2023-08-17,절연저항,61.1,°C,정상,최민준,청소완료
EQ0026,2024-03-14,전류측정,50.86,°C,정상,정수현,조정완료
EQ0026,2024-03-26,유량측정,54.17,MΩ,주의,정수현,
EQ0026,2024-07-04,외관검사,76.74,A,정상,최민준,조정완료
EQ0027,2023-04-08,외관검사,40.24,L/min,주의,김철수,
EQ0027,2023-04-21,온도측정,63.1,bar,정상,김철수,조정완료
EQ0027,2023-08-26,절연저항,52.81,A,정상,정수현,
EQ0027,2023-09-29,전류측정,53.85,dB,정상,정수현,부품교체필요
EQ0027,2023-09-30,소음진동,31.34,A,정상,박준호,부품교체필요
EQ0027,2023-10-03,유량측정,77.52,MΩ,정상,김철수,조정완료
EQ0027,2024-02-21,외관검사,49.44,MΩ,불량,최민준,윤활유 추가
EQ0027,2024-04-11,유량측정,70.3,L/min,정상,정수현,청소완료
EQ0027,2024-08-18,전류측정,63.0,L/min,정상,이영희,부품교체필요
EQ0028,2023-01-06,온도측정,27.31,L/min,주의,정수현,윤활유 추가
EQ0028,2023-03-13,온도측정,25.61,°C,정상,이영희,윤활유 추가
EQ0028,2023-05-17,전류측정,24.65,L/min,정상,정수현,
EQ0028,2023-05-19,전류측정,21.29,°C,정상,이영희,조정완료
EQ0028,2023-05-29,온도측정,36.44,A,정상,박준호,
EQ0028,2023-07-05,유량측정,40.6,A,주의,이영희,부품교체필요
EQ0028,2023-07-11,온도측정,57.23,°C,정상,박준호,윤활유 추가
EQ0028,2023-09-01,유량측정,41.54,°C,정상,이영희,조정완료
EQ0028,2023-11-04,소음진동,74.44,°C,정상,최민준,윤활유 추가
EQ0028,2024-02-28,전류측정,93.46,MΩ,정상,정수현,조정완료
EQ0028,2024-03-22,유량측정,26.72,dB,경고,최민준,윤활유 추가
EQ0028,2024-05-25,소음진동,27.05,MΩ,정상,김철수,부품교체필요
EQ0029,2023-03-11,외관검사,14.07,L/min,주의,최민준,윤활유 추가
EQ0029,2023-05-18,외관검사,94.84,A,주의,정수현,부품교체필요
EQ0029,2023-05-20,전류측정,36.56,°C,정상,이영희,윤활유 추가
EQ0029,2023-09-28,온도측정,29.12,bar,정상,이영희,부품교체필요
EQ0029,2023-12-26,소음진동,25.95,bar,정상,박준호,
EQ0029,2024-01-13,압력검사,48.7,°C,주의,정수현,조정완료
EQ0029,2024-04-25,유량측정,35.92,dB,정상,최민준,
EQ0029,2024-06-13,압력검사,83.89,MΩ,정상,박준호,부품교체필요
EQ0030,2023-01-22,절연저항,90.63,MΩ,주의,김철수,부품교체필요
EQ0030,2023-04-18,유량측정,88.58,bar,정상,정수현,조정완료
EQ0030,2023-04-21,외관검사,32.76,dB,정상,정수현,
EQ0030,2023-06-15,외관검사,42.25,bar,주의,정수현,조정완료
EQ0030,2023-09-26,외관검사,34.82,A,정상,정수현,부품교체필요
EQ0030,2023-11-07,압력검사,20.68,bar,정상,정수현,
EQ0030,2024-03-13,유량측정,98.52,°C,정상,이영희,조정완료
EQ0030,2024-05-09,소음진동,14.53,L/min,정상,김철수,조정완료
EQ0030,2024-07-24,소음진동,76.5,L/min,정상,박준호,청소완료
EQ0031,2023-03-06,온도측정,41.94,bar,정상,정수현,청소완료
EQ0031,2023-05-02,유량측정,83.32,bar,정상,박준호,부품교체필요
EQ0031,2023-05-26,유량측정,60.6,MΩ,주의,최민준,윤활유 추가
EQ0031,2024-02-11,외관검사,64.15,bar,정상,박준호,부품교체필요
EQ0031,2024-07-28,온도측정,13.96,A,정상,박준호,청소완료
EQ0032,2023-04-16,온도측정,74.16,L/min,정상,김철수,
EQ0032,2023-06-20,절연저항,23.18,bar,정상,이영희,조정완료
EQ0032,2023-07-06,유량측정,91.65,L/min,정상,최민준,조정완료
EQ0032,2023-07-13,전류측정,18.62,A,정상,정수현,부품교체필요
EQ0032,2023-08-18,소음진동,13.87,bar,정상,최민준,부품교체필요
EQ0032,2023-08-21,외관검사,26.31,A,경고,정수현,청소완료
EQ0032,2023-09-13,전류측정,47.55,L/min,정상,김철수,부품교체필요
EQ0032,2024-02-20,절연저항,83.84,A,경고,최민준,윤활유 추가
EQ0032,2024-04-01,압력검사,91.14,MΩ,정상,박준호,윤활유 추가
EQ0032,2024-05-08,유량측정,44.11,MΩ,정상,이영희,부품교체필요
EQ0032,2024-05-29,외관검사,64.32,MΩ,정상,김철수,윤활유 추가
EQ0032,2024-08-05,유량측정,92.48,dB,정상,박준호,부품교체필요
EQ0033,2023-01-21,압력검사,78.41,L/min,정상,김철수,청소완료
EQ0033,2023-02-17,소음진동,16.91,A,정상,정수현,조정완료
EQ0033,2023-02-23,온도측정,13.55,°C,정상,박준호,조정완료
EQ0033,2023-05-21,절연저항,24.7,bar,정상,최민준,조정완료
EQ0033,2023-07-06,소음진동,95.21,°C,주의,이영희,청소완료
EQ0033,2023-07-14,전류측정,45.51,MΩ,정상,정수현,부품교체필요
EQ0033,2023-08-12,소음진동,15.1,L/min,정상,박준호,부품교체필요
EQ0033,2023-11-29,유량측정,97.64,dB,정상,박준호,윤활유 추가
EQ0033,2024-02-04,절연저항,77.72,bar,경고,정수현,조정완료
EQ0033,2024-03-02,절연저항,97.84,L/min,경고,최민준,청소완료
EQ0033,2024-05-08,소음진동,40.65,°C,정상,박준호,청소완료
EQ0033,2024-05-17,외관검사,30.83,dB,경고,이영희,부품교체필요
EQ0033,2024-06-03,압력검사,18.09,L/min,정상,정수현,청소완료
EQ0033,2024-08-13,전류측정,77.63,MΩ,정상,최민준,청소완료
EQ0034,2023-01-04,전류측정,11.46,dB,정상,김철수,
EQ0034,2023-01-12,온도측정,70.88,°C,경고,김철수,부품교체필요
EQ0034,2023-04-18,온도측정,21.34,dB,정상,정수현,윤활유 추가
EQ0034,2023-05-24,절연저항,12.12,A,정상,박준호,조정완료
EQ0034,2023-06-30,소음진동,49.09,dB,정상,최민준,
EQ0034,2023-09-03,압력검사,64.54,L/min,주의,박준호,
EQ0034,2023-10-27,소음진동,12.7,°C,정상,최민준,윤활유 추가
EQ0034,2023-11-12,절연저항,48.62,MΩ,정상,정수현,부품교체필요
EQ0034,2023-12-14,외관검사,68.69,bar,주의,이영희,부품교체필요
EQ0034,2024-03-19,소음진동,31.0,bar,정상,이영희,조정완료
EQ0034,2024-05-04,절연저항,41.66,A,정상,정수현,윤활유 추가
EQ0034,2024-05-31,유량측정,69.07,A,정상,이영희,청소완료
EQ0034,2024-07-03,절연저항,88.76,°C,정상,최민준,부품교체필요
EQ0035,2023-05-08,소음진동,46.59,MΩ,주의,최민준,조정완료
EQ0035,2023-06-09,소음진동,63.47,L/min,정상,최민준,부품교체필요
EQ0035,2023-07-20,소음진동,17.34,dB,주의,최민준,부품교체필요
EQ0035,2023-10-12,전류측정,90.13,L/min,정상,정수현,부품교체필요
EQ0035,2023-11-17,온도측정,59.33,MΩ,정상,김철수,부품교체필요
EQ0035,2023-12-22,외관검사,37.71,bar,정상,이영희,윤활유 추가
EQ0036,2023-02-23,소음진동,15.92,L/min,정상,김철수,부품교체필요
EQ0036,2023-03-24,절연저항,11.16,bar,불량,박준호,조정완료
EQ0036,2023-05-11,유량측정,21.55,A,정상,최민준,조정완료
EQ0036,2023-07-20,압력검사,17.66,°C,정상,이영희,조정완료
EQ0036,2023-07-25,전류측정,90.21,bar,주의,김철수,청소완료
EQ0036,2023-11-06,전류측정,54.91,bar,정상,최민준,윤활유 추가
EQ0036,2024-03-12,전류측정,38.65,dB,정상,정수현,윤활유 추가
EQ0036,2024-04-06,전류측정,11.46,MΩ,정상,김철수,조정완료
EQ0036,2024-04-24,압력검사,34.48,A,경고,정수현,윤활유 추가
EQ0036,2024-05-22,온도측정,31.63,°C,정상,박준호,윤활유 추가
EQ0036,2024-08-21,절연저항,21.46,MΩ,정상,최민준,
EQ0037,2023-02-12,온도측정,30.34,dB,정상,박준호,부품교체필요
EQ0037,2023-03-14,전류측정,88.56,MΩ,불량,박준호,조정완료
EQ0037,2023-06-20,압력검사,70.63,°C,정상,최민준,조정완료
EQ0037,2023-07-26,전류측정,16.0,A,정상,박준호,윤활유 추가
EQ0037,2023-08-08,외관검사,97.93,A,정상,박준호,조정완료
EQ0037,2023-10-26,압력검사,58.72,L/min,정상,박준호,청소완료
EQ0037,2023-11-20,외관검사,73.04,MΩ,정상,박준호,윤활유 추가
EQ0037,2024-03-02,온도측정,72.04,MΩ,정상,김철수,부품교체필요
EQ0038,2023-03-20,절연저항,89.49,A,정상,박준호,조정완료
EQ0038,2023-04-26,절연저항,66.53,°C,정상,이영희,윤활유 추가
EQ0038,2023-11-30,온도측정,69.23,°C,정상,최민준,조정완료
EQ0038,2023-12-14,절연저항,59.54,bar,정상,최민준,윤활유 추가
EQ0038,2024-01-02,외관검사,44.01,MΩ,정상,김철수,청소완료
EQ0038,2024-01-26,압력검사,20.01,A,정상,김철수,청소완료
EQ0038,2024-02-25,절연저항,75.91,°C,불량,정수현,
EQ0038,2024-06-02,절연저항,22.18,°C,정상,이영희,
EQ0038,2024-07-29,절연저항,68.34,MΩ,정상,김철수,부품교체필요
EQ0039,2023-03-31,압력검사,27.57,bar,정상,이영희,부품교체필요
EQ0039,2023-06-05,유량측정,89.09,A,정상,박준호,청소완료
EQ0039,2023-07-07,소음진동,13.43,L/min,정상,이영희,청소완료
EQ0039,2023-10-19,소음진동,57.7,A,정상,김철수,부품교체필요
EQ0039,2023-12-23,절연저항,70.5,°C,정상,최민준,윤활유 추가
EQ0039,2024-02-25,외관검사,57.13,MΩ,주의,김철수,청소완료
EQ0039,2024-05-27,전류측정,63.57,°C,정상,정수현,윤활유 추가
EQ0039,2024-06-25,절연저항,38.35,dB,정상,최민준,부품교체필요
EQ0039,2024-08-21,소음진동,25.94,MΩ,정상,박준호,조정완료
EQ0040,2023-05-03,전류측정,22.87,dB,정상,박준호,청소완료
EQ0040,2023-06-24,유량측정,10.66,A,정상,정수현,윤활유 추가
EQ0040,2023-07-16,소음진동,35.5,A,정상,이영희,조정완료
EQ0040,2023-08-12,유량측정,11.29,°C,정상,정수현,조정완료
EQ0040,2023-09-03,압력검사,11.16,bar,정상,정수현,부품교체필요
EQ0040,2023-10-21,압력검사,95.72,A,정상,이영희,청소완료
EQ0040,2024-01-18,절연저항,51.95,°C,정상,박준호,청소완료
EQ0040,2024-02-26,압력검사,91.5,L/min,정상,이영희,윤활유 추가
EQ0040,2024-05-01,압력검사,20.48,dB,정상,박준호,부품교체필요
EQ0040,2024-05-10,외관검사,60.21,bar,정상,이영희,
EQ0040,2024-08-02,온도측정,62.92,°C,정상,이영희,청소완료
EQ0041,2023-01-14,절연저항,75.72,°C,정상,박준호,윤활유 추가
EQ0041,2023-03-17,전류측정,34.54,L/min,정상,박준호,청소완료
EQ0041,2023-04-24,전류측정,41.49,A,주의,정수현,부품교체필요
EQ0041,2023-06-20,절연저항,71.59,A,정상,정수현,윤활유 추가
EQ0041,2023-08-20,유량측정,62.17,L/min,정상,이영희,윤활유 추가
EQ0041,2023-11-02,유량측정,98.56,L/min,정상,김철수,청소완료
EQ0041,2023-11-11,유량측정,25.29,L/min,정상,박준호,
EQ0041,2024-01-02,소음진동,70.98,bar,정상,최민준,조정완료
EQ0041,2024-02-12,외관검사,68.1,°C,정상,김철수,
EQ0041,2024-06-01,전류측정,45.38,bar,정상,최민준,부품교체필요
EQ0042,2023-01-01,유량측정,34.8,°C,경고,박준호,부품교체필요
EQ0042,2023-02-11,온도측정,24.82,L/min,주의,이영희,부품교체필요
EQ0042,2023-03-16,절연저항,19.42,A,정상,박준호,
EQ0042,2023-04-19,외관검사,81.66,dB,정상,정수현,조정완료
EQ0042,2023-05-15,소음진동,13.9,A,정상,김철수,조정완료
EQ0042,2023-06-26,전류측정,38.56,MΩ,정상,김철수,청소완료
EQ0042,2023-09-10,절연저항,15.37,dB,경고,박준호,조정완료
EQ0042,2023-11-09,전류측정,59.81,bar,정상,박준호,윤활유 추가
EQ0042,2023-12-09,유량측정,99.69,L/min,정상,최민준,조정완료
EQ0042,2023-12-11,소음진동,66.43,A,정상,박준호,
EQ0042,2023-12-18,절연저항,94.48,dB,정상,김철수,조정완료
EQ0042,2024-05-03,외관검사,41.89,A,정상,박준호,윤활유 추가
EQ0042,2024-06-14,소음진동,74.3,L/min,정상,정수현,윤활유 추가
EQ0042,2024-06-20,소음진동,10.58,MΩ,경고,정수현,조정완료
EQ0042,2024-07-11,유량측정,75.72,MΩ,경고,정수현,
EQ0043,2023-01-10,절연저항,74.34,dB,정상,최민준,조정완료
EQ0043,2023-01-15,외관검사,39.14,A,주의,김철수,윤활유 추가
EQ0043,2023-02-14,절연저항,63.07,MΩ,정상,박준호,부품교체필요
EQ0043,2023-03-20,소음진동,89.73,bar,경고,이영희,조정완료
EQ0043,2023-04-16,전류측정,55.4,dB,정상,박준호,청소완료
EQ0043,2023-07-11,압력검사,30.9,A,정상,김철수,청소완료
EQ0043,2023-07-28,전류측정,23.84,L/min,주의,정수현,청소완료
EQ0043,2023-09-24,온도측정,91.29,dB,경고,정수현,청소완료
EQ0043,2023-11-25,전류측정,11.25,°C,정상,이영희,청소완료
EQ0043,2023-11-26,압력검사,35.85,A,정상,김철수,조정완료
EQ0043,2024-03-09,유량측정,45.42,°C,정상,김철수,조정완료
EQ0043,2024-05-01,압력검사,94.11,MΩ,정상,정수현,
EQ0043,2024-07-02,소음진동,92.06,°C,주의,이영희,청소완료
EQ0044,2023-01-01,온도측정,29.59,L/min,정상,박준호,윤활유 추가
EQ0044,2023-07-10,절연저항,32.71,A,정상,정수현,윤활유 추가
EQ0044,2023-10-11,온도측정,25.94,bar,정상,이영희,조정완료
EQ0044,2023-10-25,압력검사,67.24,L/min,정상,박준호,
EQ0044,2024-03-07,압력검사,98.31,A,주의,박준호,청소완료
EQ0044,2024-03-14,외관검사,70.24,A,정상,박준호,부품교체필요
EQ0044,2024-06-02,절연저항,40.53,°C,경고,박준호,부품교체필요
EQ0044,2024-06-05,소음진동,34.63,MΩ,정상,정수현,
EQ0044,2024-07-19,전류측정,77.66,A,경고,박준호,
EQ0044,2024-08-14,유량측정,53.71,°C,정상,정수현,윤활유 추가
EQ0045,2023-01-24,유량측정,20.13,dB,정상,이영희,윤활유 추가
EQ0045,2023-09-28,소음진동,66.82,A,정상,정수현,
EQ0045,2024-05-02,압력검사,22.53,MΩ,경고,정수현,
EQ0045,2024-05-16,전류측정,89.19,bar,정상,박준호,부품교체필요
EQ0045,2024-06-29,절연저항,33.01,MΩ,정상,이영희,부품교체필요
EQ0046,2023-01-22,온도측정,90.56,dB,정상,김철수,윤활유 추가
EQ0046,2023-09-30,소음진동,14.15,L/min,정상,이영희,
EQ0046,2023-11-21,압력검사,92.86,A,정상,김철수,조정완료
EQ0046,2023-12-23,절연저항,88.23,MΩ,정상,정수현,조정완료
EQ0046,2024-03-01,외관검사,19.49,A,경고,이영희,조정완료
EQ0047,2023-03-06,절연저항,31.7,A,정상,김철수,청소완료
EQ0047,2023-03-12,소음진동,98.82,MΩ,정상,김철수,청소완료
EQ0047,2023-04-16,외관검사,77.44,L/min,불량,이영희,부품교체필요
EQ0047,2023-06-20,전류측정,83.36,°C,경고,박준호,부품교체필요
EQ0047,2023-09-08,절연저항,88.86,°C,정상,김철수,청소완료
EQ0047,2023-09-17,압력검사,41.39,A,주의,김철수,청소완료
EQ0047,2024-03-06,유량측정,95.86,A,정상,최민준,윤활유 추가
EQ0047,2024-04-16,외관검사,45.26,dB,정상,김철수,조정완료
EQ0047,2024-05-08,외관검사,87.18,A,정상,이영희,
EQ0047,2024-07-27,절연저항,49.48,A,경고,정수현,윤활유 추가
EQ0048,2023-01-10,소음진동,37.93,bar,주의,김철수,청소완료
EQ0048,2023-04-07,전류측정,95.57,bar,불량,최민준,윤활유 추가
EQ0048,2023-04-07,전류측정,72.96,A,경고,정수현,부품교체필요
EQ0048,2023-05-09,절연저항,20.64,dB,정상,이영희,조정완료
EQ0048,2023-10-21,절연저항,70.66,MΩ,경고,박준호,윤활유 추가
EQ0048,2023-11-23,유량측정,36.01,MΩ,불량,박준호,부품교체필요
EQ0048,2024-04-21,절연저항,17.01,A,정상,정수현,조정완료
EQ0048,2024-06-11,유량측정,49.61,MΩ,정상,최민준,
EQ0048,2024-06-30,전류측정,66.57,bar,정상,김철수,
EQ0048,2024-07-07,소음진동,85.6,MΩ,정상,이영희,
EQ0048,2024-07-20,소음진동,19.78,MΩ,정상,정수현,부품교체필요
EQ0048,2024-07-22,유량측정,11.87,dB,정상,최민준,조정완료
EQ0048,2024-08-08,온도측정,11.29,A,경고,최민준,조정완료
EQ0049,2023-02-25,외관검사,57.35,MΩ,주의,김철수,윤활유 추가
EQ0049,2023-04-11,온도측정,17.84,°C,정상,김철수,
EQ0049,2023-05-06,유량측정,21.9,dB,불량,이영희,윤활유 추가
EQ0049,2023-06-01,소음진동,58.11,dB,주의,최민준,조정완료
EQ0049,2023-08-03,유량측정,12.28,dB,정상,이영희,
EQ0049,2023-08-17,외관검사,10.54,°C,정상,김철수,청소완료
EQ0049,2023-12-03,외관검사,24.55,MΩ,정상,박준호,조정완료
EQ0049,2024-05-12,소음진동,26.21,L/min,정상,정수현,
EQ0049,2024-07-10,소음진동,28.11,MΩ,주의,최민준,부품교체필요
EQ0049,2024-07-26,절연저항,70.43,MΩ,정상,이영희,부품교체필요
EQ0049,2024-08-05,온도측정,84.33,dB,경고,김철수,
EQ0050,2023-02-18,전류측정,84.96,L/min,주의,최민준,조정완료
EQ0050,2023-03-19,온도측정,40.75,bar,정상,정수현,청소완료
EQ0050,2023-03-28,전류측정,40.03,°C,주의,최민준,부품교체필요
EQ0050,2023-03-31,절연저항,36.27,dB,정상,최민준,윤활유 추가
EQ0050,2023-05-09,외관검사,11.8,MΩ,정상,이영희,조정완료
EQ0050,2023-05-20,소음진동,57.25,bar,정상,이영희,청소완료
EQ0050,2023-09-04,온도측정,17.84,dB,정상,이영희,청소완료
EQ0050,2023-09-30,유량측정,78.6,°C,정상,박준호,윤활유 추가
EQ0050,2023-10-05,소음진동,39.51,A,정상,정수현,윤활유 추가
EQ0050,2023-10-09,압력검사,28.54,L/min,정상,이영희,
EQ0050,2024-02-08,전류측정,89.28,°C,정상,박준호,청소완료
EQ0050,2024-03-08,소음진동,84.64,A,정상,이영희,윤활유 추가
EQ0050,2024-03-11,유량측정,74.36,A,정상,최민준,
EQ0050,2024-05-01,유량측정,65.73,L/min,정상,김철수,윤활유 추가
EQ0050,2024-08-18,유량측정,75.53,A,정상,이영희,청소완료
EQ0051,2023-01-09,전류측정,22.65,MΩ,정상,정수현,조정완료
EQ0051,2023-03-10,온도측정,34.67,A,정상,정수현,조정완료
EQ0051,2023-03-12,온도측정,40.6,A,경고,정수현,윤활유 추가
EQ0051,2023-03-27,유량측정,86.7,MΩ,정상,김철수,윤활유 추가
EQ0051,2023-07-16,온도측정,93.03,°C,주의,정수현,윤활유 추가
EQ0051,2023-09-24,절연저항,87.21,bar,정상,이영희,청소완료
EQ0051,2023-09-24,전류측정,12.23,L/min,정상,이영희,윤활유 추가
EQ0051,2023-11-02,절연저항,93.96,°C,정상,정수현,청소완료
EQ0051,2023-11-05,유량측정,27.78,L/min,정상,최민준,조정완료
EQ0051,2023-12-30,전류측정,33.3,°C,주의,김철수,
EQ0051,2024-04-04,압력검사,69.25,MΩ,주의,정수현,청소완료
EQ0051,2024-05-30,소음진동,24.96,dB,주의,김철수,청소완료
EQ0052,2023-08-17,소음진동,65.5,A,정상,이영희,조정완료
EQ0052,2023-08-20,절연저항,44.46,°C,주의,이영희,
EQ0052,2023-10-21,온도측정,17.69,bar,정상,정수현,
EQ0052,2023-12-18,유량측정,31.58,A,정상,김철수,청소완료
EQ0052,2024-01-17,전류측정,53.51,A,주의,최민준,
EQ0052,2024-06-27,소음진동,61.91,A,주의,김철수,청소완료
EQ0053,2023-02-09,유량측정,70.88,L/min,주의,김철수,청소완료
EQ0053,2023-04-18,유량측정,57.95,bar,정상,이영희,조정완료
EQ0053,2023-09-16,소음진동,56.38,dB,정상,최민준,부품교체필요
EQ0053,2023-10-06,온도측정,35.37,°C,정상,이영희,조정완료
EQ0053,2023-10-09,소음진동,61.81,MΩ,주의,정수현,조정완료
EQ0053,2023-12-09,유량측정,99.39,dB,불량,최민준,
EQ0053,2024-05-31,온도측정,90.93,bar,정상,이영희,부품교체필요
EQ0053,2024-06-08,외관검사,35.67,A,정상,박준호,부품교체필요
EQ0053,2024-06-13,외관검사,59.26,dB,정상,정수현,윤활유 추가
EQ0054,2023-01-26,압력검사,13.63,bar,정상,정수현,조정완료
EQ0054,2023-02-28,외관검사,62.68,dB,경고,박준호,윤활유 추가
EQ0054,2023-03-10,소음진동,52.69,dB,정상,박준호,윤활유 추가
EQ0054,2023-03-12,외관검사,78.88,A,정상,김철수,조정완료
EQ0054,2023-06-19,절연저항,23.66,°C,정상,최민준,
EQ0054,2023-08-07,전류측정,28.82,A,정상,정수현,청소완료
EQ0054,2023-08-09,온도측정,31.8,dB,정상,최민준,부품교체필요
EQ0054,2023-09-13,외관검사,17.8,L/min,정상,최민준,청소완료
EQ0054,2023-10-08,전류측정,43.95,L/min,정상,김철수,조정완료
EQ0054,2023-11-05,소음진동,76.68,MΩ,정상,이영희,
EQ0054,2023-11-08,온도측정,22.03,MΩ,정상,이영희,조정완료
EQ0054,2023-12-02,전류측정,11.89,°C,정상,이영희,조정완료
EQ0054,2024-01-03,소음진동,42.71,dB,정상,정수현,
EQ0054,2024-01-15,소음진동,62.39,bar,경고,최민준,청소완료
EQ0054,2024-02-29,전류측정,50.01,L/min,정상,최민준,청소완료
EQ0055,2023-02-06,압력검사,68.57,bar,정상,최민준,청소완료
EQ0055,2023-03-25,전류측정,84.04,bar,정상,김철수,부품교체필요
EQ0055,2023-08-02,외관검사,17.49,°C,불량,최민준,
EQ0055,2023-08-19,압력검사,50.52,dB,주의,최민준,윤활유 추가
EQ0055,2024-02-09,외관검사,74.84,MΩ,정상,정수현,
EQ0055,2024-04-12,유량측정,97.59,L/min,정상,최민준,조정완료
EQ0055,2024-08-02,온도측정,94.59,bar,정상,이영희,
EQ0055,2024-08-10,전류측정,12.74,L/min,경고,이영희,조정완료
EQ0056,2023-01-19,외관검사,99.89,A,주의,박준호,
EQ0056,2023-03-12,소음진동,53.87,L/min,경고,최민준,청소완료
EQ0056,2023-04-19,소음진동,37.29,MΩ,정상,정수현,
EQ0056,2023-05-25,압력검사,11.75,MΩ,정상,정수현,윤활유 추가
EQ0056,2023-10-12,외관검사,34.45,MΩ,정상,이영희,
EQ0056,2023-11-11,유량측정,80.94,A,정상,최민준,윤활유 추가
EQ0056,2024-02-28,압력검사,15.01,°C,경고,최민준,청소완료
EQ0056,2024-04-30,절연저항,90.14,bar,정상,이영희,
EQ0056,2024-06-12,압력검사,99.59,bar,불량,김철수,청소완료
EQ0056,2024-07-05,온도측정,75.7,bar,정상,최민준,청소완료
EQ0056,2024-07-08,외관검사,98.8,L/min,정상,김철수,
EQ0056,2024-07-28,온도측정,80.52,°C,정상,김철수,조정완료
EQ0056,2024-08-21,외관검사,10.56,dB,경고,이영희,부품교체필요
EQ0057,2023-07-29,외관검사,86.67,A,정상,김철수,
EQ0057,2023-07-30,압력검사,82.9,°C,정상,정수현,
EQ0057,2023-12-01,유량측정,31.57,L/min,정상,정수현,윤활유 추가
EQ0057,2024-02-06,유량측정,51.21,°C,경고,박준호,윤활유 추가
EQ0057,2024-06-05,전류측정,22.92,MΩ,정상,이영희,윤활유 추가
EQ0057,2024-06-13,온도측정,22.55,bar,정상,이영희,청소완료
EQ0057,2024-08-16,압력검사,56.26,MΩ,경고,최민준,
EQ0058,2023-01-01,전류측정,38.41,L/min,경고,최민준,부품교체필요
EQ0058,2023-01-17,유량측정,46.46,°C,주의,최민준,윤활유 추가
EQ0058,2023-06-28,절연저항,45.59,MΩ,주의,정수현,부품교체필요
EQ0058,2023-08-23,절연저항,71.9,L/min,정상,최민준,
EQ0058,2023-12-24,유량측정,97.74,dB,주의,최민준,부품교체필요
EQ0058,2024-05-17,전류측정,70.92,MΩ,정상,정수현,부품교체필요
EQ0059,2023-08-29,온도측정,67.21,dB,정상,최민준,부품교체필요
EQ0059,2023-11-21,소음진동,10.67,bar,정상,최민준,윤활유 추가
EQ0059,2023-12-14,온도측정,87.96,MΩ,정상,박준호,윤활유 추가
EQ0059,2024-04-17,압력검사,87.25,MΩ,정상,김철수,청소완료
EQ0059,2024-04-27,온도측정,50.0,bar,정상,박준호,청소완료
EQ0059,2024-05-29,절연저항,70.94,A,정상,최민준,조정완료
EQ0059,2024-06-02,압력검사,59.03,L/min,정상,김철수,청소완료
EQ0060,2023-03-11,외관검사,21.22,L/min,정상,이영희,
EQ0060,2023-03-11,절연저항,82.72,MΩ,정상,최민준,
EQ0060,2023-04-26,소음진동,50.02,A,정상,정수현,부품교체필요
EQ0060,2023-05-08,전류측정,22.21,bar,정상,정수현,청소완료
EQ0060,2023-06-15,절연저항,17.33,MΩ,정상,이영희,부품교체필요
EQ0060,2023-09-16,압력검사,56.65,MΩ,경고,이영희,부품교체필요
EQ0060,2023-09-25,압력검사,92.36,°C,정상,정수현,윤활유 추가
EQ0060,2023-10-27,소음진동,29.83,MΩ,정상,이영희,청소완료
EQ0060,2023-10-28,유량측정,66.34,A,정상,정수현,윤활유 추가
EQ0060,2024-01-31,압력검사,72.36,bar,정상,정수현,조정완료
EQ0060,2024-01-31,전류측정,36.82,bar,경고,정수현,윤활유 추가
EQ0060,2024-05-28,절연저항,70.02,A,경고,최민준,조정완료
EQ0060,2024-07-18,전류측정,50.85,A,주의,정수현,조정완료
EQ0060,2024-08-06,압력검사,78.83,°C,정상,정수현,부품교체필요
EQ0061,2023-02-18,전류측정,97.53,°C,불량,정수현,부품교체필요
EQ0061,2023-06-13,온도측정,71.29,A,정상,박준호,윤활유 추가
EQ0061,2023-06-28,전류측정,99.79,A,주의,정수현,청소완료
EQ0061,2023-07-07,절연저항,93.57,dB,정상,최민준,조정완료
EQ0061,2023-07-29,절연저항,73.13,dB,정상,이영희,부품교체필요
EQ0061,2023-09-28,절연저항,78.1,bar,주의,최민준,청소완료
EQ0061,2023-12-12,절연저항,37.62,dB,정상,박준호,
EQ0061,2023-12-31,절연저항,46.1,°C,주의,최민준,조정완료
EQ0061,2024-02-16,전류측정,79.11,A,정상,박준호,윤활유 추가
EQ0061,2024-02-25,온도측정,88.27,bar,정상,박준호,조정완료
EQ0061,2024-03-13,온도측정,83.91,dB,정상,김철수,윤활유 추가
EQ0061,2024-03-23,유량측정,56.26,MΩ,정상,김철수,조정완료
EQ0061,2024-03-31,외관검사,59.55,MΩ,정상,박준호,조정완료
EQ0061,2024-06-06,외관검사,99.84,A,주의,정수현,부품교체필요
EQ0062,2023-08-08,전류측정,71.82,dB,정상,최민준,
EQ0062,2023-10-10,소음진동,21.69,°C,주의,박준호,
EQ0062,2023-11-10,절연저항,79.92,dB,주의,이영희,청소완료
EQ0062,2024-05-19,외관검사,35.57,A,정상,이영희,조정완료
EQ0062,2024-08-21,소음진동,56.16,°C,정상,박준호,조정완료
EQ0063,2023-01-01,유량측정,26.95,MΩ,정상,김철수,
EQ0063,2023-01-07,외관검사,90.62,bar,경고,이영희,
EQ0063,2023-04-25,유량측정,50.32,A,정상,박준호,부품교체필요
EQ0063,2023-04-27,유량측정,95.85,°C,정상,박준호,청소완료
EQ0063,2023-08-31,절연저항,90.56,°C,정상,김철수,부품교체필요
EQ0063,2024-02-08,전류측정,95.53,L/min,정상,김철수,윤활유 추가
EQ0063,2024-03-24,전류측정,92.9,L/min,정상,박준호,
EQ0063,2024-03-30,유량측정,59.11,bar,경고,최민준,조정완료
EQ0063,2024-04-26,전류측정,91.55,dB,정상,박준호,윤활유 추가
EQ0063,2024-08-14,소음진동,56.19,bar,정상,박준호,조정완료
EQ0064,2023-12-03,소음진동,94.26,dB,경고,정수현,조정완료
EQ0064,2023-12-23,압력검사,59.05,L/min,경고,정수현,부품교체필요
EQ0064,2023-12-28,외관검사,66.17,L/min,정상,김철수,
EQ0064,2024-03-09,외관검사,42.93,dB,정상,최민준,조정완료
EQ0064,2024-05-09,온도측정,81.87,A,정상,박준호,조정완료
EQ0064,2024-05-28,유량측정,10.62,MΩ,불량,박준호,부품교체필요
EQ0064,2024-08-16,유량측정,66.76,MΩ,정상,박준호,조정완료
EQ0064,2024-08-19,외관검사,90.19,A,주의,김철수,조정완료
EQ0065,2023-02-21,압력검사,17.56,dB,주의,정수현,조정완료
EQ0065,2023-03-03,소음진동,19.67,bar,정상,이영희,청소완료
EQ0065,2023-03-23,소음진동,23.15,L/min,경고,박준호,윤활유 추가
EQ0065,2023-08-22,외관검사,36.95,MΩ,정상,정수현,윤활유 추가
EQ0065,2024-04-06,외관검사,33.14,dB,정상,정수현,청소완료
EQ0065,2024-07-23,외관검사,82.49,bar,정상,김철수,청소완료
EQ0066,2023-01-18,소음진동,15.02,dB,정상,김철수,부품교체필요
EQ0066,2023-01-26,외관검사,83.45,bar,정상,최민준,부품교체필요
EQ0066,2023-02-27,소음진동,73.77,A,정상,이영희,조정완료
EQ0066,2023-05-21,전류측정,98.76,°C,정상,김철수,청소완료
EQ0066,2023-09-10,절연저항,18.33,dB,불량,최민준,
EQ0066,2023-10-09,압력검사,33.25,bar,정상,박준호,
EQ0066,2023-10-13,전류측정,21.5,MΩ,정상,정수현,윤활유 추가
EQ0066,2023-11-24,온도측정,10.78,dB,정상,박준호,부품교체필요
EQ0066,2024-01-02,전류측정,44.46,L/min,정상,이영희,청소완료
EQ0066,2024-02-17,전류측정,77.18,°C,정상,박준호,
EQ0066,2024-04-28,소음진동,32.39,dB,정상,정수현,청소완료
EQ0066,2024-06-25,소음진동,24.63,°C,정상,김철수,윤활유 추가
EQ0066,2024-07-11,유량측정,88.62,A,정상,박준호,조정완료
EQ0066,2024-07-29,전류측정,62.27,dB,정상,정수현,조정완료
EQ0067,2023-04-09,절연저항,58.86,dB,경고,정수현,
EQ0067,2023-08-14,온도측정,93.93,A,정상,이영희,윤활유 추가
EQ0067,2024-01-29,압력검사,37.22,°C,정상,이영희,
EQ0067,2024-02-26,소음진동,92.51,MΩ,경고,이영희,부품교체필요
EQ0067,2024-02-29,유량측정,27.31,MΩ,정상,이영희,청소완료
EQ0068,2023-01-24,온도측정,58.0,A,정상,정수현,윤활유 추가
EQ0068,2023-05-13,온도측정,32.09,MΩ,정상,김철수,윤활유 추가
EQ0068,2023-07-11,온도측정,40.47,dB,정상,박준호,부품교체필요
EQ0068,2024-02-09,온도측정,95.24,MΩ,정상,최민준,청소완료
EQ0068,2024-03-07,외관검사,74.34,dB,불량,최민준,청소완료
EQ0068,2024-05-10,절연저항,13.74,dB,경고,이영희,
EQ0068,2024-05-16,소음진동,90.91,MΩ,주의,김철수,
EQ0068,2024-06-23,압력검사,70.51,A,정상,최민준,윤활유 추가
EQ0068,2024-06-24,온도측정,68.51,°C,정상,정수현,윤활유 추가
EQ0068,2024-07-28,압력검사,90.32,bar,정상,정수현,조정완료
EQ0069,2023-03-10,온도측정,61.07,dB,정상,김철수,조정완료
EQ0069,2023-04-25,유량측정,58.28,A,정상,이영희,
EQ0069,2023-07-31,유량측정,83.35,L/min,정상,정수현,부품교체필요
EQ0069,2023-09-05,절연저항,82.46,MΩ,정상,정수현,윤활유 추가
EQ0069,2023-12-07,압력검사,74.23,bar,정상,이영희,
EQ0069,2024-01-06,온도측정,56.65,bar,정상,정수현,
EQ0069,2024-01-21,외관검사,78.86,MΩ,정상,박준호,
EQ0069,2024-01-22,유량측정,98.11,bar,정상,김철수,부품교체필요
EQ0069,2024-05-27,온도측정,87.39,A,정상,김철수,
EQ0069,2024-06-22,온도측정,14.46,bar,주의,정수현,청소완료
EQ0069,2024-07-04,외관검사,18.93,MΩ,정상,최민준,
EQ0070,2023-01-16,절연저항,42.09,°C,정상,박준호,청소완료
EQ0070,2023-03-20,외관검사,17.1,bar,경고,김철수,윤활유 추가
EQ0070,2023-04-11,절연저항,92.54,bar,경고,이영희,부품교체필요
EQ0070,2023-07-05,절연저항,57.63,MΩ,주의,정수현,부품교체필요
EQ0070,2023-07-21,압력검사,19.56,dB,정상,김철수,윤활유 추가
EQ0070,2023-10-15,외관검사,54.78,A,주의,이영희,
EQ0070,2023-11-21,절연저항,38.81,dB,경고,김철수,부품교체필요
EQ0070,2024-03-12,압력검사,31.38,L/min,주의,김철수,
EQ0070,2024-03-21,절연저항,14.99,dB,정상,정수현,
EQ0070,2024-05-12,전류측정,19.1,bar,불량,이영희,청소완료
EQ0070,2024-05-30,소음진동,14.01,A,정상,이영희,조정완료
EQ0070,2024-06-14,온도측정,91.75,bar,정상,김철수,청소완료
EQ0071,2023-02-06,소음진동,54.42,A,불량,최민준,부품교체필요
EQ0071,2023-03-10,유량측정,15.55,°C,정상,박준호,조정완료
EQ0071,2023-03-19,유량측정,71.2,°C,주의,박준호,윤활유 추가
EQ0071,2023-03-27,온도측정,28.19,L/min,정상,박준호,
EQ0071,2023-04-28,소음진동,66.26,A,정상,최민준,청소완료
EQ0071,2023-11-11,전류측정,35.36,°C,정상,최민준,부품교체필요
EQ0071,2024-01-23,절연저항,93.99,A,주의,박준호,청소완료
EQ0071,2024-04-07,압력검사,58.57,dB,정상,최민준,청소완료
EQ0071,2024-05-10,압력검사,62.49,A,정상,최민준,부품교체필요
EQ0071,2024-05-10,전류측정,55.88,A,정상,박준호,조정완료
EQ0071,2024-05-18,소음진동,19.76,bar,정상,이영희,부품교체필요
EQ0071,2024-07-13,절연저항,54.41,L/min,정상,이영희,조정완료
EQ0072,2023-01-12,압력검사,39.85,bar,정상,최민준,청소완료
EQ0072,2023-06-07,외관검사,11.41,MΩ,정상,박준호,부품교체필요
EQ0072,2023-07-25,소음진동,81.01,dB,경고,정수현,청소완료
EQ0072,2023-08-17,절연저항,80.45,A,정상,김철수,부품교체필요
EQ0072,2023-08-31,외관검사,14.91,A,정상,박준호,청소완료
EQ0072,2023-10-20,소음진동,42.54,L/min,주의,최민준,조정완료
EQ0072,2024-04-14,소음진동,18.14,bar,경고,박준호,부품교체필요
EQ0072,2024-04-19,유량측정,79.56,°C,정상,이영희,
EQ0072,2024-07-09,유량측정,28.84,L/min,정상,정수현,부품교체필요
EQ0073,2023-05-27,전류측정,92.58,A,주의,김철수,부품교체필요
EQ0073,2024-01-02,소음진동,97.49,A,정상,박준호,윤활유 추가
EQ0073,2024-02-07,전류측정,25.66,A,정상,최민준,윤활유 추가
EQ0073,2024-04-15,전류측정,69.92,MΩ,정상,박준호,부품교체필요
EQ0073,2024-04-30,유량측정,16.34,L/min,정상,최민준,조정완료
EQ0073,2024-06-04,온도측정,64.6,bar,주의,최민준,청소완료
EQ0074,2023-01-22,온도측정,27.15,dB,주의,이영희,청소완료
EQ0074,2023-08-09,온도측정,41.5,°C,정상,정수현,
EQ0074,2023-08-24,전류측정,79.76,MΩ,정상,최민준,조정완료
EQ0074,2023-10-08,온도측정,41.52,MΩ,주의,박준호,윤활유 추가
EQ0074,2024-04-24,온도측정,15.62,L/min,정상,정수현,
EQ0074,2024-07-14,절연저항,44.41,MΩ,정상,최민준,부품교체필요
EQ0074,2024-07-22,소음진동,50.7,A,불량,정수현,청소완료
EQ0075,2023-04-25,외관검사,42.4,L/min,정상,이영희,
EQ0075,2023-06-10,전류측정,53.55,MΩ,정상,김철수,
EQ0075,2023-08-05,온도측정,44.77,L/min,정상,이영희,
EQ0075,2024-01-04,외관검사,46.78,L/min,경고,김철수,
EQ0075,2024-03-19,외관검사,75.12,bar,정상,정수현,부품교체필요
EQ0076,2023-04-28,유량측정,91.03,L/min,정상,정수현,청소완료
EQ0076,2023-04-29,소음진동,48.41,°C,주의,김철수,
EQ0076,2023-07-23,절연저항,54.84,L/min,경고,김철수,윤활유 추가
EQ0076,2023-08-11,전류측정,15.41,dB,정상,김철수,윤활유 추가
EQ0076,2023-09-11,압력검사,62.48,°C,정상,정수현,조정완료
EQ0076,2023-10-26,외관검사,68.1,MΩ,정상,정수현,조정완료
EQ0076,2023-11-29,전류측정,76.72,bar,불량,박준호,조정완료
EQ0076,2023-12-11,유량측정,31.62,bar,정상,이영희,청소완료
EQ0076,2024-02-19,절연저항,84.21,L/min,주의,정수현,윤활유 추가
EQ0076,2024-03-15,외관검사,34.14,A,정상,박준호,부품교체필요
EQ0076,2024-03-19,유량측정,27.06,°C,정상,최민준,
EQ0076,2024-07-27,소음진동,58.65,°C,경고,정수현,청소완료
EQ0077,2023-04-06,절연저항,63.17,MΩ,주의,이영희,
EQ0077,2023-06-11,온도측정,66.01,°C,정상,최민준,부품교체필요
EQ0077,2023-07-31,소음진동,98.37,L/min,경고,박준호,부품교체필요
EQ0077,2023-08-09,절연저항,34.2,A,정상,정수현,부품교체필요
EQ0077,2023-08-14,절연저항,62.81,°C,정상,이영희,
EQ0077,2023-08-16,전류측정,69.22,dB,정상,박준호,
EQ0077,2023-08-30,전류측정,18.52,MΩ,정상,김철수,조정완료
EQ0077,2023-10-17,유량측정,56.54,MΩ,주의,박준호,윤활유 추가
EQ0077,2024-02-06,전류측정,55.46,dB,경고,최민준,윤활유 추가
EQ0077,2024-05-15,유량측정,65.61,L/min,정상,김철수,부품교체필요
EQ0077,2024-05-26,소음진동,86.68,A,정상,박준호,
EQ0078,2023-02-04,전류측정,35.81,L/min,경고,박준호,부품교체필요
EQ0078,2023-04-04,전류측정,17.21,dB,주의,김철수,청소완료
EQ0078,2023-06-30,온도측정,46.52,MΩ,정상,이영희,청소완료
EQ0078,2023-08-17,전류측정,28.6,°C,주의,박준호,조정완료
EQ0078,2023-10-20,유량측정,43.47,°C,정상,이영희,
EQ0078,2023-10-22,외관검사,34.93,bar,정상,김철수,
EQ0079,2023-01-16,전류측정,16.0,°C,주의,최민준,윤활유 추가
EQ0079,2023-03-18,압력검사,59.92,MΩ,정상,정수현,부품교체필요
EQ0079,2023-06-02,외관검사,60.32,A,정상,이영희,청소완료
EQ0079,2023-11-20,소음진동,97.35,°C,불량,최민준,
EQ0079,2023-12-25,전류측정,58.34,dB,정상,박준호,조정완료
EQ0079,2024-08-05,외관검사,32.53,MΩ,정상,박준호,부품교체필요
EQ0080,2023-04-16,외관검사,83.65,L/min,정상,박준호,청소완료
EQ0080,2023-04-28,압력검사,40.7,dB,정상,최민준,
EQ0080,2023-05-05,전류측정,55.15,A,정상,정수현,윤활유 추가
EQ0080,2023-06-05,유량측정,92.87,°C,정상,정수현,
EQ0080,2023-06-19,소음진동,72.96,A,주의,김철수,조정완료
EQ0080,2023-09-06,압력검사,15.14,°C,정상,김철수,
EQ0080,2023-09-27,유량측정,67.31,MΩ,주의,최민준,조정완료
EQ0080,2024-01-12,절연저항,37.15,A,경고,박준호,청소완료
EQ0080,2024-03-23,온도측정,56.81,dB,정상,박준호,청소완료
EQ0080,2024-03-29,유량측정,94.29,A,정상,박준호,부품교체필요
EQ0080,2024-04-19,외관검사,14.76,bar,정상,이영희,조정완료
EQ0080,2024-04-25,외관검사,56.96,L/min,정상,박준호,부품교체필요
EQ0080,2024-06-03,온도측정,89.35,°C,경고,최민준,부품교체필요
EQ0080,2024-07-11,외관검사,52.36,°C,정상,정수현,윤활유 추가
EQ0080,2024-08-20,압력검사,26.54,MΩ,정상,최민준,청소완료
EQ0081,2023-05-13,온도측정,60.37,°C,주의,정수현,청소완료
EQ0081,2023-05-18,절연저항,71.71,dB,정상,이영희,부품교체필요
EQ0081,2024-01-07,외관검사,26.05,L/min,정상,이영희,부품교체필요
EQ0081,2024-01-21,절연저항,30.41,A,정상,박준호,윤활유 추가
EQ0081,2024-02-29,소음진동,16.24,°C,경고,정수현,
EQ0081,2024-07-26,전류측정,37.52,L/min,정상,최민준,부품교체필요
EQ0082,2023-10-13,절연저항,41.11,MΩ,경고,박준호,청소완료
EQ0082,2023-11-07,압력검사,64.67,bar,정상,이영희,부품교체필요
EQ0082,2023-12-02,절연저항,68.99,°C,주의,박준호,윤활유 추가
EQ0082,2024-01-22,유량측정,81.91,dB,정상,이영희,부품교체필요
EQ0082,2024-06-24,압력검사,57.66,MΩ,정상,최민준,조정완료
EQ0083,2023-03-23,온도측정,94.01,L/min,정상,정수현,
EQ0083,2023-04-01,외관검사,46.58,MΩ,주의,김철수,청소완료
EQ0083,2023-07-10,외관검사,35.82,°C,정상,최민준,조정완료
EQ0083,2023-07-20,유량측정,67.54,bar,주의,이영희,조정완료
EQ0083,2023-08-02,절연저항,11.56,bar,불량,최민준,청소완료
EQ0083,2023-10-14,소음진동,81.36,bar,정상,최민준,청소완료
EQ0083,2023-10-26,전류측정,47.36,A,주의,정수현,
EQ0083,2023-11-16,외관검사,62.86,L/min,정상,김철수,부품교체필요
EQ0083,2024-01-06,외관검사,42.0,dB,정상,김철수,청소완료
EQ0083,2024-01-06,압력검사,90.0,MΩ,정상,김철수,부품교체필요
EQ0083,2024-01-28,유량측정,77.28,A,정상,김철수,부품교체필요
EQ0083,2024-02-06,압력검사,31.43,dB,정상,이영희,윤활유 추가
EQ0083,2024-06-03,소음진동,35.85,bar,경고,최민준,윤활유 추가
EQ0083,2024-07-18,온도측정,69.53,bar,정상,김철수,부품교체필요
EQ0084,2023-01-01,압력검사,36.09,dB,정상,정수현,청소완료
EQ0084,2023-03-06,압력검사,38.52,°C,정상,정수현,윤활유 추가
EQ0084,2023-05-03,전류측정,83.63,°C,정상,정수현,조정완료
EQ0084,2023-10-04,외관검사,63.9,L/min,주의,이영희,
EQ0084,2023-10-05,절연저항,31.07,MΩ,정상,이영희,청소완료
EQ0084,2023-11-11,소음진동,79.66,MΩ,정상,박준호,청소완료
EQ0084,2024-01-04,소음진동,15.14,A,정상,박준호,조정완료
EQ0084,2024-01-22,외관검사,82.85,L/min,정상,박준호,부품교체필요
EQ0084,2024-03-01,압력검사,50.81,dB,정상,이영희,
EQ0084,2024-06-03,소음진동,91.37,dB,정상,박준호,윤활유 추가
EQ0084,2024-06-29,유량측정,87.57,°C,정상,정수현,부품교체필요
EQ0084,2024-07-13,외관검사,55.78,°C,정상,이영희,
EQ0085,2023-01-23,전류측정,45.36,dB,정상,김철수,청소완료
EQ0085,2023-04-15,외관검사,28.53,L/min,정상,이영희,윤활유 추가
EQ0085,2023-05-08,전류측정,16.47,MΩ,경고,이영희,부품교체필요
EQ0085,2023-06-03,절연저항,91.85,A,주의,최민준,조정완료
EQ0085,2023-10-24,소음진동,26.26,MΩ,주의,최민준,조정완료
EQ0085,2023-10-26,유량측정,62.7,dB,정상,이영희,부품교체필요
EQ0085,2024-03-20,절연저항,16.46,dB,정상,김철수,윤활유 추가
EQ0085,2024-05-23,온도측정,11.75,bar,정상,김철수,윤활유 추가
EQ0085,2024-08-11,온도측정,48.48,bar,정상,이영희,윤활유 추가
EQ0086,2023-02-16,절연저항,94.1,A,정상,최민준,청소완료
EQ0086,2023-05-19,유량측정,29.38,MΩ,정상,최민준,윤활유 추가
EQ0086,2023-05-22,압력검사,10.42,°C,주의,정수현,윤활유 추가
EQ0086,2023-07-05,소음진동,47.96,bar,정상,최민준,윤활유 추가
EQ0086,2023-07-24,압력검사,46.27,L/min,정상,이영희,부품교체필요
EQ0086,2023-08-24,전류측정,42.06,L/min,주의,박준호,
EQ0086,2023-10-12,소음진동,85.14,MΩ,정상,이영희,부품교체필요
EQ0086,2024-01-31,압력검사,85.78,A,정상,정수현,
EQ0086,2024-06-23,압력검사,44.45,MΩ,정상,이영희,
EQ0086,2024-07-04,유량측정,24.3,A,정상,정수현,부품교체필요
EQ0087,2023-03-07,절연저항,58.29,°C,주의,이영희,
EQ0087,2023-06-26,전류측정,43.76,°C,정상,김철수,윤활유 추가
EQ0087,2023-08-12,온도측정,50.21,A,정상,최민준,윤활유 추가
EQ0087,2023-11-28,전류측정,88.36,L/min,정상,김철수,조정완료
EQ0087,2024-04-07,전류측정,20.11,dB,정상,김철수,청소완료
EQ0087,2024-08-09,압력검사,77.38,°C,정상,김철수,윤활유 추가
EQ0088,2023-01-23,전류측정,11.9,°C,경고,박준호,윤활유 추가
EQ0088,2023-02-21,외관검사,59.56,°C,정상,박준호,
EQ0088,2023-05-11,절연저항,24.37,L/min,정상,김철수,부품교체필요
EQ0088,2023-05-13,전류측정,13.63,MΩ,정상,최민준,조정완료
EQ0088,2023-05-13,전류측정,72.1,bar,정상,정수현,청소완료
EQ0088,2023-06-07,유량측정,32.39,°C,주의,이영희,부품교체필요
EQ0088,2023-10-27,절연저항,65.52,L/min,정상,김철수,부품교체필요
EQ0088,2023-11-16,외관검사,23.55,MΩ,정상,박준호,청소완료
EQ0088,2023-12-22,유량측정,67.25,bar,정상,최민준,부품교체필요
EQ0088,2024-05-06,압력검사,87.67,°C,주의,김철수,윤활유 추가
EQ0088,2024-08-01,소음진동,41.11,°C,정상,박준호,윤활유 추가
EQ0089,2023-01-14,외관검사,22.19,A,경고,정수현,
EQ0089,2023-01-14,절연저항,90.97,dB,정상,이영희,청소완료
EQ0089,2023-03-15,온도측정,56.96,L/min,정상,정수현,부품교체필요
EQ0089,2024-04-08,절연저항,67.04,A,정상,이영희,윤활유 추가
EQ0089,2024-04-27,온도측정,53.54,MΩ,정상,김철수,부품교체필요
EQ0090,2023-07-13,유량측정,12.97,bar,정상,박준호,부품교체필요
EQ0090,2023-10-24,온도측정,18.18,L/min,주의,김철수,
EQ0090,2023-11-20,전류측정,67.37,°C,정상,최민준,조정완료
EQ0090,2023-12-17,유량측정,37.86,bar,주의,이영희,
EQ0090,2024-08-04,유량측정,28.13,L/min,불량,최민준,부품교체필요
EQ0091,2023-04-17,절연저항,51.56,L/min,정상,최민준,부품교체필요
EQ0091,2023-05-29,온도측정,42.08,dB,불량,이영희,청소완료
EQ0091,2023-09-23,소음진동,89.33,L/min,주의,박준호,부품교체필요
EQ0091,2023-10-26,전류측정,24.26,bar,경고,최민준,
EQ0091,2023-11-09,압력검사,66.36,°C,정상,박준호,윤활유 추가
EQ0091,2023-12-17,유량측정,14.18,°C,주의,정수현,조정완료
EQ0091,2023-12-19,유량측정,69.01,L/min,불량,이영희,윤활유 추가
EQ0091,2023-12-22,소음진동,39.22,L/min,정상,정수현,윤활유 추가
EQ0091,2024-01-16,유량측정,20.19,bar,정상,최민준,윤활유 추가
EQ0091,2024-03-17,소음진동,53.38,MΩ,정상,이영희,윤활유 추가
EQ0091,2024-04-10,전류측정,92.04,MΩ,정상,이영희,윤활유 추가
EQ0091,2024-06-21,소음진동,66.63,A,주의,박준호,조정완료
EQ0091,2024-08-12,유량측정,34.83,bar,정상,최민준,윤활유 추가
EQ0092,2023-01-23,압력검사,55.82,MΩ,주의,박준호,윤활유 추가
EQ0092,2023-02-15,소음진동,60.54,°C,정상,최민준,부품교체필요
EQ0092,2023-04-09,온도측정,53.78,MΩ,주의,박준호,청소완료
EQ0092,2023-09-28,절연저항,95.26,dB,경고,김철수,
EQ0092,2023-11-21,외관검사,19.1,A,정상,정수현,윤활유 추가
EQ0092,2023-11-26,외관검사,93.0,dB,정상,김철수,부품교체필요
EQ0092,2023-12-05,절연저항,54.16,A,정상,이영희,부품교체필요
EQ0092,2024-01-15,압력검사,97.12,L/min,불량,김철수,부품교체필요
EQ0093,2023-01-02,절연저항,91.5,L/min,정상,박준호,조정완료
EQ0093,2023-02-07,외관검사,14.82,A,경고,정수현,
EQ0093,2023-02-18,온도측정,53.87,bar,불량,김철수,
EQ0093,2023-03-10,절연저항,19.55,°C,정상,이영희,부품교체필요
EQ0093,2023-03-11,외관검사,70.3,bar,정상,정수현,윤활유 추가
EQ0093,2023-04-01,전류측정,87.65,dB,정상,최민준,조정완료
EQ0093,2023-06-07,외관검사,59.04,°C,경고,김철수,청소완료
EQ0093,2023-07-06,전류측정,43.11,°C,정상,이영희,
EQ0093,2023-11-02,절연저항,91.36,dB,정상,김철수,청소완료
EQ0093,2024-01-01,유량측정,43.62,°C,정상,최민준,부품교체필요
EQ0093,2024-03-06,소음진동,38.86,L/min,정상,이영희,부품교체필요
EQ0093,2024-05-12,외관검사,37.13,L/min,주의,김철수,
EQ0093,2024-07-21,전류측정,98.47,bar,정상,박준호,윤활유 추가
EQ0094,2023-03-29,외관검사,32.14,°C,정상,최민준,조정완료
EQ0094,2023-05-19,전류측정,10.49,bar,불량,이영희,
EQ0094,2023-08-25,온도측정,56.66,MΩ,불량,최민준,윤활유 추가
EQ0094,2023-11-27,절연저항,21.06,MΩ,정상,박준호,윤활유 추가
EQ0094,2024-04-17,전류측정,22.84,L/min,정상,김철수,조정완료
EQ0094,2024-06-22,절연저항,29.31,dB,정상,최민준,
EQ0094,2024-07-08,외관검사,53.2,°C,정상,이영희,
EQ0095,2023-01-07,외관검사,71.55,MΩ,정상,이영희,조정완료
EQ0095,2023-02-28,유량측정,54.61,°C,정상,이영희,청소완료
EQ0095,2023-03-09,소음진동,68.78,L/min,정상,최민준,
EQ0095,2023-05-27,소음진동,25.85,dB,정상,이영희,청소완료
EQ0095,2023-06-19,압력검사,20.89,A,정상,정수현,윤활유 추가
EQ0095,2023-06-20,유량측정,36.9,°C,정상,이영희,조정완료
EQ0095,2023-11-07,압력검사,32.87,bar,정상,최민준,부품교체필요
EQ0095,2024-01-19,전류측정,68.49,bar,정상,최민준,조정완료
EQ0095,2024-03-24,유량측정,58.65,bar,정상,정수현,조정완료
EQ0095,2024-04-05,온도측정,27.02,A,정상,최민준,윤활유 추가
EQ0095,2024-04-08,온도측정,21.57,dB,정상,김철수,
EQ0095,2024-07-02,절연저항,13.8,L/min,정상,정수현,부품교체필요
EQ0095,2024-07-15,외관검사,72.16,MΩ,정상,정수현,윤활유 추가
EQ0095,2024-08-08,전류측정,89.91,dB,정상,정수현,부품교체필요
EQ0095,2024-08-21,소음진동,71.87,A,정상,박준호,
EQ0096,2023-04-10,압력검사,92.06,dB,정상,이영희,윤활유 추가
EQ0096,2023-08-17,온도측정,27.56,dB,정상,박준호,윤활유 추가
EQ0096,2023-09-05,압력검사,96.2,bar,주의,정수현,조정완료
EQ0096,2023-10-13,유량측정,87.5,bar,정상,정수현,
EQ0096,2023-10-16,유량측정,30.19,bar,정상,이영희,부품교체필요
EQ0096,2023-11-21,절연저항,37.76,°C,정상,김철수,조정완료
EQ0096,2023-11-30,외관검사,92.24,MΩ,경고,김철수,조정완료
EQ0096,2024-02-21,절연저항,79.49,bar,주의,최민준,조정완료
EQ0096,2024-03-31,전류측정,58.86,dB,불량,김철수,조정완료
EQ0096,2024-04-26,소음진동,95.17,L/min,정상,이영희,
EQ0096,2024-05-06,외관검사,90.71,bar,경고,김철수,
EQ0096,2024-05-11,유량측정,68.57,MΩ,정상,김철수,조정완료
EQ0096,2024-06-24,전류측정,36.17,A,정상,정수현,윤활유 추가
EQ0096,2024-07-17,소음진동,22.61,°C,경고,박준호,윤활유 추가
EQ0096,2024-07-17,소음진동,75.29,A,정상,정수현,
EQ0097,2023-02-11,유량측정,77.35,°C,정상,박준호,부품교체필요
EQ0097,2023-04-16,온도측정,96.32,dB,정상,박준호,부품교체필요
EQ0097,2023-07-22,외관검사,85.64,bar,주의,최민준,부품교체필요
EQ0097,2024-01-22,전류측정,95.11,dB,정상,김철수,조정완료
EQ0097,2024-04-25,소음진동,59.29,bar,정상,정수현,윤활유 추가
EQ0097,2024-05-04,압력검사,14.2,L/min,정상,최민준,청소완료
EQ0097,2024-05-07,외관검사,26.98,bar,정상,이영희,윤활유 추가
EQ0097,2024-06-04,외관검사,27.27,dB,주의,최민준,부품교체필요
EQ0098,2023-01-08,소음진동,84.22,°C,정상,김철수,조정완료
EQ0098,2023-01-25,소음진동,35.3,A,정상,정수현,
EQ0098,2023-04-07,온도측정,45.49,°C,정상,박준호,
EQ0098,2023-05-26,압력검사,70.32,MΩ,주의,박준호,조정완료
EQ0098,2023-12-08,소음진동,43.05,L/min,정상,김철수,부품교체필요
EQ0098,2024-01-03,외관검사,85.65,MΩ,정상,최민준,조정완료
EQ0098,2024-03-18,소음진동,99.78,°C,불량,정수현,윤활유 추가
EQ0098,2024-08-05,외관검사,36.34,bar,경고,김철수,청소완료
EQ0098,2024-08-14,절연저항,30.14,L/min,주의,박준호,청소완료
EQ0099,2023-01-29,전류측정,61.92,bar,정상,이영희,윤활유 추가
EQ0099,2023-02-02,외관검사,71.29,L/min,정상,이영희,부품교체필요
EQ0099,2023-07-16,절연저항,89.45,MΩ,정상,정수현,윤활유 추가
EQ0099,2024-07-19,소음진동,50.5,°C,정상,정수현,조정완료
EQ0099,2024-07-29,온도측정,49.42,bar,정상,박준호,윤활유 추가
EQ0100,2023-02-16,절연저항,97.69,dB,정상,이영희,부품교체필요
EQ0100,2023-02-28,외관검사,77.8,L/min,정상,정수현,
EQ0100,2023-03-31,유량측정,33.82,bar,불량,정수현,윤활유 추가
EQ0100,2023-05-27,온도측정,63.37,°C,정상,박준호,조정완료
EQ0100,2023-07-27,압력검사,72.35,bar,정상,정수현,조정완료
EQ0100,2023-09-11,전류측정,75.36,bar,정상,김철수,
EQ0100,2024-02-19,외관검사,96.82,bar,정상,박준호,윤활유 추가
EQ0100,2024-03-02,외관검사,65.87,°C,정상,최민준,
EQ0100,2024-03-30,유량측정,65.34,A,정상,이영희,윤활유 추가
EQ0100,2024-07-14,외관검사,71.69,dB,정상,박준호,조정완료
EQ0101,2023-03-13,절연저항,24.63,L/min,정상,이영희,윤활유 추가
EQ0101,2023-04-14,유량측정,81.62,A,정상,최민준,윤활유 추가
EQ0101,2023-06-19,압력검사,70.27,°C,경고,이영희,청소완료
EQ0101,2023-07-02,온도측정,58.81,MΩ,정상,김철수,부품교체필요
EQ0101,2023-08-11,외관검사,13.01,MΩ,정상,이영희,조정완료
EQ0101,2023-10-06,온도측정,72.57,dB,정상,정수현,윤활유 추가
EQ0101,2023-11-02,유량측정,93.77,MΩ,정상,이영희,윤활유 추가
EQ0101,2023-12-02,전류측정,67.05,bar,정상,박준호,청소완료
EQ0101,2024-02-24,외관검사,50.12,L/min,정상,최민준,
EQ0101,2024-03-09,외관검사,50.03,L/min,주의,이영희,부품교체필요
EQ0101,2024-08-14,전류측정,17.29,bar,정상,최민준,조정완료
EQ0102,2023-01-18,유량측정,86.0,dB,정상,김철수,윤활유 추가
EQ0102,2023-03-11,절연저항,24.81,L/min,정상,김철수,조정완료
EQ0102,2023-03-17,온도측정,26.58,L/min,정상,김철수,청소완료
EQ0102,2023-03-27,절연저항,85.47,MΩ,경고,박준호,부품교체필요
EQ0102,2023-04-24,전류측정,28.56,MΩ,정상,김철수,윤활유 추가
EQ0102,2023-05-21,소음진동,51.0,L/min,경고,최민준,윤활유 추가
EQ0102,2023-10-29,절연저항,55.03,bar,정상,박준호,조정완료
EQ0102,2024-02-06,외관검사,51.36,bar,정상,이영희,
EQ0102,2024-02-29,소음진동,38.37,L/min,정상,최민준,청소완료
EQ0102,2024-03-19,외관검사,48.6,A,경고,김철수,윤활유 추가
EQ0102,2024-03-20,온도측정,61.01,dB,정상,이영희,조정완료
EQ0102,2024-06-12,소음진동,35.43,A,정상,정수현,
EQ0102,2024-07-13,압력검사,40.08,dB,정상,박준호,조정완료
EQ0103,2023-02-10,온도측정,64.98,MΩ,정상,최민준,청소완료
EQ0103,2023-08-23,압력검사,47.9,bar,정상,박준호,윤활유 추가
EQ0103,2023-09-01,절연저항,14.86,A,정상,최민준,윤활유 추가
EQ0103,2023-12-30,소음진동,48.7,L/min,정상,이영희,윤활유 추가
EQ0103,2024-01-26,압력검사,11.23,MΩ,정상,최민준,윤활유 추가
EQ0103,2024-05-17,소음진동,36.09,dB,정상,최민준,
EQ0103,2024-07-08,소음진동,71.22,bar,정상,박준호,부품교체필요
EQ0104,2023-02-07,온도측정,58.37,°C,정상,김철수,
EQ0104,2023-06-12,유량측정,73.7,A,주의,정수현,
EQ0104,2023-08-31,압력검사,21.73,°C,주의,최민준,윤활유 추가
EQ0104,2023-12-17,절연저항,17.16,A,정상,박준호,
EQ0104,2024-02-04,전류측정,45.47,bar,정상,김철수,
EQ0104,2024-02-17,소음진동,20.91,A,정상,김철수,청소완료
EQ0104,2024-03-08,외관검사,44.33,L/min,불량,최민준,부품교체필요
EQ0104,2024-03-14,온도측정,55.88,bar,불량,이영희,
EQ0104,2024-04-25,유량측정,83.96,bar,정상,최민준,
EQ0104,2024-06-16,유량측정,46.72,°C,정상,정수현,청소완료
EQ0105,2023-01-08,유량측정,53.45,bar,주의,박준호,조정완료
EQ0105,2023-04-05,유량측정,99.98,A,정상,최민준,조정완료
EQ0105,2023-05-02,온도측정,92.34,°C,경고,정수현,
EQ0105,2023-09-06,소음진동,19.4,MΩ,정상,박준호,조정완료
EQ0105,2023-09-30,소음진동,19.18,L/min,주의,정수현,부품교체필요
EQ0105,2023-12-28,압력검사,73.83,bar,정상,박준호,윤활유 추가
EQ0105,2024-02-07,압력검사,41.12,A,정상,박준호,부품교체필요
EQ0105,2024-02-14,온도측정,90.56,A,정상,정수현,윤활유 추가
EQ0105,2024-03-13,압력검사,22.33,MΩ,정상,최민준,윤활유 추가
EQ0105,2024-05-28,소음진동,20.51,dB,정상,박준호,청소완료
EQ0105,2024-06-19,유량측정,98.37,bar,정상,정수현,조정완료
EQ0106,2023-01-01,온도측정,40.27,L/min,정상,최민준,청소완료
EQ0106,2023-01-12,전류측정,98.18,dB,정상,박준호,청소완료
EQ0106,2023-01-29,외관검사,30.71,MΩ,정상,최민준,조정완료
EQ0106,2023-05-05,전류측정,82.55,L/min,정상,이영희,
EQ0106,2023-06-29,유량측정,95.38,A,경고,김철수,부품교체필요
EQ0106,2023-08-09,외관검사,81.49,MΩ,주의,이영희,윤활유 추가
EQ0106,2024-03-18,전류측정,40.0,°C,정상,이영희,윤활유 추가
EQ0106,2024-05-16,외관검사,20.15,°C,불량,최민준,조정완료
EQ0106,2024-05-19,절연저항,50.34,bar,정상,최민준,부품교체필요
EQ0106,2024-06-26,절연저항,51.07,bar,정상,박준호,청소완료
EQ0106,2024-06-28,절연저항,82.52,A,정상,최민준,윤활유 추가
EQ0106,2024-07-31,압력검사,39.81,°C,정상,이영희,청소완료
EQ0107,2023-02-08,외관검사,12.6,MΩ,정상,이영희,
EQ0107,2023-02-11,압력검사,95.63,A,정상,김철수,부품교체필요
EQ0107,2023-02-11,외관검사,53.45,L/min,정상,김철수,청소완료
EQ0107,2023-03-02,유량측정,31.02,°C,정상,정수현,조정완료
EQ0107,2023-03-15,압력검사,77.34,°C,정상,이영희,부품교체필요
EQ0107,2023-03-18,유량측정,62.73,MΩ,정상,정수현,윤활유 추가
EQ0107,2023-05-12,온도측정,94.87,A,정상,이영희,부품교체필요
EQ0107,2023-05-18,소음진동,47.39,bar,정상,김철수,조정완료
EQ0107,2023-06-29,절연저항,15.72,L/min,정상,정수현,윤활유 추가
EQ0107,2023-10-19,외관검사,71.48,A,불량,이영희,청소완료
EQ0107,2023-11-09,소음진동,27.77,dB,주의,이영희,윤활유 추가
EQ0107,2023-11-28,절연저항,44.75,A,주의,이영희,윤활유 추가
EQ0107,2024-01-13,절연저항,37.34,A,정상,김철수,윤활유 추가
EQ0107,2024-02-07,절연저항,57.69,dB,불량,정수현,윤활유 추가
EQ0108,2023-01-08,외관검사,75.75,bar,정상,김철수,윤활유 추가
EQ0108,2023-03-24,압력검사,99.62,L/min,정상,김철수,조정완료
EQ0108,2023-04-05,외관검사,53.28,MΩ,정상,박준호,윤활유 추가
EQ0108,2023-05-02,유량측정,42.83,L/min,정상,이영희,조정완료
EQ0108,2023-07-29,절연저항,30.77,MΩ,정상,정수현,조정완료
EQ0108,2023-12-15,온도측정,65.74,L/min,주의,박준호,청소완료
EQ0108,2024-02-20,온도측정,71.52,A,정상,이영희,조정완료
EQ0108,2024-08-04,온도측정,71.01,A,불량,이영희,
EQ0109,2023-03-10,절연저항,66.62,dB,정상,이영희,부품교체필요
EQ0109,2023-03-21,압력검사,90.83,L/min,정상,최민준,부품교체필요
EQ0109,2023-04-22,온도측정,38.2,L/min,주의,정수현,부품교체필요
EQ0109,2023-07-01,소음진동,19.72,bar,정상,김철수,청소완료
EQ0109,2023-07-03,소음진동,47.06,MΩ,정상,박준호,조정완료
EQ0109,2023-10-20,압력검사,13.65,A,주의,최민준,청소완료
EQ0109,2023-11-26,온도측정,13.03,°C,정상,김철수,부품교체필요
EQ0109,2023-12-12,절연저항,49.17,°C,정상,이영희,부품교체필요
EQ0109,2024-03-22,소음진동,69.14,L/min,정상,김철수,청소완료
EQ0109,2024-05-22,절연저항,10.96,L/min,정상,이영희,
EQ0109,2024-05-23,절연저항,24.68,bar,경고,김철수,부품교체필요
EQ0109,2024-06-03,압력검사,17.7,A,주의,최민준,윤활유 추가
EQ0109,2024-06-20,소음진동,97.79,MΩ,정상,최민준,조정완료
EQ0109,2024-08-05,외관검사,39.18,MΩ,정상,정수현,윤활유 추가
EQ0110,2023-05-02,유량측정,36.88,°C,주의,최민준,윤활유 추가
EQ0110,2023-06-19,소음진동,45.86,L/min,경고,박준호,
EQ0110,2023-09-14,유량측정,78.78,A,정상,박준호,윤활유 추가
EQ0110,2023-09-22,전류측정,88.62,MΩ,정상,박준호,조정완료
EQ0110,2023-12-07,외관검사,61.82,L/min,정상,이영희,조정완료
EQ0110,2023-12-09,소음진동,98.73,dB,정상,이영희,윤활유 추가
EQ0110,2024-02-21,전류측정,14.06,MΩ,정상,이영희,청소완료
EQ0110,2024-03-12,유량측정,60.28,MΩ,정상,정수현,조정완료
EQ0110,2024-05-01,외관검사,72.66,°C,정상,정수현,윤활유 추가
EQ0110,2024-07-15,유량측정,16.38,bar,정상,최민준,청소완료
EQ0110,2024-07-19,소음진동,28.7,bar,주의,김철수,조정완료
EQ0110,2024-07-26,소음진동,70.51,L/min,정상,이영희,청소완료
EQ0111,2023-06-07,소음진동,25.37,A,정상,박준호,부품교체필요
EQ0111,2023-06-15,외관검사,81.09,MΩ,정상,박준호,
EQ0111,2023-07-11,압력검사,63.55,A,불량,정수현,윤활유 추가
EQ0111,2023-08-09,유량측정,72.03,°C,주의,박준호,부품교체필요
EQ0111,2023-08-23,외관검사,57.78,MΩ,정상,김철수,
EQ0111,2024-02-02,온도측정,85.07,dB,정상,최민준,윤활유 추가
EQ0111,2024-02-04,유량측정,10.93,bar,정상,이영희,청소완료
EQ0111,2024-08-11,압력검사,62.84,L/min,주의,최민준,청소완료
EQ0111,2024-08-17,유량측정,25.8,A,정상,박준호,조정완료
EQ0112,2023-01-05,압력검사,37.78,°C,정상,박준호,조정완료
EQ0112,2023-01-08,외관검사,87.62,L/min,정상,박준호,청소완료
EQ0112,2023-01-14,전류측정,84.92,MΩ,정상,정수현,부품교체필요
EQ0112,2023-01-26,전류측정,47.72,dB,정상,박준호,윤활유 추가
EQ0112,2023-05-15,전류측정,20.35,A,정상,김철수,
EQ0112,2023-09-02,절연저항,19.1,A,정상,박준호,
EQ0112,2023-10-31,전류측정,43.03,MΩ,경고,정수현,조정완료
EQ0112,2023-11-04,전류측정,79.79,A,주의,박준호,조정완료
EQ0112,2023-12-14,외관검사,33.41,L/min,정상,김철수,부품교체필요
EQ0112,2024-02-23,외관검사,28.34,bar,불량,김철수,윤활유 추가
EQ0112,2024-04-19,유량측정,47.25,MΩ,주의,정수현,
EQ0112,2024-05-06,절연저항,57.1,L/min,불량,박준호,윤활유 추가
EQ0113,2023-01-12,유량측정,25.4,A,주의,이영희,
EQ0113,2023-06-13,유량측정,81.93,°C,정상,정수현,윤활유 추가
EQ0113,2023-09-14,유량측정,39.98,bar,정상,김철수,
EQ0113,2023-09-16,유량측정,59.87,MΩ,경고,정수현,윤활유 추가
EQ0113,2023-10-30,압력검사,10.27,bar,정상,최민준,조정완료
EQ0113,2023-12-13,유량측정,22.31,bar,정상,이영희,청소완료
EQ0114,2023-01-27,전류측정,84.54,bar,정상,김철수,조정완료
EQ0114,2023-03-04,전류측정,88.62,°C,주의,박준호,윤활유 추가
EQ0114,2023-06-19,전류측정,38.74,bar,불량,이영희,윤활유 추가
EQ0114,2023-07-31,유량측정,34.3,A,정상,최민준,
EQ0114,2023-08-30,압력검사,34.12,bar,정상,정수현,
EQ0114,2023-09-12,외관검사,95.74,°C,정상,최민준,부품교체필요
EQ0114,2023-10-20,외관검사,23.7,L/min,정상,최민준,조정완료
EQ0114,2023-12-29,절연저항,15.93,MΩ,불량,이영희,청소완료
EQ0114,2024-01-08,유량측정,92.43,bar,경고,박준호,부품교체필요
EQ0114,2024-03-30,소음진동,53.88,°C,정상,정수현,조정완료
EQ0114,2024-05-02,외관검사,91.86,bar,정상,박준호,
EQ0114,2024-06-10,압력검사,24.65,L/min,정상,정수현,조정완료
EQ0114,2024-07-03,유량측정,82.23,L/min,정상,정수현,조정완료
EQ0114,2024-07-22,유량측정,53.68,bar,경고,정수현,조정완료
EQ0114,2024-08-18,소음진동,89.03,L/min,정상,박준호,청소완료
EQ0115,2023-01-30,소음진동,89.15,°C,정상,박준호,
EQ0115,2023-05-27,절연저항,45.5,MΩ,불량,박준호,조정완료
EQ0115,2023-09-17,전류측정,68.99,bar,정상,정수현,
EQ0115,2023-09-28,절연저항,24.5,°C,주의,최민준,
EQ0115,2023-11-26,유량측정,43.27,bar,정상,이영희,부품교체필요
EQ0115,2024-06-04,외관검사,56.85,A,정상,정수현,부품교체필요
EQ0115,2024-07-17,유량측정,64.4,bar,정상,이영희,윤활유 추가
EQ0116,2023-02-04,온도측정,47.09,A,경고,박준호,부품교체필요
EQ0116,2023-04-08,압력검사,93.45,°C,주의,최민준,조정완료
EQ0116,2023-04-21,소음진동,29.93,°C,정상,정수현,윤활유 추가
EQ0116,2023-05-08,온도측정,95.23,A,정상,이영희,윤활유 추가
EQ0116,2023-06-05,외관검사,58.04,bar,경고,정수현,조정완료
EQ0116,2023-09-10,유량측정,58.35,dB,정상,정수현,부품교체필요
EQ0116,2023-09-23,전류측정,54.79,dB,정상,이영희,윤활유 추가
EQ0116,2023-10-07,압력검사,47.63,L/min,정상,김철수,
EQ0116,2024-01-30,유량측정,47.15,L/min,정상,이영희,부품교체필요
EQ0116,2024-06-24,전류측정,68.84,dB,주의,최민준,부품교체필요
EQ0117,2023-03-12,절연저항,45.2,°C,정상,정수현,조정완료
EQ0117,2023-03-15,절연저항,64.52,A,정상,최민준,청소완료
EQ0117,2023-06-08,외관검사,32.4,A,주의,김철수,조정완료
EQ0117,2023-06-21,압력검사,27.72,°C,정상,박준호,부품교체필요
EQ0117,2023-07-07,온도측정,25.85,dB,정상,최민준,
EQ0117,2023-09-07,압력검사,76.84,A,주의,김철수,청소완료
EQ0117,2023-10-13,유량측정,84.9,A,정상,최민준,부품교체필요
EQ0117,2023-11-04,유량측정,19.35,A,경고,박준호,부품교체필요
EQ0117,2023-12-01,절연저항,16.1,bar,주의,최민준,부품교체필요
EQ0117,2023-12-14,외관검사,84.55,MΩ,정상,최민준,조정완료
EQ0117,2023-12-19,유량측정,12.2,°C,정상,박준호,청소완료
EQ0117,2024-02-05,절연저항,71.79,A,정상,정수현,부품교체필요
EQ0117,2024-05-23,유량측정,89.5,°C,주의,정수현,부품교체필요
EQ0117,2024-06-18,절연저항,48.87,dB,주의,최민준,
EQ0117,2024-08-01,유량측정,44.65,°C,정상,정수현,청소완료
EQ0118,2023-02-03,유량측정,70.0,A,정상,최민준,
EQ0118,2023-02-27,압력검사,78.79,L/min,정상,최민준,부품교체필요
EQ0118,2023-08-10,유량측정,38.76,bar,정상,박준호,조정완료
EQ0118,2023-08-12,유량측정,39.11,dB,정상,이영희,
EQ0118,2024-01-09,절연저항,77.75,L/min,정상,정수현,
EQ0118,2024-02-23,전류측정,17.9,dB,경고,김철수,부품교체필요
EQ0118,2024-05-17,절연저항,21.37,dB,정상,최민준,부품교체필요
EQ0118,2024-06-28,유량측정,17.78,L/min,정상,박준호,조정완료
EQ0118,2024-07-11,외관검사,25.31,bar,주의,박준호,청소완료
EQ0119,2023-02-06,외관검사,52.33,°C,정상,최민준,조정완료
EQ0119,2023-02-15,절연저항,84.18,A,정상,박준호,청소완료
EQ0119,2023-03-11,전류측정,89.07,dB,정상,정수현,조정완료
EQ0119,2023-06-18,유량측정,36.91,L/min,정상,김철수,부품교체필요
EQ0119,2023-07-17,외관검사,62.51,A,정상,박준호,부품교체필요
EQ0119,2023-11-30,외관검사,93.99,°C,정상,최민준,부품교체필요
EQ0119,2024-01-11,절연저항,15.48,°C,정상,최민준,부품교체필요
EQ0119,2024-01-16,압력검사,41.52,A,주의,최민준,부품교체필요
EQ0119,2024-01-18,압력검사,13.77,bar,정상,정수현,
EQ0119,2024-01-24,전류측정,93.22,A,정상,이영희,조정완료
EQ0119,2024-02-06,압력검사,93.98,dB,불량,정수현,부품교체필요
EQ0119,2024-06-14,전류측정,61.69,°C,정상,박준호,부품교체필요
EQ0120,2023-02-09,압력검사,71.79,°C,정상,최민준,청소완료
EQ0120,2023-10-09,소음진동,75.91,MΩ,주의,김철수,
EQ0120,2023-10-20,외관검사,84.52,MΩ,주의,이영희,
EQ0120,2023-11-07,유량측정,42.86,bar,정상,최민준,청소완료
EQ0120,2024-02-13,외관검사,69.54,bar,정상,박준호,
EQ0120,2024-03-09,온도측정,57.83,MΩ,정상,최민준,
EQ0120,2024-04-27,절연저항,93.63,bar,경고,정수현,조정완료
EQ0120,2024-05-03,유량측정,39.59,MΩ,정상,최민준,조정완료
EQ0120,2024-05-05,유량측정,47.88,dB,정상,이영희,청소완료
EQ0120,2024-05-16,유량측정,27.28,A,정상,이영희,조정완료
EQ0120,2024-05-23,유량측정,12.39,MΩ,경고,이영희,부품교체필요
EQ0120,2024-06-23,소음진동,61.93,MΩ,주의,이영희,조정완료
EQ0120,2024-07-21,유량측정,10.87,°C,정상,김철수,조정완료
EQ0120,2024-07-26,유량측정,49.94,A,정상,김철수,윤활유 추가
EQ0120,2024-08-02,압력검사,64.69,MΩ,정상,최민준,
EQ0121,2023-01-26,소음진동,93.48,A,정상,김철수,조정완료
EQ0121,2023-03-03,전류측정,21.26,dB,정상,이영희,윤활유 추가
EQ0121,2023-03-28,유량측정,37.5,dB,경고,이영희,청소완료
EQ0121,2023-06-17,압력검사,60.65,bar,정상,최민준,조정완료
EQ0121,2023-06-21,외관검사,12.7,dB,정상,최민준,청소완료
EQ0121,2023-07-20,외관검사,79.63,dB,정상,최민준,청소완료
EQ0121,2023-11-13,유량측정,56.85,dB,정상,김철수,조정완료
EQ0121,2023-12-16,절연저항,36.33,dB,정상,박준호,청소완료
EQ0121,2024-01-04,외관검사,86.69,MΩ,정상,김철수,
EQ0121,2024-01-31,소음진동,98.62,MΩ,정상,이영희,부품교체필요
EQ0121,2024-02-11,절연저항,36.61,A,경고,정수현,청소완료
EQ0121,2024-06-15,외관검사,54.83,°C,정상,김철수,
EQ0121,2024-07-29,압력검사,60.29,L/min,정상,최민준,조정완료
EQ0121,2024-08-12,온도측정,94.83,dB,정상,박준호,
EQ0121,2024-08-17,외관검사,92.3,MΩ,정상,박준호,
EQ0122,2023-01-17,유량측정,77.15,MΩ,정상,최민준,
EQ0122,2023-02-26,온도측정,83.29,MΩ,정상,최민준,윤활유 추가
EQ0122,2023-06-15,압력검사,74.73,A,정상,최민준,
EQ0122,2023-06-16,소음진동,26.95,dB,경고,정수현,
EQ0122,2023-08-15,외관검사,49.7,bar,정상,정수현,조정완료
EQ0122,2023-10-30,소음진동,45.8,MΩ,정상,정수현,
EQ0122,2023-11-17,온도측정,52.81,MΩ,정상,박준호,청소완료
EQ0122,2023-11-22,압력검사,54.38,L/min,경고,정수현,청소완료
EQ0122,2024-03-07,유량측정,78.7,°C,정상,정수현,부품교체필요
EQ0122,2024-03-19,온도측정,65.09,L/min,정상,이영희,조정완료
EQ0122,2024-03-22,소음진동,33.96,bar,정상,박준호,부품교체필요
EQ0122,2024-05-01,절연저항,32.81,bar,경고,박준호,
EQ0123,2023-01-20,온도측정,59.14,A,경고,정수현,윤활유 추가
EQ0123,2023-04-03,소음진동,86.86,A,정상,정수현,조정완료
EQ0123,2023-05-04,압력검사,60.12,MΩ,정상,박준호,
EQ0123,2023-05-05,소음진동,58.98,°C,정상,이영희,부품교체필요
EQ0123,2023-06-03,전류측정,39.06,bar,정상,최민준,부품교체필요
EQ0123,2023-06-25,온도측정,55.5,dB,경고,최민준,윤활유 추가
EQ0123,2023-07-12,외관검사,46.71,MΩ,정상,이영희,
EQ0123,2023-10-15,온도측정,39.65,A,경고,정수현,청소완료
EQ0123,2023-11-14,온도측정,30.42,°C,불량,김철수,청소완료
EQ0123,2023-12-19,유량측정,25.22,A,정상,정수현,
EQ0123,2024-01-04,압력검사,24.58,A,정상,박준호,윤활유 추가
EQ0123,2024-04-04,절연저항,91.8,°C,주의,박준호,윤활유 추가
EQ0123,2024-04-28,전류측정,49.46,L/min,주의,김철수,조정완료
EQ0123,2024-06-05,유량측정,53.29,MΩ,정상,최민준,청소완료
EQ0123,2024-08-03,소음진동,56.03,MΩ,정상,김철수,조정완료
EQ0124,2023-01-03,유량측정,93.51,A,주의,박준호,청소완료
EQ0124,2023-01-11,절연저항,50.35,A,주의,이영희,윤활유 추가
EQ0124,2023-05-12,유량측정,68.02,°C,정상,정수현,청소완료
EQ0124,2023-12-21,유량측정,57.89,L/min,경고,박준호,윤활유 추가
EQ0124,2023-12-26,절연저항,32.93,bar,정상,박준호,부품교체필요
EQ0124,2024-01-15,온도측정,72.1,dB,정상,박준호,청소완료
EQ0124,2024-02-01,절연저항,52.06,°C,정상,김철수,조정완료
EQ0124,2024-02-09,절연저항,92.34,L/min,정상,정수현,조정완료
EQ0124,2024-02-17,절연저항,64.84,dB,정상,이영희,조정완료
EQ0124,2024-03-06,절연저항,39.45,L/min,정상,박준호,
EQ0124,2024-04-07,외관검사,14.03,A,정상,정수현,부품교체필요
EQ0124,2024-06-09,외관검사,84.93,L/min,정상,최민준,조정완료
EQ0124,2024-06-09,소음진동,37.88,bar,주의,정수현,
EQ0124,2024-07-03,압력검사,74.94,°C,경고,김철수,청소완료
EQ0125,2023-03-08,유량측정,18.86,L/min,주의,정수현,윤활유 추가
EQ0125,2023-03-11,절연저항,40.95,bar,경고,김철수,윤활유 추가
EQ0125,2023-04-01,절연저항,54.9,bar,정상,박준호,
EQ0125,2023-08-06,온도측정,64.38,°C,정상,박준호,윤활유 추가
EQ0125,2023-08-06,전류측정,84.0,dB,정상,이영희,
EQ0125,2023-08-23,전류측정,43.29,A,정상,최민준,부품교체필요
EQ0125,2023-10-12,외관검사,43.22,bar,정상,정수현,부품교체필요
EQ0125,2024-08-02,압력검사,41.49,A,정상,이영희,청소완료
EQ0125,2024-08-04,온도측정,28.72,MΩ,경고,김철수,윤활유 추가
EQ0125,2024-08-06,압력검사,26.16,dB,정상,김철수,윤활유 추가
EQ0126,2023-01-13,전류측정,64.12,dB,정상,최민준,
EQ0126,2023-01-25,절연저항,73.84,L/min,정상,이영희,부품교체필요
EQ0126,2023-02-18,온도측정,37.06,°C,정상,최민준,윤활유 추가
EQ0126,2023-03-22,전류측정,25.04,MΩ,정상,김철수,조정완료
EQ0126,2023-03-29,전류측정,12.03,dB,정상,박준호,청소완료
EQ0126,2023-05-13,전류측정,65.45,°C,불량,김철수,조정완료
EQ0126,2023-09-05,절연저항,35.77,MΩ,정상,김철수,청소완료
EQ0126,2023-11-05,전류측정,55.76,°C,주의,최민준,
EQ0126,2023-11-12,온도측정,66.13,dB,정상,정수현,부품교체필요
EQ0126,2023-12-08,압력검사,72.68,L/min,정상,이영희,청소완료
EQ0126,2024-03-19,전류측정,41.88,°C,정상,김철수,조정완료
EQ0126,2024-05-07,소음진동,40.52,bar,경고,정수현,
EQ0126,2024-06-03,전류측정,32.2,A,정상,박준호,부품교체필요
EQ0126,2024-07-14,소음진동,37.48,bar,정상,이영희,조정완료
EQ0126,2024-07-18,소음진동,62.32,dB,정상,정수현,청소완료
EQ0127,2023-01-16,압력검사,42.7,L/min,정상,정수현,조정완료
EQ0127,2023-03-06,외관검사,43.63,dB,정상,최민준,부품교체필요
EQ0127,2023-06-17,절연저항,23.17,A,정상,정수현,청소완료
EQ0127,2023-09-23,외관검사,84.27,A,정상,이영희,부품교체필요
EQ0127,2023-11-25,압력검사,77.77,MΩ,정상,김철수,청소완료
EQ0127,2024-04-18,압력검사,50.34,L/min,정상,최민준,
EQ0127,2024-06-04,절연저항,93.32,L/min,정상,정수현,조정완료
EQ0127,2024-08-06,절연저항,25.18,L/min,경고,정수현,윤활유 추가
EQ0128,2023-02-27,절연저항,24.01,bar,주의,김철수,윤활유 추가
EQ0128,2023-03-18,전류측정,37.43,°C,정상,박준호,청소완료
EQ0128,2023-06-13,전류측정,41.32,L/min,정상,최민준,조정완료
EQ0128,2023-06-14,절연저항,51.73,MΩ,정상,박준호,조정완료
EQ0128,2023-08-08,온도측정,61.47,°C,정상,이영희,윤활유 추가
EQ0128,2023-10-22,절연저항,29.33,bar,정상,최민준,
EQ0128,2024-03-03,전류측정,94.52,A,정상,이영희,청소완료
EQ0128,2024-06-05,압력검사,74.83,°C,정상,최민준,부품교체필요
EQ0128,2024-08-09,외관검사,70.36,°C,정상,박준호,조정완료
EQ0128,2024-08-11,유량측정,98.1,dB,불량,김철수,부품교체필요
EQ0129,2023-03-17,외관검사,56.8,bar,정상,정수현,
EQ0129,2023-06-20,압력검사,23.81,dB,주의,박준호,청소완료
EQ0129,2023-07-28,절연저항,14.58,dB,불량,박준호,
EQ0129,2024-01-01,절연저항,54.8,MΩ,정상,박준호,조정완료
EQ0129,2024-01-10,절연저항,50.58,L/min,불량,김철수,윤활유 추가
EQ0129,2024-02-12,압력검사,55.92,MΩ,주의,김철수,조정완료
EQ0129,2024-03-01,유량측정,55.43,bar,주의,이영희,청소완료
EQ0129,2024-04-18,외관검사,49.53,L/min,정상,박준호,부품교체필요
EQ0129,2024-04-19,소음진동,37.9,MΩ,정상,정수현,
EQ0129,2024-06-03,외관검사,72.16,bar,정상,박준호,청소완료
EQ0129,2024-06-06,전류측정,15.54,L/min,정상,이영희,부품교체필요
EQ0130,2023-03-05,압력검사,71.95,dB,정상,이영희,윤활유 추가
EQ0130,2023-10-07,외관검사,70.11,dB,정상,이영희,조정완료
EQ0130,2024-01-10,온도측정,97.47,dB,경고,이영희,
EQ0130,2024-01-10,온도측정,57.77,bar,정상,김철수,청소완료
EQ0130,2024-02-20,온도측정,82.27,MΩ,정상,최민준,조정완료
EQ0130,2024-03-28,온도측정,92.64,dB,정상,이영희,윤활유 추가
EQ0130,2024-05-08,소음진동,72.92,dB,정상,정수현,청소완료
EQ0130,2024-07-04,유량측정,49.79,A,정상,정수현,조정완료
EQ0130,2024-07-16,유량측정,28.48,dB,경고,정수현,조정완료
EQ0131,2023-01-03,온도측정,30.78,L/min,정상,김철수,
EQ0131,2023-01-13,온도측정,50.55,dB,정상,박준호,
EQ0131,2023-06-27,압력검사,11.57,A,정상,최민준,
EQ0131,2023-08-21,절연저항,20.62,dB,정상,박준호,
EQ0131,2023-08-26,소음진동,55.0,MΩ,정상,김철수,
EQ0131,2023-08-29,온도측정,49.48,bar,정상,정수현,부품교체필요
EQ0131,2024-01-26,압력검사,55.57,A,경고,최민준,
EQ0131,2024-03-26,소음진동,34.34,°C,정상,박준호,윤활유 추가
EQ0131,2024-04-14,압력검사,62.0,MΩ,정상,정수현,윤활유 추가
EQ0131,2024-04-14,압력검사,48.25,dB,경고,박준호,청소완료
EQ0131,2024-07-15,전류측정,55.75,°C,정상,최민준,청소완료
EQ0132,2023-01-01,유량측정,68.08,A,경고,김철수,청소완료
EQ0132,2023-02-19,유량측정,69.3,bar,정상,김철수,
EQ0132,2023-03-16,온도측정,85.78,MΩ,주의,박준호,부품교체필요
EQ0132,2023-04-29,외관검사,75.91,A,정상,정수현,청소완료
EQ0132,2023-06-21,전류측정,71.56,dB,정상,정수현,
EQ0132,2023-07-18,유량측정,41.07,L/min,정상,이영희,청소완료
EQ0132,2023-07-28,압력검사,45.35,dB,정상,김철수,청소완료
EQ0132,2023-09-29,외관검사,61.8,°C,정상,김철수,청소완료
EQ0132,2023-10-27,절연저항,21.94,dB,주의,정수현,조정완료
EQ0132,2023-11-23,전류측정,56.3,MΩ,불량,정수현,청소완료
EQ0132,2023-12-06,압력검사,62.61,bar,정상,최민준,청소완료
EQ0132,2023-12-21,소음진동,84.04,dB,정상,박준호,윤활유 추가
EQ0132,2024-01-13,유량측정,83.89,°C,정상,최민준,청소완료
EQ0132,2024-03-26,유량측정,98.67,A,정상,김철수,
EQ0132,2024-08-14,전류측정,55.91,°C,정상,최민준,청소완료
EQ0133,2023-02-25,전류측정,90.59,°C,정상,정수현,청소완료
EQ0133,2023-04-26,온도측정,52.81,L/min,정상,김철수,부품교체필요
EQ0133,2023-06-14,전류측정,78.84,°C,정상,최민준,부품교체필요
EQ0133,2023-08-16,전류측정,67.27,dB,경고,박준호,조정완료
EQ0133,2024-04-06,외관검사,60.39,dB,정상,이영희,조정완료
EQ0133,2024-05-12,온도측정,33.36,MΩ,정상,박준호,부품교체필요
EQ0134,2023-03-12,외관검사,97.56,bar,주의,정수현,부품교체필요
EQ0134,2023-09-01,소음진동,72.37,°C,정상,정수현,조정완료
EQ0134,2024-02-04,전류측정,42.27,A,주의,최민준,부품교체필요
EQ0134,2024-03-31,전류측정,39.89,MΩ,정상,김철수,
EQ0134,2024-05-15,전류측정,20.39,°C,주의,김철수,윤활유 추가
EQ0135,2023-01-01,외관검사,79.88,L/min,주의,김철수,부품교체필요
EQ0135,2023-03-19,절연저항,95.31,L/min,정상,이영희,조정완료
EQ0135,2023-04-14,소음진동,60.64,MΩ,경고,박준호,조정완료
EQ0135,2023-04-17,유량측정,28.47,°C,정상,이영희,청소완료
EQ0135,2023-04-23,외관검사,65.27,dB,정상,최민준,부품교체필요
EQ0135,2023-05-31,유량측정,37.32,dB,정상,정수현,조정완료
EQ0135,2023-09-02,소음진동,92.56,MΩ,불량,김철수,청소완료
EQ0135,2023-10-11,소음진동,75.66,bar,주의,김철수,부품교체필요
EQ0135,2024-04-05,전류측정,15.24,dB,주의,이영희,
EQ0135,2024-04-18,전류측정,82.35,bar,정상,이영희,윤활유 추가
EQ0135,2024-06-23,외관검사,13.74,L/min,정상,박준호,청소완료
EQ0135,2024-08-18,전류측정,91.74,MΩ,주의,김철수,부품교체필요
EQ0136,2023-02-03,유량측정,52.33,°C,정상,이영희,윤활유 추가
EQ0136,2023-02-16,소음진동,32.62,L/min,정상,박준호,부품교체필요
EQ0136,2023-03-07,절연저항,42.62,bar,주의,이영희,조정완료
EQ0136,2023-07-21,압력검사,82.14,°C,정상,정수현,부품교체필요
EQ0136,2023-10-07,유량측정,17.1,L/min,정상,정수현,청소완료
EQ0137,2023-01-14,외관검사,95.2,bar,정상,최민준,부품교체필요
EQ0137,2023-02-06,절연저항,77.6,A,경고,김철수,
EQ0137,2023-03-16,소음진동,97.85,dB,경고,김철수,조정완료
EQ0137,2023-03-24,유량측정,14.86,°C,경고,최민준,
EQ0137,2023-04-20,절연저항,64.37,A,정상,최민준,부품교체필요
EQ0137,2023-07-18,유량측정,52.31,dB,주의,박준호,청소완료
EQ0137,2024-02-23,절연저항,95.31,bar,경고,김철수,
EQ0137,2024-02-27,유량측정,49.5,°C,경고,박준호,
EQ0137,2024-03-31,절연저항,39.94,A,정상,정수현,조정완료
EQ0138,2023-03-22,유량측정,11.04,MΩ,정상,박준호,윤활유 추가
EQ0138,2023-07-02,압력검사,64.77,A,정상,정수현,청소완료
EQ0138,2023-08-08,온도측정,90.43,°C,주의,정수현,조정완료
EQ0138,2023-08-22,외관검사,41.32,MΩ,정상,김철수,부품교체필요
EQ0138,2023-09-26,유량측정,55.32,A,불량,이영희,청소완료
EQ0138,2023-10-03,온도측정,19.71,L/min,정상,최민준,
EQ0138,2023-10-10,절연저항,96.89,dB,정상,김철수,
EQ0138,2023-10-29,압력검사,10.08,L/min,정상,김철수,조정완료
EQ0138,2023-12-08,전류측정,33.51,°C,정상,이영희,
EQ0138,2024-01-13,압력검사,26.9,MΩ,정상,김철수,조정완료
EQ0138,2024-03-14,전류측정,28.24,A,정상,김철수,부품교체필요
EQ0138,2024-04-12,온도측정,91.34,bar,정상,최민준,부품교체필요
EQ0138,2024-04-28,외관검사,57.9,dB,정상,김철수,청소완료
EQ0138,2024-05-25,외관검사,35.12,L/min,정상,김철수,조정완료
EQ0138,2024-07-11,외관검사,60.04,MΩ,주의,박준호,
EQ0139,2023-02-10,유량측정,53.78,°C,정상,최민준,부품교체필요
EQ0139,2023-08-29,소음진동,77.23,A,정상,최민준,윤활유 추가
EQ0139,2024-03-13,전류측정,88.1,bar,정상,최민준,부품교체필요
EQ0139,2024-04-06,절연저항,68.14,dB,정상,김철수,청소완료
EQ0139,2024-05-28,외관검사,71.47,MΩ,주의,정수현,부품교체필요
EQ0139,2024-06-22,외관검사,86.06,bar,경고,정수현,청소완료
EQ0140,2023-02-08,소음진동,44.91,MΩ,정상,최민준,윤활유 추가
EQ0140,2023-02-16,유량측정,11.21,°C,정상,이영희,조정완료
EQ0140,2023-03-13,유량측정,47.53,L/min,정상,박준호,
EQ0140,2023-04-09,유량측정,86.6,bar,불량,박준호,조정완료
EQ0140,2023-06-10,압력검사,18.21,dB,주의,정수현,조정완료
EQ0140,2023-06-30,압력검사,78.64,A,정상,이영희,윤활유 추가
EQ0140,2023-07-20,외관검사,50.98,bar,정상,최민준,윤활유 추가
EQ0140,2024-01-03,외관검사,11.67,L/min,정상,박준호,청소완료
EQ0140,2024-03-11,전류측정,86.61,dB,경고,정수현,조정완료
EQ0140,2024-03-12,전류측정,78.64,dB,정상,이영희,윤활유 추가
EQ0140,2024-07-13,절연저항,92.39,°C,정상,김철수,부품교체필요
EQ0140,2024-07-29,절연저항,51.57,A,정상,정수현,윤활유 추가
EQ0141,2023-01-02,외관검사,70.49,dB,정상,최민준,청소완료
EQ0141,2023-04-17,유량측정,75.36,°C,불량,최민준,부품교체필요
EQ0141,2023-06-04,압력검사,85.51,dB,정상,김철수,조정완료
EQ0141,2023-06-29,압력검사,39.75,A,정상,박준호,청소완료
EQ0141,2023-10-27,소음진동,93.02,°C,정상,박준호,윤활유 추가
EQ0141,2023-12-21,유량측정,52.4,°C,정상,최민준,청소완료
EQ0141,2024-02-09,외관검사,82.04,dB,불량,김철수,부품교체필요
EQ0141,2024-02-13,압력검사,99.23,bar,정상,최민준,윤활유 추가
EQ0141,2024-02-19,절연저항,89.48,L/min,정상,정수현,윤활유 추가
EQ0141,2024-03-03,온도측정,41.23,°C,정상,최민준,부품교체필요
EQ0141,2024-03-17,압력검사,54.71,L/min,정상,최민준,
EQ0141,2024-08-15,유량측정,37.38,°C,주의,박준호,청소완료
EQ0142,2023-02-05,외관검사,42.32,MΩ,정상,박준호,윤활유 추가
EQ0142,2023-04-18,압력검사,73.5,bar,정상,김철수,
EQ0142,2023-04-21,유량측정,80.77,dB,불량,최민준,청소완료
EQ0142,2023-05-26,절연저항,65.21,bar,정상,이영희,윤활유 추가
EQ0142,2023-06-13,외관검사,49.11,MΩ,경고,이영희,청소완료
EQ0142,2023-07-12,전류측정,35.62,MΩ,주의,최민준,
EQ0142,2023-10-13,절연저항,16.99,bar,주의,이영희,윤활유 추가
EQ0142,2023-12-09,절연저항,46.22,dB,정상,김철수,부품교체필요
EQ0142,2023-12-24,소음진동,97.65,dB,정상,김철수,청소완료
EQ0142,2024-03-03,전류측정,91.74,dB,정상,이영희,
EQ0142,2024-05-11,압력검사,27.35,bar,주의,박준호,부품교체필요
EQ0143,2023-04-12,절연저항,43.93,MΩ,정상,박준호,윤활유 추가
EQ0143,2023-05-29,유량측정,14.61,dB,정상,김철수,
EQ0143,2023-08-01,유량측정,61.22,bar,정상,정수현,부품교체필요
EQ0143,2023-10-21,유량측정,21.21,°C,정상,최민준,윤활유 추가
EQ0143,2024-05-02,외관검사,10.19,MΩ,정상,최민준,청소완료
EQ0143,2024-06-05,절연저항,87.59,bar,정상,정수현,조정완료
EQ0143,2024-07-12,온도측정,26.06,bar,정상,박준호,청소완료
EQ0144,2023-01-23,유량측정,63.15,dB,정상,김철수,청소완료
EQ0144,2023-02-12,전류측정,19.32,bar,정상,박준호,조정완료
EQ0144,2023-02-13,외관검사,24.3,A,정상,박준호,부품교체필요
EQ0144,2023-04-19,전류측정,91.26,MΩ,정상,정수현,조정완료
EQ0144,2023-08-16,소음진동,39.46,°C,정상,정수현,청소완료
EQ0144,2023-08-18,온도측정,86.77,dB,정상,박준호,윤활유 추가
EQ0144,2023-12-02,외관검사,70.33,bar,경고,박준호,부품교체필요
EQ0144,2024-04-05,압력검사,16.52,L/min,경고,최민준,조정완료
EQ0144,2024-04-17,절연저항,52.84,°C,정상,최민준,윤활유 추가
EQ0144,2024-06-23,소음진동,24.15,L/min,정상,박준호,윤활유 추가
EQ0145,2023-01-03,절연저항,37.34,dB,정상,정수현,윤활유 추가
EQ0145,2023-01-13,소음진동,22.7,A,정상,최민준,조정완료
EQ0145,2023-03-10,절연저항,64.59,dB,주의,최민준,부품교체필요
EQ0145,2023-06-26,전류측정,72.86,°C,정상,김철수,청소완료
EQ0145,2023-07-10,압력검사,51.49,bar,불량,박준호,
EQ0145,2024-03-07,유량측정,76.12,°C,정상,정수현,윤활유 추가
EQ0145,2024-03-21,외관검사,29.37,MΩ,주의,최민준,
EQ0145,2024-04-13,외관검사,89.35,bar,주의,김철수,부품교체필요
EQ0145,2024-05-24,온도측정,51.56,dB,정상,최민준,윤활유 추가
EQ0145,2024-06-14,소음진동,49.24,MΩ,경고,김철수,윤활유 추가
EQ0146,2023-01-23,외관검사,36.69,bar,정상,최민준,윤활유 추가
EQ0146,2023-01-28,전류측정,71.1,MΩ,정상,정수현,부품교체필요
EQ0146,2023-04-09,온도측정,50.09,A,경고,정수현,조정완료
EQ0146,2023-05-22,온도측정,36.71,L/min,경고,박준호,청소완료
EQ0146,2023-05-25,외관검사,18.13,°C,정상,최민준,청소완료
EQ0146,2023-07-22,유량측정,25.38,°C,경고,박준호,조정완료
EQ0146,2023-08-11,소음진동,20.61,A,정상,정수현,
EQ0146,2024-01-28,전류측정,49.07,MΩ,정상,이영희,부품교체필요
EQ0146,2024-07-25,절연저항,86.81,dB,정상,최민준,조정완료
EQ0146,2024-08-21,온도측정,68.46,L/min,정상,박준호,부품교체필요
EQ0147,2023-03-25,전류측정,46.89,°C,정상,최민준,조정완료
EQ0147,2023-06-28,압력검사,46.82,°C,정상,정수현,윤활유 추가
EQ0147,2023-09-28,전류측정,68.82,MΩ,정상,최민준,부품교체필요
EQ0147,2023-10-13,유량측정,71.21,dB,정상,정수현,부품교체필요
EQ0147,2023-10-20,소음진동,24.49,bar,경고,최민준,청소완료
EQ0147,2023-11-08,절연저항,65.56,bar,정상,이영희,청소완료
EQ0147,2023-12-13,외관검사,41.34,A,주의,김철수,청소완료
EQ0147,2023-12-17,절연저항,12.18,MΩ,경고,정수현,윤활유 추가
EQ0147,2024-05-12,외관검사,69.52,bar,정상,이영희,윤활유 추가
EQ0147,2024-07-01,유량측정,22.11,°C,정상,이영희,청소완료
EQ0148,2023-01-17,전류측정,15.85,MΩ,정상,이영희,윤활유 추가
EQ0148,2023-04-15,절연저항,77.96,°C,주의,박준호,
EQ0148,2023-06-16,온도측정,38.67,°C,정상,정수현,청소완료
EQ0148,2023-08-09,외관검사,52.77,dB,정상,이영희,
EQ0148,2023-08-22,소음진동,75.76,MΩ,정상,이영희,
EQ0148,2023-09-02,절연저항,50.0,bar,정상,이영희,
EQ0148,2023-10-23,전류측정,63.8,°C,불량,김철수,
EQ0148,2023-12-08,소음진동,51.03,°C,주의,최민준,청소완료
EQ0148,2023-12-13,절연저항,83.0,bar,주의,최민준,청소완료
EQ0148,2024-02-16,절연저항,43.36,dB,정상,박준호,
EQ0148,2024-05-02,소음진동,59.95,A,주의,이영희,부품교체필요
EQ0148,2024-08-18,전류측정,11.26,L/min,경고,최민준,청소완료
EQ0148,2024-08-20,전류측정,51.56,°C,정상,정수현,
EQ0149,2023-02-11,소음진동,60.2,bar,정상,김철수,부품교체필요
EQ0149,2023-04-14,온도측정,11.66,L/min,경고,김철수,조정완료
EQ0149,2023-04-14,압력검사,32.7,L/min,정상,김철수,조정완료
EQ0149,2023-07-12,소음진동,55.81,dB,정상,이영희,조정완료
EQ0149,2023-07-23,온도측정,29.25,MΩ,정상,정수현,청소완료
EQ0149,2023-10-27,소음진동,54.45,dB,정상,박준호,
EQ0149,2024-01-12,절연저항,53.42,A,불량,정수현,조정완료
EQ0149,2024-02-11,온도측정,81.87,°C,정상,박준호,청소완료
EQ0149,2024-02-14,절연저항,41.78,°C,정상,이영희,부품교체필요
EQ0149,2024-03-12,압력검사,77.55,bar,정상,정수현,조정완료
EQ0149,2024-04-03,온도측정,75.02,dB,정상,김철수,청소완료
EQ0149,2024-06-12,압력검사,45.45,A,주의,이영희,조정완료
EQ0149,2024-07-05,외관검사,25.93,L/min,정상,정수현,부품교체필요
EQ0150,2023-01-21,소음진동,41.0,°C,정상,정수현,윤활유 추가
EQ0150,2023-04-16,외관검사,70.43,MΩ,정상,정수현,
EQ0150,2023-06-18,온도측정,26.58,MΩ,정상,정수현,윤활유 추가
EQ0150,2023-08-11,압력검사,75.0,L/min,정상,최민준,부품교체필요
EQ0150,2023-08-31,유량측정,37.09,A,정상,정수현,윤활유 추가
EQ0150,2023-09-18,압력검사,60.11,°C,주의,최민준,윤활유 추가
EQ0150,2023-10-05,소음진동,51.43,L/min,정상,김철수,부품교체필요
EQ0150,2023-11-03,유량측정,19.61,°C,정상,김철수,청소완료
EQ0150,2023-12-26,외관검사,81.92,°C,정상,최민준,부품교체필요
EQ0150,2024-01-21,전류측정,14.83,dB,정상,정수현,윤활유 추가
EQ0150,2024-02-10,소음진동,46.97,A,경고,이영희,청소완료
EQ0150,2024-04-20,전류측정,97.26,A,정상,이영희,부품교체필요
EQ0150,2024-05-12,절연저항,81.7,°C,정상,정수현,청소완료
EQ0150,2024-05-20,외관검사,20.62,MΩ,정상,박준호,윤활유 추가
EQ0150,2024-06-13,전류측정,62.67,L/min,주의,정수현,조정완료
EQ0151,2023-01-18,압력검사,60.03,MΩ,정상,박준호,청소완료
EQ0151,2023-03-20,외관검사,58.44,L/min,정상,최민준,조정완료
EQ0151,2023-03-24,압력검사,58.94,MΩ,불량,정수현,윤활유 추가
EQ0151,2023-06-07,소음진동,85.1,MΩ,정상,최민준,
EQ0151,2023-10-24,유량측정,68.28,bar,주의,박준호,윤활유 추가
EQ0151,2023-12-27,외관검사,54.52,dB,정상,김철수,윤활유 추가
EQ0151,2024-07-16,온도측정,68.04,°C,주의,이영희,조정완료
EQ0152,2023-01-11,소음진동,41.65,dB,정상,박준호,청소완료
EQ0152,2023-01-31,유량측정,53.29,L/min,정상,박준호,부품교체필요
EQ0152,2023-04-07,절연저항,30.71,L/min,경고,박준호,윤활유 추가
EQ0152,2023-05-08,압력검사,27.28,bar,정상,이영희,청소완료
EQ0152,2023-07-18,유량측정,64.83,MΩ,정상,이영희,부품교체필요
EQ0152,2023-10-03,소음진동,41.85,MΩ,정상,이영희,부품교체필요
EQ0152,2023-10-08,전류측정,32.85,A,정상,이영희,부품교체필요
EQ0152,2024-02-16,외관검사,26.84,°C,경고,최민준,
EQ0152,2024-02-20,압력검사,66.01,MΩ,정상,이영희,윤활유 추가
EQ0152,2024-02-24,소음진동,50.33,MΩ,경고,최민준,청소완료
EQ0152,2024-06-23,소음진동,22.64,°C,경고,박준호,
EQ0152,2024-07-07,절연저항,84.79,dB,정상,박준호,조정완료
EQ0153,2023-01-08,외관검사,25.75,°C,경고,박준호,조정완료
EQ0153,2023-03-03,온도측정,99.43,A,정상,정수현,부품교체필요
EQ0153,2023-03-24,전류측정,60.77,A,경고,김철수,부품교체필요
EQ0153,2023-04-05,유량측정,21.77,dB,경고,정수현,조정완료
EQ0153,2023-06-19,유량측정,33.33,bar,주의,이영희,
EQ0153,2023-07-29,전류측정,63.59,MΩ,정상,정수현,부품교체필요
EQ0153,2023-08-08,절연저항,64.77,L/min,경고,박준호,윤활유 추가
EQ0153,2023-11-17,절연저항,46.57,°C,정상,정수현,
EQ0153,2023-12-07,압력검사,60.98,°C,정상,김철수,윤활유 추가
EQ0153,2024-02-07,전류측정,30.01,A,경고,박준호,윤활유 추가
EQ0153,2024-02-24,절연저항,78.29,bar,경고,정수현,부품교체필요
EQ0153,2024-05-01,소음진동,87.46,MΩ,정상,이영희,조정완료
EQ0153,2024-07-12,전류측정,73.25,L/min,경고,최민준,윤활유 추가
EQ0153,2024-07-28,외관검사,10.22,bar,정상,최민준,조정완료
EQ0154,2023-05-25,전류측정,32.64,L/min,경고,정수현,부품교체필요
EQ0154,2023-07-26,절연저항,55.57,bar,주의,최민준,조정완료
EQ0154,2023-07-26,압력검사,81.04,A,정상,이영희,
EQ0154,2023-09-10,절연저항,39.91,A,정상,최민준,조정완료
EQ0154,2023-10-27,압력검사,83.41,°C,정상,정수현,조정완료
EQ0154,2023-12-02,온도측정,28.85,L/min,불량,최민준,
EQ0154,2023-12-22,압력검사,28.43,A,정상,박준호,조정완료
EQ0154,2024-02-24,온도측정,34.65,MΩ,정상,최민준,윤활유 추가
EQ0154,2024-03-27,유량측정,43.14,dB,정상,최민준,부품교체필요
EQ0154,2024-05-02,온도측정,60.4,L/min,주의,김철수,조정완료
EQ0154,2024-05-12,외관검사,17.37,MΩ,정상,김철수,조정완료
EQ0154,2024-07-28,유량측정,34.53,L/min,정상,김철수,윤활유 추가
EQ0155,2023-01-22,전류측정,86.88,bar,정상,박준호,청소완료
EQ0155,2023-01-24,전류측정,56.12,L/min,정상,김철수,부품교체필요
EQ0155,2023-01-30,절연저항,11.82,°C,정상,최민준,윤활유 추가
EQ0155,2023-02-16,소음진동,31.56,bar,경고,정수현,부품교체필요
EQ0155,2023-02-20,전류측정,17.74,°C,주의,최민준,부품교체필요
EQ0155,2023-08-27,절연저항,75.14,°C,정상,이영희,윤활유 추가
EQ0155,2023-09-15,소음진동,91.0,dB,주의,최민준,
EQ0155,2023-10-28,유량측정,70.49,MΩ,주의,이영희,
EQ0155,2024-01-02,절연저항,92.7,°C,주의,최민준,청소완료
EQ0155,2024-01-17,압력검사,85.2,°C,경고,김철수,부품교체필요
EQ0155,2024-02-25,외관검사,26.98,L/min,주의,정수현,부품교체필요
EQ0155,2024-03-05,압력검사,92.39,A,정상,정수현,청소완료
EQ0155,2024-05-08,소음진동,63.38,bar,정상,정수현,
EQ0155,2024-06-11,절연저항,22.74,L/min,정상,정수현,조정완료
EQ0155,2024-07-21,온도측정,39.16,MΩ,경고,최민준,조정완료
EQ0156,2023-04-23,외관검사,14.72,dB,정상,박준호,
EQ0156,2023-05-17,외관검사,37.79,MΩ,정상,최민준,청소완료
EQ0156,2023-05-24,유량측정,69.79,A,정상,박준호,청소완료
EQ0156,2023-07-08,소음진동,19.17,MΩ,정상,이영희,조정완료
EQ0156,2023-07-19,온도측정,10.93,dB,정상,김철수,조정완료
EQ0156,2023-08-21,압력검사,62.17,MΩ,정상,김철수,윤활유 추가
EQ0156,2023-09-10,절연저항,52.69,bar,정상,김철수,윤활유 추가
EQ0156,2023-10-28,온도측정,12.8,bar,정상,박준호,부품교체필요
EQ0156,2023-11-07,유량측정,70.68,MΩ,정상,정수현,부품교체필요
EQ0156,2023-12-26,소음진동,14.81,L/min,정상,최민준,윤활유 추가
EQ0156,2024-04-27,절연저항,30.79,bar,정상,박준호,청소완료
EQ0156,2024-05-12,온도측정,12.08,L/min,정상,김철수,청소완료
EQ0156,2024-06-02,절연저항,16.22,dB,정상,최민준,조정완료
EQ0156,2024-07-18,압력검사,52.76,bar,주의,정수현,
EQ0156,2024-08-03,절연저항,34.58,°C,정상,박준호,청소완료
EQ0157,2023-01-18,전류측정,76.87,dB,경고,최민준,청소완료
EQ0157,2023-02-04,외관검사,69.79,bar,정상,이영희,
EQ0157,2023-03-16,유량측정,54.41,A,경고,김철수,조정완료
EQ0157,2023-04-22,압력검사,93.13,°C,정상,이영희,부품교체필요
EQ0157,2023-08-30,전류측정,30.87,bar,정상,이영희,부품교체필요
EQ0157,2023-08-31,전류측정,23.35,°C,주의,박준호,
EQ0157,2024-03-20,절연저항,75.2,dB,정상,박준호,윤활유 추가
EQ0157,2024-03-31,유량측정,22.0,A,경고,이영희,부품교체필요
EQ0157,2024-08-21,전류측정,36.76,dB,정상,김철수,부품교체필요
EQ0158,2023-02-27,압력검사,41.48,bar,정상,최민준,부품교체필요
EQ0158,2023-03-23,유량측정,44.51,A,주의,이영희,윤활유 추가
EQ0158,2023-04-27,외관검사,92.96,dB,정상,이영희,부품교체필요
EQ0158,2023-06-03,유량측정,92.58,°C,정상,박준호,조정완료
EQ0158,2023-08-23,절연저항,77.72,A,주의,김철수,
EQ0158,2024-04-02,전류측정,99.15,MΩ,주의,최민준,부품교체필요
EQ0159,2023-01-10,절연저항,81.23,MΩ,정상,김철수,
EQ0159,2023-05-23,압력검사,66.66,MΩ,경고,김철수,청소완료
EQ0159,2023-05-28,압력검사,59.09,°C,불량,이영희,
EQ0159,2023-08-17,절연저항,27.35,L/min,주의,정수현,부품교체필요
EQ0159,2023-09-19,소음진동,17.17,°C,정상,박준호,청소완료
EQ0159,2023-12-07,온도측정,73.37,dB,정상,박준호,청소완료
EQ0159,2024-02-05,압력검사,37.48,°C,정상,이영희,청소완료
EQ0160,2023-03-18,전류측정,22.83,L/min,정상,김철수,청소완료
EQ0160,2023-07-18,외관검사,78.23,bar,주의,이영희,
EQ0160,2023-08-05,외관검사,55.7,dB,정상,정수현,윤활유 추가
EQ0160,2023-09-01,절연저항,19.06,L/min,정상,최민준,부품교체필요
EQ0160,2023-12-08,온도측정,36.94,A,정상,박준호,조정완료
EQ0161,2023-04-05,외관검사,71.5,bar,정상,박준호,부품교체필요
EQ0161,2023-04-20,유량측정,44.03,L/min,주의,정수현,
EQ0161,2023-04-26,온도측정,23.9,°C,정상,정수현,부품교체필요
EQ0161,2023-06-06,전류측정,97.13,bar,주의,이영희,
EQ0161,2023-08-08,전류측정,60.19,A,정상,최민준,윤활유 추가
EQ0161,2023-08-14,유량측정,32.47,MΩ,주의,정수현,부품교체필요
EQ0161,2023-08-16,전류측정,11.61,dB,주의,이영희,부품교체필요
EQ0161,2023-09-07,외관검사,55.25,A,정상,이영희,윤활유 추가
EQ0161,2023-11-28,절연저항,14.8,°C,정상,정수현,
EQ0161,2024-01-07,압력검사,98.92,L/min,정상,최민준,
EQ0161,2024-02-27,유량측정,76.92,dB,정상,이영희,부품교체필요
EQ0161,2024-03-21,온도측정,85.45,°C,정상,이영희,청소완료
EQ0161,2024-05-11,온도측정,39.15,L/min,경고,이영희,
EQ0161,2024-08-04,압력검사,21.35,A,경고,최민준,청소완료
EQ0162,2023-04-13,전류측정,75.17,bar,정상,김철수,조정완료
EQ0162,2023-06-27,전류측정,83.95,bar,정상,박준호,조정완료
EQ0162,2024-01-09,절연저항,82.75,bar,정상,김철수,청소완료
EQ0162,2024-03-09,외관검사,55.83,A,정상,이영희,
EQ0162,2024-03-14,전류측정,89.92,MΩ,정상,김철수,윤활유 추가
EQ0163,2023-04-17,온도측정,82.51,bar,경고,김철수,조정완료
EQ0163,2023-04-26,유량측정,33.92,dB,정상,정수현,
EQ0163,2023-08-05,온도측정,29.57,MΩ,정상,이영희,
EQ0163,2023-08-30,전류측정,31.98,MΩ,정상,최민준,윤활유 추가
EQ0163,2023-08-31,절연저항,21.57,MΩ,정상,최민준,부품교체필요
EQ0163,2023-09-09,온도측정,91.39,dB,정상,이영희,청소완료
EQ0163,2024-01-09,절연저항,54.6,dB,정상,정수현,윤활유 추가
EQ0163,2024-01-16,압력검사,65.23,MΩ,주의,이영희,
EQ0163,2024-02-28,압력검사,96.53,MΩ,정상,김철수,조정완료
EQ0163,2024-04-10,외관검사,40.86,dB,정상,박준호,
EQ0163,2024-06-20,유량측정,81.21,dB,정상,정수현,부품교체필요
EQ0164,2023-02-01,절연저항,55.42,A,경고,이영희,부품교체필요
EQ0164,2023-03-20,소음진동,78.59,bar,정상,김철수,부품교체필요
EQ0164,2023-11-10,외관검사,29.42,L/min,정상,박준호,청소완료
EQ0164,2024-01-08,외관검사,36.89,L/min,정상,최민준,윤활유 추가
EQ0164,2024-02-24,외관검사,11.49,A,정상,박준호,조정완료
EQ0165,2023-01-14,절연저항,37.86,°C,정상,김철수,조정완료
EQ0165,2023-05-28,전류측정,91.12,MΩ,정상,박준호,
EQ0165,2023-12-24,소음진동,78.05,°C,정상,최민준,부품교체필요
EQ0165,2024-02-22,소음진동,27.85,MΩ,정상,정수현,윤활유 추가
EQ0165,2024-03-30,절연저항,60.13,MΩ,정상,최민준,청소완료
EQ0165,2024-04-10,전류측정,33.03,dB,경고,김철수,청소완료
EQ0165,2024-05-23,절연저항,40.3,°C,주의,김철수,
EQ0165,2024-07-02,압력검사,79.49,dB,경고,정수현,윤활유 추가
EQ0166,2023-04-07,외관검사,16.84,dB,정상,정수현,청소완료
EQ0166,2023-09-14,외관검사,24.6,dB,정상,김철수,청소완료
EQ0166,2023-10-14,온도측정,21.44,MΩ,정상,최민준,조정완료
EQ0166,2024-04-13,소음진동,50.44,L/min,정상,최민준,조정완료
EQ0166,2024-05-20,압력검사,78.47,L/min,정상,이영희,조정완료
EQ0166,2024-06-20,압력검사,36.34,A,주의,김철수,
EQ0167,2023-04-16,소음진동,21.93,L/min,주의,최민준,조정완료
EQ0167,2023-05-25,소음진동,14.7,L/min,정상,정수현,부품교체필요
EQ0167,2023-08-17,유량측정,88.31,L/min,정상,최민준,
EQ0167,2023-12-22,절연저항,75.95,A,정상,최민준,윤활유 추가
EQ0167,2023-12-31,전류측정,20.06,bar,경고,김철수,윤활유 추가
EQ0167,2024-02-14,절연저항,71.03,MΩ,정상,김철수,청소완료
EQ0167,2024-03-30,외관검사,55.71,dB,정상,이영희,
EQ0167,2024-05-08,소음진동,29.91,dB,정상,최민준,조정완료
EQ0168,2023-02-15,소음진동,33.5,dB,정상,김철수,윤활유 추가
EQ0168,2023-03-11,온도측정,37.02,MΩ,정상,최민준,부품교체필요
EQ0168,2023-03-25,전류측정,83.27,MΩ,경고,정수현,부품교체필요
EQ0168,2024-02-28,외관검사,29.94,L/min,정상,정수현,청소완료
EQ0168,2024-04-07,소음진동,20.8,MΩ,정상,김철수,조정완료
EQ0168,2024-04-19,유량측정,91.86,bar,주의,이영희,부품교체필요
EQ0168,2024-06-25,소음진동,51.56,dB,경고,이영희,조정완료
EQ0168,2024-07-28,압력검사,75.34,bar,주의,박준호,청소완료
EQ0169,2023-08-05,소음진동,82.82,bar,정상,박준호,청소완료
EQ0169,2023-10-06,압력검사,66.59,MΩ,주의,박준호,
EQ0169,2024-04-26,외관검사,20.78,°C,정상,정수현,청소완료
EQ0169,2024-07-11,온도측정,86.47,°C,정상,최민준,
EQ0169,2024-07-23,유량측정,84.3,L/min,정상,김철수,
EQ0170,2023-03-16,유량측정,89.55,MΩ,경고,최민준,윤활유 추가
EQ0170,2023-03-31,소음진동,73.39,dB,정상,최민준,윤활유 추가
EQ0170,2023-04-16,소음진동,63.97,A,정상,김철수,
EQ0170,2023-05-29,유량측정,51.45,L/min,경고,최민준,부품교체필요
EQ0170,2023-08-05,외관검사,83.4,bar,정상,정수현,청소완료
EQ0170,2023-08-17,전류측정,32.02,dB,주의,정수현,
EQ0170,2024-01-23,절연저항,36.64,dB,정상,이영희,윤활유 추가
EQ0170,2024-03-10,온도측정,80.2,MΩ,정상,최민준,조정완료
EQ0170,2024-04-03,온도측정,97.74,bar,정상,이영희,윤활유 추가
EQ0170,2024-04-25,압력검사,87.36,L/min,정상,김철수,윤활유 추가
EQ0171,2023-01-07,유량측정,95.21,bar,정상,이영희,조정완료
EQ0171,2023-02-17,외관검사,33.71,°C,정상,박준호,조정완료
EQ0171,2023-03-13,전류측정,57.89,MΩ,정상,최민준,윤활유 추가
EQ0171,2023-07-17,외관검사,92.53,bar,주의,최민준,조정완료
EQ0171,2023-08-28,전류측정,10.42,dB,경고,김철수,청소완료
EQ0171,2023-09-01,압력검사,81.24,bar,불량,이영희,부품교체필요
EQ0171,2023-12-13,압력검사,86.24,°C,정상,정수현,청소완료
EQ0171,2023-12-17,유량측정,19.0,°C,정상,김철수,
EQ0171,2024-02-03,소음진동,57.58,°C,정상,이영희,부품교체필요
EQ0171,2024-03-25,전류측정,44.84,L/min,주의,김철수,청소완료
EQ0171,2024-04-14,소음진동,71.55,A,정상,박준호,조정완료
EQ0171,2024-05-29,유량측정,39.63,dB,불량,이영희,청소완료
EQ0172,2023-02-09,절연저항,62.28,°C,정상,이영희,부품교체필요
EQ0172,2023-02-14,외관검사,67.08,A,정상,박준호,부품교체필요
EQ0172,2023-05-10,절연저항,39.61,dB,정상,정수현,조정완료
EQ0172,2023-05-18,유량측정,77.46,MΩ,주의,김철수,청소완료
EQ0172,2023-06-08,외관검사,40.48,°C,불량,정수현,윤활유 추가
EQ0172,2023-07-16,외관검사,40.59,°C,주의,정수현,부품교체필요
EQ0172,2023-07-22,절연저항,15.44,L/min,정상,박준호,윤활유 추가
EQ0172,2024-02-15,절연저항,61.74,MΩ,주의,이영희,윤활유 추가
EQ0172,2024-03-10,외관검사,46.39,L/min,주의,이영희,
EQ0172,2024-04-27,압력검사,14.85,°C,정상,이영희,조정완료
EQ0172,2024-04-28,외관검사,98.49,°C,정상,이영희,윤활유 추가
EQ0172,2024-04-30,온도측정,31.44,A,주의,이영희,부품교체필요
EQ0172,2024-06-27,압력검사,51.23,A,정상,박준호,윤활유 추가
EQ0172,2024-08-07,온도측정,93.75,dB,정상,박준호,부품교체필요
EQ0173,2023-01-22,유량측정,38.6,dB,정상,박준호,윤활유 추가
EQ0173,2023-02-08,절연저항,83.81,°C,정상,이영희,윤활유 추가
EQ0173,2023-05-03,유량측정,41.41,MΩ,주의,김철수,윤활유 추가
EQ0173,2023-09-14,절연저항,81.75,A,정상,이영희,청소완료
EQ0173,2024-04-10,온도측정,30.38,A,불량,정수현,부품교체필요
EQ0173,2024-07-27,외관검사,49.39,dB,정상,최민준,청소완료
EQ0174,2023-02-28,압력검사,48.22,dB,정상,김철수,청소완료
EQ0174,2023-03-22,전류측정,87.56,°C,정상,박준호,청소완료
EQ0174,2023-03-26,절연저항,56.67,bar,정상,김철수,윤활유 추가
EQ0174,2023-05-09,압력검사,67.52,L/min,정상,정수현,
EQ0174,2023-05-11,절연저항,30.81,bar,정상,정수현,청소완료
EQ0174,2023-05-15,전류측정,16.56,MΩ,정상,김철수,청소완료
EQ0174,2023-06-05,소음진동,82.41,dB,경고,정수현,부품교체필요
EQ0174,2023-07-13,전류측정,80.44,MΩ,정상,이영희,
EQ0174,2023-12-11,소음진동,96.18,°C,주의,김철수,조정완료
EQ0174,2024-01-29,유량측정,70.32,bar,정상,박준호,조정완료
EQ0174,2024-03-09,절연저항,16.76,MΩ,정상,김철수,부품교체필요
EQ0174,2024-05-20,절연저항,94.71,°C,불량,최민준,조정완료
EQ0174,2024-06-26,전류측정,55.81,A,정상,김철수,부품교체필요
EQ0174,2024-07-10,소음진동,97.25,°C,정상,정수현,청소완료
EQ0174,2024-07-26,절연저항,54.2,dB,정상,김철수,
EQ0175,2023-03-06,외관검사,79.85,bar,정상,김철수,청소완료
EQ0175,2023-04-05,유량측정,13.68,MΩ,정상,김철수,
EQ0175,2023-05-07,절연저항,17.41,°C,정상,김철수,윤활유 추가
EQ0175,2023-08-03,전류측정,84.11,L/min,정상,이영희,윤활유 추가
EQ0175,2023-10-19,소음진동,94.24,MΩ,정상,김철수,청소완료
EQ0175,2023-10-30,소음진동,68.35,MΩ,경고,이영희,
EQ0175,2023-12-04,외관검사,53.67,A,정상,최민준,
EQ0175,2023-12-11,절연저항,42.0,bar,불량,최민준,조정완료
EQ0175,2024-01-10,유량측정,79.91,L/min,정상,이영희,부품교체필요
EQ0175,2024-03-13,외관검사,52.58,L/min,정상,정수현,
EQ0176,2023-01-24,압력검사,86.13,°C,정상,박준호,부품교체필요
EQ0176,2023-03-25,외관검사,48.06,bar,주의,이영희,조정완료
EQ0176,2023-06-01,온도측정,63.06,A,정상,최민준,부품교체필요
EQ0176,2023-06-16,유량측정,78.86,dB,주의,박준호,
EQ0176,2023-08-06,전류측정,54.2,dB,정상,최민준,조정완료
EQ0176,2023-08-10,온도측정,40.36,L/min,정상,김철수,청소완료
EQ0176,2023-08-30,전류측정,91.76,A,정상,이영희,부품교체필요
EQ0176,2023-12-09,외관검사,98.71,dB,정상,김철수,윤활유 추가
EQ0176,2023-12-14,외관검사,26.95,dB,주의,정수현,
EQ0176,2024-01-11,전류측정,68.18,dB,불량,최민준,청소완료
EQ0176,2024-02-04,전류측정,11.11,bar,정상,이영희,
EQ0176,2024-02-09,소음진동,10.74,L/min,정상,박준호,부품교체필요
EQ0176,2024-05-05,소음진동,46.93,bar,경고,이영희,윤활유 추가
EQ0176,2024-05-18,외관검사,24.03,L/min,정상,최민준,
EQ0176,2024-06-26,유량측정,45.42,MΩ,주의,김철수,부품교체필요
EQ0177,2023-04-15,외관검사,35.34,A,정상,정수현,윤활유 추가
EQ0177,2023-05-09,외관검사,50.62,L/min,정상,김철수,부품교체필요
EQ0177,2023-08-27,외관검사,10.33,MΩ,정상,정수현,
EQ0177,2023-12-07,유량측정,35.63,°C,주의,최민준,윤활유 추가
EQ0177,2024-05-09,전류측정,77.32,°C,정상,이영희,
EQ0177,2024-07-16,온도측정,20.8,dB,경고,정수현,청소완료
EQ0178,2023-01-24,압력검사,33.86,MΩ,주의,정수현,청소완료
EQ0178,2023-02-18,소음진동,43.0,°C,주의,정수현,
EQ0178,2023-04-29,외관검사,37.35,dB,불량,최민준,윤활유 추가
EQ0178,2023-05-28,압력검사,60.61,L/min,불량,최민준,부품교체필요
EQ0178,2024-04-25,전류측정,34.06,A,정상,이영희,조정완료
EQ0178,2024-07-01,절연저항,97.48,dB,정상,박준호,부품교체필요
EQ0178,2024-07-07,압력검사,71.69,bar,정상,박준호,청소완료
EQ0179,2023-01-20,유량측정,30.37,MΩ,정상,박준호,조정완료
EQ0179,2023-01-26,외관검사,62.36,dB,주의,최민준,부품교체필요
EQ0179,2023-03-07,유량측정,65.3,bar,정상,김철수,부품교체필요
EQ0179,2023-05-03,전류측정,80.0,MΩ,정상,이영희,
EQ0179,2023-08-08,외관검사,84.36,bar,정상,이영희,청소완료
EQ0179,2023-11-28,유량측정,50.85,MΩ,정상,정수현,부품교체필요
EQ0179,2024-03-25,유량측정,80.36,MΩ,정상,이영희,윤활유 추가
EQ0179,2024-07-06,온도측정,59.14,°C,정상,이영희,부품교체필요
EQ0179,2024-07-21,전류측정,92.5,°C,정상,정수현,청소완료
EQ0179,2024-08-14,소음진동,15.83,A,정상,이영희,윤활유 추가
EQ0180,2023-02-10,온도측정,13.14,A,정상,이영희,조정완료
EQ0180,2023-03-19,전류측정,52.13,dB,경고,최민준,
EQ0180,2023-04-06,압력검사,28.77,A,경고,박준호,조정완료
EQ0180,2023-04-29,절연저항,39.18,MΩ,정상,최민준,조정완료
EQ0180,2023-06-28,압력검사,17.69,L/min,주의,박준호,윤활유 추가
EQ0180,2023-09-02,전류측정,86.45,L/min,정상,박준호,조정완료
EQ0180,2023-11-13,전류측정,51.81,A,정상,정수현,부품교체필요
EQ0180,2023-12-16,소음진동,19.08,bar,정상,정수현,청소완료
EQ0180,2024-01-16,온도측정,36.45,A,주의,정수현,조정완료
EQ0180,2024-01-22,온도측정,44.72,L/min,경고,정수현,
EQ0180,2024-02-09,온도측정,20.32,L/min,정상,이영희,윤활유 추가
EQ0180,2024-02-26,절연저항,69.36,A,주의,박준호,조정완료
EQ0180,2024-03-10,소음진동,38.92,MΩ,정상,박준호,조정완료
EQ0180,2024-05-01,유량측정,26.81,dB,정상,박준호,조정완료
EQ0180,2024-07-06,압력검사,14.83,MΩ,정상,정수현,조정완료
EQ0181,2023-03-10,외관검사,17.1,A,정상,박준호,조정완료
EQ0181,2023-03-25,유량측정,18.61,bar,정상,김철수,조정완료
EQ0181,2023-05-22,절연저항,90.14,A,정상,김철수,청소완료
EQ0181,2023-06-19,전류측정,44.89,dB,정상,이영희,
EQ0181,2023-08-04,전류측정,74.32,°C,정상,이영희,청소완료
EQ0181,2023-09-22,유량측정,75.07,L/min,정상,김철수,
EQ0181,2023-11-04,전류측정,86.49,L/min,주의,정수현,부품교체필요
EQ0181,2024-02-17,절연저항,84.38,bar,정상,김철수,청소완료
EQ0181,2024-03-23,소음진동,45.51,°C,정상,정수현,
EQ0181,2024-04-30,유량측정,44.96,dB,정상,박준호,
EQ0181,2024-06-02,절연저항,49.46,L/min,정상,박준호,윤활유 추가
EQ0181,2024-06-09,외관검사,31.69,bar,정상,이영희,조정완료
EQ0182,2023-02-01,온도측정,25.56,MΩ,정상,최민준,윤활유 추가
EQ0182,2023-02-12,외관검사,24.34,°C,정상,이영희,
EQ0182,2023-05-16,외관검사,74.95,dB,주의,박준호,부품교체필요
EQ0182,2023-06-12,전류측정,45.77,bar,정상,김철수,청소완료
EQ0182,2023-09-06,외관검사,74.99,°C,정상,정수현,청소완료
EQ0182,2024-01-23,절연저항,69.38,A,정상,정수현,조정완료
EQ0182,2024-06-29,온도측정,74.7,bar,정상,정수현,청소완료
EQ0182,2024-08-06,소음진동,35.57,A,정상,박준호,부품교체필요
EQ0183,2023-01-31,온도측정,76.09,dB,주의,최민준,부품교체필요
EQ0183,2023-07-23,외관검사,65.17,bar,경고,김철수,
EQ0183,2023-11-18,온도측정,45.22,dB,불량,이영희,청소완료
EQ0183,2023-12-28,절연저항,20.14,A,정상,최민준,부품교체필요
EQ0183,2024-06-10,압력검사,93.09,A,정상,정수현,
EQ0183,2024-07-23,외관검사,90.52,dB,정상,최민준,
EQ0183,2024-07-24,유량측정,39.54,MΩ,정상,이영희,조정완료
EQ0184,2023-01-03,압력검사,83.85,MΩ,정상,이영희,부품교체필요
EQ0184,2023-01-21,외관검사,81.91,A,정상,박준호,윤활유 추가
EQ0184,2023-02-18,절연저항,56.14,MΩ,정상,김철수,청소완료
EQ0184,2023-02-21,외관검사,37.84,dB,주의,김철수,윤활유 추가
EQ0184,2023-04-12,온도측정,53.32,MΩ,주의,정수현,부품교체필요
EQ0184,2023-06-14,압력검사,58.86,L/min,정상,박준호,청소완료
EQ0184,2023-08-22,압력검사,65.27,bar,정상,정수현,청소완료
EQ0184,2023-09-19,압력검사,25.69,bar,정상,김철수,조정완료
EQ0184,2023-11-04,절연저항,88.71,dB,정상,정수현,청소완료
EQ0184,2023-12-19,유량측정,82.18,bar,정상,김철수,조정완료
EQ0184,2024-02-01,온도측정,44.35,L/min,정상,김철수,
EQ0184,2024-06-12,압력검사,76.98,dB,주의,박준호,조정완료
EQ0184,2024-06-26,유량측정,14.99,bar,불량,정수현,청소완료
EQ0185,2023-01-27,외관검사,60.11,°C,정상,최민준,윤활유 추가
EQ0185,2023-03-08,유량측정,92.7,dB,불량,정수현,청소완료
EQ0185,2023-03-15,외관검사,61.45,°C,불량,박준호,
EQ0185,2023-04-17,외관검사,56.59,L/min,불량,최민준,윤활유 추가
EQ0185,2023-05-07,소음진동,17.22,dB,불량,박준호,
EQ0185,2023-05-31,유량측정,25.62,MΩ,정상,최민준,청소완료
EQ0185,2023-06-08,소음진동,58.38,MΩ,정상,최민준,
EQ0185,2023-09-16,온도측정,40.08,MΩ,주의,박준호,윤활유 추가
EQ0185,2023-10-14,압력검사,66.09,L/min,정상,이영희,부품교체필요
EQ0185,2024-02-03,유량측정,38.64,MΩ,정상,최민준,부품교체필요
EQ0185,2024-05-17,소음진동,40.08,bar,정상,박준호,윤활유 추가
EQ0185,2024-05-30,소음진동,87.99,L/min,불량,김철수,부품교체필요
EQ0185,2024-07-05,유량측정,46.0,bar,정상,박준호,윤활유 추가
EQ0186,2023-03-03,전류측정,65.19,MΩ,정상,최민준,윤활유 추가
EQ0186,2023-09-01,소음진동,88.47,A,경고,이영희,조정완료
EQ0186,2024-05-10,소음진동,78.82,dB,정상,최민준,윤활유 추가
EQ0186,2024-06-10,전류측정,87.46,dB,주의,최민준,조정완료
EQ0186,2024-06-20,소음진동,83.18,MΩ,정상,최민준,
EQ0186,2024-07-03,절연저항,55.58,bar,정상,정수현,부품교체필요
EQ0187,2023-01-24,외관검사,50.69,L/min,정상,최민준,윤활유 추가
EQ0187,2023-04-12,유량측정,33.88,°C,주의,이영희,청소완료
EQ0187,2023-06-22,절연저항,24.48,bar,정상,박준호,
EQ0187,2023-08-29,온도측정,20.85,°C,경고,최민준,
EQ0187,2024-03-13,유량측정,25.29,bar,경고,김철수,청소완료
EQ0187,2024-05-01,전류측정,95.1,°C,경고,최민준,조정완료
EQ0187,2024-06-11,압력검사,27.95,MΩ,정상,박준호,조정완료
EQ0187,2024-08-11,온도측정,64.3,MΩ,주의,정수현,청소완료
EQ0188,2023-01-20,전류측정,18.39,MΩ,정상,최민준,부품교체필요
EQ0188,2023-02-02,유량측정,94.14,A,정상,최민준,청소완료
EQ0188,2024-01-11,소음진동,31.3,MΩ,불량,박준호,
EQ0188,2024-01-27,외관검사,60.9,bar,주의,정수현,청소완료
EQ0188,2024-03-16,외관검사,51.77,L/min,주의,박준호,윤활유 추가
EQ0188,2024-08-11,소음진동,13.89,dB,주의,최민준,부품교체필요
EQ0189,2023-03-23,소음진동,26.74,°C,정상,정수현,
EQ0189,2023-04-17,전류측정,70.78,dB,정상,박준호,청소완료
EQ0189,2023-09-13,절연저항,36.95,°C,정상,김철수,윤활유 추가
EQ0189,2023-09-22,절연저항,85.57,bar,경고,김철수,
EQ0189,2023-10-19,압력검사,34.82,dB,정상,최민준,
EQ0189,2024-04-10,절연저항,98.32,MΩ,정상,정수현,윤활유 추가
EQ0189,2024-04-29,유량측정,75.37,°C,정상,박준호,청소완료
EQ0189,2024-07-06,외관검사,78.72,MΩ,정상,정수현,부품교체필요
EQ0189,2024-08-01,절연저항,22.63,A,정상,최민준,윤활유 추가
EQ0190,2023-05-10,압력검사,68.84,MΩ,정상,정수현,윤활유 추가
EQ0190,2023-05-26,전류측정,93.24,bar,정상,이영희,부품교체필요
EQ0190,2023-06-17,압력검사,51.55,L/min,정상,최민준,조정완료
EQ0190,2023-07-18,압력검사,25.63,°C,정상,이영희,윤활유 추가
EQ0190,2023-07-26,외관검사,74.13,dB,주의,박준호,윤활유 추가
EQ0190,2023-08-16,압력검사,66.29,dB,정상,박준호,청소완료
EQ0190,2023-08-26,외관검사,62.36,bar,정상,최민준,부품교체필요
EQ0190,2023-09-07,온도측정,87.07,MΩ,주의,정수현,윤활유 추가
EQ0190,2023-11-30,유량측정,25.29,L/min,주의,정수현,부품교체필요
EQ0190,2023-12-21,소음진동,92.03,°C,정상,최민준,부품교체필요
EQ0190,2024-01-19,온도측정,15.98,bar,정상,박준호,청소완료
EQ0190,2024-02-02,온도측정,18.91,L/min,정상,김철수,청소완료
EQ0190,2024-02-09,소음진동,79.58,MΩ,정상,최민준,조정완료
EQ0190,2024-02-09,외관검사,57.66,°C,정상,최민준,부품교체필요
EQ0191,2023-01-13,소음진동,57.89,A,주의,정수현,
EQ0191,2023-06-21,압력검사,49.06,MΩ,정상,이영희,윤활유 추가
EQ0191,2023-08-22,절연저항,21.2,L/min,정상,김철수,윤활유 추가
EQ0191,2023-09-02,압력검사,58.33,dB,정상,최민준,부품교체필요
EQ0191,2024-01-17,압력검사,76.08,bar,정상,정수현,조정완료
EQ0191,2024-05-26,소음진동,64.97,°C,경고,박준호,청소완료
EQ0192,2023-03-30,외관검사,27.08,L/min,정상,이영희,부품교체필요
EQ0192,2023-05-14,압력검사,48.91,dB,주의,박준호,부품교체필요
EQ0192,2023-06-05,온도측정,34.99,A,정상,이영희,청소완료
EQ0192,2023-06-15,전류측정,84.24,dB,정상,박준호,청소완료
EQ0192,2023-11-06,절연저항,47.95,L/min,불량,박준호,윤활유 추가
EQ0192,2023-11-14,절연저항,61.55,dB,경고,정수현,조정완료
EQ0192,2024-01-09,절연저항,68.51,MΩ,경고,이영희,윤활유 추가
EQ0192,2024-03-23,전류측정,61.19,MΩ,정상,최민준,부품교체필요
EQ0192,2024-04-09,온도측정,76.83,°C,정상,김철수,청소완료
EQ0192,2024-06-01,소음진동,78.54,L/min,정상,이영희,부품교체필요
EQ0193,2023-03-17,전류측정,18.53,MΩ,경고,최민준,
EQ0193,2023-04-22,외관검사,34.54,L/min,정상,박준호,부품교체필요
EQ0193,2023-06-17,외관검사,34.47,L/min,불량,김철수,
EQ0193,2023-09-21,절연저항,39.29,dB,주의,박준호,윤활유 추가
EQ0193,2023-10-29,절연저항,40.46,dB,주의,박준호,조정완료
EQ0193,2023-12-05,온도측정,76.48,L/min,불량,최민준,부품교체필요
EQ0194,2023-03-19,압력검사,96.12,bar,정상,박준호,
EQ0194,2023-08-09,온도측정,11.8,bar,정상,정수현,조정완료
EQ0194,2023-09-26,절연저항,86.86,A,정상,김철수,부품교체필요
EQ0194,2023-10-18,절연저항,54.4,°C,정상,정수현,윤활유 추가
EQ0194,2023-11-08,절연저항,58.28,bar,정상,최민준,청소완료
EQ0194,2024-02-22,소음진동,95.04,A,정상,이영희,부품교체필요
EQ0194,2024-05-02,소음진동,87.67,bar,경고,정수현,조정완료
EQ0194,2024-05-03,압력검사,92.04,dB,정상,김철수,
EQ0194,2024-05-30,외관검사,55.01,A,정상,김철수,조정완료
EQ0194,2024-06-01,압력검사,32.29,°C,정상,김철수,
EQ0194,2024-06-27,외관검사,22.39,dB,경고,박준호,부품교체필요
EQ0194,2024-07-07,외관검사,70.64,dB,정상,최민준,부품교체필요
EQ0195,2023-03-05,소음진동,17.15,A,정상,박준호,조정완료
EQ0195,2023-06-07,소음진동,33.48,A,경고,김철수,
EQ0195,2023-06-21,소음진동,84.16,bar,정상,김철수,청소완료
EQ0195,2023-10-06,소음진동,83.18,A,주의,이영희,부품교체필요
EQ0195,2023-10-19,전류측정,51.34,L/min,정상,김철수,청소완료
EQ0195,2023-11-04,유량측정,26.66,A,정상,이영희,부품교체필요
EQ0195,2023-12-17,전류측정,46.41,°C,경고,최민준,윤활유 추가
EQ0195,2024-01-03,절연저항,10.23,bar,정상,이영희,청소완료
EQ0195,2024-01-28,소음진동,79.34,°C,정상,최민준,청소완료
EQ0195,2024-02-08,압력검사,99.76,A,정상,박준호,부품교체필요
EQ0195,2024-03-04,유량측정,88.58,L/min,정상,정수현,조정완료
EQ0195,2024-05-28,전류측정,60.03,°C,정상,김철수,
EQ0196,2023-03-07,온도측정,72.1,A,정상,이영희,조정완료
EQ0196,2023-08-24,소음진동,28.45,MΩ,정상,김철수,조정완료
EQ0196,2023-09-06,압력검사,55.99,bar,경고,박준호,조정완료
EQ0196,2023-11-30,전류측정,84.83,bar,정상,최민준,청소완료
EQ0196,2024-04-13,소음진동,29.35,bar,정상,정수현,조정완료
EQ0196,2024-04-13,절연저항,28.21,bar,정상,이영희,
EQ0196,2024-06-30,소음진동,77.3,A,정상,정수현,부품교체필요
EQ0197,2023-02-05,온도측정,27.49,L/min,주의,김철수,윤활유 추가
EQ0197,2023-03-07,소음진동,93.71,L/min,정상,최민준,부품교체필요
EQ0197,2023-06-05,유량측정,61.5,dB,경고,박준호,부품교체필요
EQ0197,2023-06-26,유량측정,80.63,bar,경고,박준호,부품교체필요
EQ0197,2023-07-03,전류측정,55.51,A,정상,이영희,조정완료
EQ0197,2023-08-14,유량측정,85.91,°C,정상,박준호,조정완료
EQ0197,2023-11-22,절연저항,62.17,°C,불량,박준호,윤활유 추가
EQ0197,2023-11-25,전류측정,49.98,dB,정상,정수현,
EQ0197,2024-02-19,유량측정,44.99,dB,정상,정수현,조정완료
EQ0197,2024-02-28,온도측정,12.47,MΩ,정상,정수현,
EQ0197,2024-05-05,압력검사,47.86,MΩ,정상,최민준,
EQ0198,2023-04-21,압력검사,85.08,dB,정상,이영희,부품교체필요
EQ0198,2023-06-25,소음진동,70.38,L/min,정상,최민준,윤활유 추가
EQ0198,2024-01-06,외관검사,69.55,dB,정상,정수현,
EQ0198,2024-03-31,온도측정,96.96,L/min,정상,박준호,부품교체필요
EQ0198,2024-05-25,소음진동,98.57,MΩ,정상,이영희,윤활유 추가
EQ0198,2024-07-29,유량측정,38.6,MΩ,경고,최민준,
EQ0199,2023-02-15,온도측정,41.33,bar,정상,이영희,
EQ0199,2023-03-19,소음진동,42.3,L/min,경고,김철수,윤활유 추가
EQ0199,2023-03-20,절연저항,82.26,bar,정상,정수현,윤활유 추가
EQ0199,2023-06-05,소음진동,15.75,bar,주의,정수현,부품교체필요
EQ0199,2023-09-08,온도측정,99.57,MΩ,정상,정수현,부품교체필요
EQ0199,2023-09-29,온도측정,65.1,A,정상,최민준,윤활유 추가
EQ0199,2023-12-30,온도측정,83.26,°C,정상,최민준,윤활유 추가
EQ0200,2023-01-23,절연저항,31.15,MΩ,불량,김철수,
EQ0200,2023-04-28,절연저항,59.95,L/min,정상,이영희,윤활유 추가
EQ0200,2023-05-03,소음진동,86.06,MΩ,경고,이영희,청소완료
EQ0200,2023-05-23,압력검사,44.03,A,정상,박준호,
EQ0200,2023-07-01,외관검사,20.83,bar,경고,최민준,청소완료
EQ0200,2023-10-06,온도측정,86.76,°C,정상,최민준,부품교체필요
EQ0200,2023-10-21,외관검사,27.86,°C,경고,박준호,
EQ0200,2024-01-31,외관검사,19.89,°C,정상,최민준,
EQ0200,2024-03-18,압력검사,77.16,dB,정상,최민준,조정완료
EQ0200,2024-03-21,소음진동,40.38,A,정상,최민준,조정완료
EQ0200,2024-04-02,외관검사,60.4,°C,정상,정수현,청소완료
EQ0200,2024-04-02,온도측정,58.47,dB,정상,정수현,조정완료
EQ0200,2024-05-07,전류측정,50.87,A,정상,최민준,청소완료
EQ0200,2024-05-23,전류측정,73.45,A,정상,정수현,윤활유 추가
EQ0200,2024-06-03,압력검사,24.76,°C,정상,김철수,부품교체필요
EQ0201,2023-02-28,절연저항,38.53,A,주의,이영희,윤활유 추가
EQ0201,2023-05-10,온도측정,72.77,dB,주의,이영희,조정완료
EQ0201,2023-06-05,외관검사,78.67,MΩ,정상,이영희,윤활유 추가
EQ0201,2023-06-07,온도측정,23.62,L/min,정상,김철수,
EQ0201,2023-12-18,소음진동,22.86,bar,정상,최민준,청소완료
EQ0201,2024-01-17,외관검사,40.66,bar,정상,최민준,윤활유 추가
EQ0201,2024-04-20,외관검사,48.72,MΩ,정상,이영희,
EQ0201,2024-04-24,전류측정,29.72,MΩ,정상,김철수,
EQ0201,2024-07-11,소음진동,43.59,bar,정상,박준호,부품교체필요
EQ0201,2024-07-15,전류측정,45.07,bar,정상,이영희,
EQ0202,2023-05-15,압력검사,61.14,L/min,경고,박준호,청소완료
EQ0202,2023-06-12,외관검사,75.16,bar,정상,박준호,부품교체필요
EQ0202,2023-08-14,외관검사,43.82,dB,정상,정수현,조정완료
EQ0202,2023-08-18,외관검사,38.64,dB,정상,최민준,
EQ0202,2024-02-04,소음진동,51.82,bar,주의,정수현,
EQ0202,2024-03-02,소음진동,80.67,bar,정상,이영희,청소완료
EQ0202,2024-03-03,압력검사,75.71,A,정상,이영희,윤활유 추가
EQ0203,2023-03-30,압력검사,93.65,bar,정상,이영희,청소완료
EQ0203,2023-12-29,소음진동,40.43,L/min,주의,이영희,윤활유 추가
EQ0203,2024-01-09,절연저항,97.99,dB,경고,김철수,청소완료
EQ0203,2024-04-12,외관검사,78.6,L/min,정상,최민준,청소완료
EQ0203,2024-04-27,절연저항,11.23,MΩ,정상,김철수,
EQ0204,2023-02-27,압력검사,22.19,A,정상,정수현,윤활유 추가
EQ0204,2023-03-07,온도측정,25.7,MΩ,주의,최민준,부품교체필요
EQ0204,2023-06-17,온도측정,55.86,L/min,정상,박준호,조정완료
EQ0204,2023-08-09,소음진동,89.63,bar,정상,이영희,부품교체필요
EQ0204,2023-08-25,소음진동,20.92,MΩ,정상,최민준,조정완료
EQ0204,2023-11-05,유량측정,56.44,dB,정상,박준호,청소완료
EQ0204,2023-11-26,외관검사,18.66,A,정상,최민준,
EQ0204,2023-11-30,압력검사,34.43,A,정상,최민준,윤활유 추가
EQ0204,2023-12-14,압력검사,63.91,dB,정상,박준호,청소완료
EQ0204,2023-12-22,절연저항,83.51,L/min,정상,김철수,
EQ0204,2024-02-11,온도측정,84.84,A,정상,박준호,청소완료
EQ0204,2024-04-04,온도측정,98.24,dB,정상,박준호,조정완료
EQ0204,2024-04-04,온도측정,39.02,bar,정상,박준호,조정완료
EQ0205,2023-04-22,소음진동,96.68,°C,정상,박준호,부품교체필요
EQ0205,2023-08-04,압력검사,73.17,dB,정상,이영희,
EQ0205,2023-09-13,온도측정,87.05,A,주의,박준호,조정완료
EQ0205,2023-12-13,외관검사,93.79,dB,주의,박준호,윤활유 추가
EQ0205,2024-02-26,외관검사,28.42,MΩ,정상,정수현,
EQ0205,2024-07-09,절연저항,68.91,bar,주의,최민준,
EQ0205,2024-07-14,온도측정,57.22,MΩ,주의,정수현,조정완료
EQ0206,2023-02-10,온도측정,46.17,bar,정상,박준호,
EQ0206,2023-03-23,압력검사,23.57,A,경고,김철수,조정완료
EQ0206,2023-04-13,소음진동,26.51,A,정상,최민준,
EQ0206,2023-05-19,소음진동,32.18,dB,정상,정수현,조정완료
EQ0206,2023-07-16,소음진동,92.59,dB,정상,김철수,윤활유 추가
EQ0206,2023-10-03,외관검사,97.73,L/min,주의,김철수,부품교체필요
EQ0206,2023-10-11,전류측정,63.23,dB,정상,김철수,부품교체필요
EQ0206,2023-10-14,온도측정,17.81,°C,주의,정수현,
EQ0206,2024-02-03,온도측정,71.7,bar,정상,최민준,윤활유 추가
EQ0207,2023-02-02,전류측정,30.11,bar,정상,정수현,
EQ0207,2023-05-15,온도측정,85.74,MΩ,정상,정수현,윤활유 추가
EQ0207,2023-06-19,절연저항,32.03,°C,주의,최민준,조정완료
EQ0207,2023-07-08,온도측정,29.51,L/min,정상,이영희,
EQ0207,2023-10-29,소음진동,11.36,°C,정상,정수현,부품교체필요
EQ0207,2023-11-30,온도측정,11.74,dB,정상,정수현,조정완료
EQ0207,2023-12-11,소음진동,35.83,MΩ,정상,박준호,윤활유 추가
EQ0207,2023-12-29,절연저항,28.02,dB,정상,정수현,부품교체필요
EQ0207,2024-02-03,유량측정,16.53,A,정상,정수현,부품교체필요
EQ0207,2024-03-13,온도측정,82.21,A,정상,정수현,청소완료
EQ0207,2024-03-22,유량측정,78.38,A,정상,김철수,조정완료
EQ0207,2024-04-27,소음진동,84.8,dB,정상,김철수,부품교체필요
EQ0207,2024-06-18,압력검사,11.74,°C,정상,정수현,
EQ0207,2024-06-25,온도측정,64.51,dB,정상,김철수,윤활유 추가
EQ0207,2024-07-15,전류측정,28.15,°C,경고,정수현,
EQ0208,2023-05-10,전류측정,93.82,dB,주의,최민준,청소완료
EQ0208,2023-08-10,소음진동,26.82,L/min,주의,정수현,청소완료
EQ0208,2023-12-21,유량측정,39.34,L/min,정상,김철수,윤활유 추가
EQ0208,2024-01-26,압력검사,89.23,A,정상,김철수,조정완료
EQ0208,2024-07-15,전류측정,79.34,dB,경고,박준호,청소완료
EQ0209,2023-02-14,절연저항,16.43,A,불량,이영희,
EQ0209,2024-01-15,온도측정,64.25,L/min,정상,김철수,윤활유 추가
EQ0209,2024-01-25,전류측정,60.65,A,정상,박준호,조정완료
EQ0209,2024-02-01,외관검사,49.15,dB,정상,이영희,청소완료
EQ0209,2024-05-26,외관검사,47.81,L/min,정상,박준호,청소완료
EQ0210,2023-03-31,소음진동,51.49,MΩ,정상,박준호,청소완료
EQ0210,2023-05-14,유량측정,73.47,dB,정상,김철수,윤활유 추가
EQ0210,2023-05-25,소음진동,54.67,A,경고,김철수,부품교체필요
EQ0210,2023-06-28,소음진동,25.26,L/min,정상,김철수,윤활유 추가
EQ0210,2023-07-28,전류측정,69.12,L/min,주의,김철수,
EQ0210,2023-09-28,온도측정,70.1,A,주의,최민준,조정완료
EQ0210,2023-10-05,전류측정,31.32,MΩ,정상,최민준,윤활유 추가
EQ0210,2023-10-16,유량측정,78.8,MΩ,정상,김철수,청소완료
EQ0210,2023-10-20,압력검사,21.4,L/min,정상,박준호,
EQ0210,2023-11-24,소음진동,73.43,MΩ,정상,최민준,윤활유 추가
EQ0210,2024-02-19,온도측정,68.14,L/min,정상,이영희,
EQ0210,2024-04-16,전류측정,93.68,L/min,정상,박준호,
EQ0210,2024-04-18,전류측정,22.67,°C,정상,김철수,청소완료
EQ0210,2024-05-24,온도측정,15.41,dB,정상,박준호,
EQ0210,2024-05-30,온도측정,98.1,°C,정상,최민준,윤활유 추가
EQ0211,2023-02-08,외관검사,63.89,dB,정상,김철수,윤활유 추가
EQ0211,2023-04-21,온도측정,22.33,A,정상,김철수,윤활유 추가
EQ0211,2023-06-25,절연저항,49.0,A,정상,최민준,부품교체필요
EQ0211,2023-10-14,온도측정,38.36,MΩ,경고,박준호,부품교체필요
EQ0211,2024-02-01,외관검사,13.49,dB,불량,김철수,청소완료
EQ0211,2024-05-23,외관검사,46.96,A,정상,박준호,윤활유 추가
EQ0211,2024-05-26,유량측정,34.47,MΩ,정상,최민준,청소완료
EQ0212,2023-03-03,전류측정,56.19,L/min,정상,이영희,
EQ0212,2023-05-01,유량측정,48.01,bar,주의,김철수,
EQ0212,2023-09-01,전류측정,55.56,A,주의,김철수,
EQ0212,2023-11-18,압력검사,18.6,A,정상,김철수,윤활유 추가
EQ0212,2023-12-09,온도측정,95.4,A,정상,김철수,부품교체필요
EQ0212,2024-04-21,유량측정,83.54,L/min,정상,최민준,부품교체필요
EQ0212,2024-05-14,온도측정,12.49,°C,정상,이영희,부품교체필요
EQ0213,2023-03-06,압력검사,72.62,dB,주의,박준호,윤활유 추가
EQ0213,2023-03-15,압력검사,23.35,MΩ,불량,정수현,청소완료
EQ0213,2023-03-29,소음진동,23.53,dB,정상,정수현,청소완료
EQ0213,2023-04-26,절연저항,54.3,MΩ,정상,박준호,윤활유 추가
EQ0213,2023-07-21,전류측정,31.48,L/min,주의,김철수,부품교체필요
EQ0213,2023-12-01,소음진동,51.09,MΩ,정상,박준호,
EQ0213,2024-02-23,압력검사,62.38,L/min,경고,이영희,윤활유 추가
EQ0213,2024-04-22,전류측정,74.73,L/min,경고,최민준,부품교체필요
EQ0213,2024-05-12,압력검사,76.64,°C,경고,박준호,
EQ0213,2024-05-24,전류측정,87.39,°C,정상,박준호,부품교체필요
EQ0213,2024-07-22,절연저항,48.81,dB,정상,정수현,윤활유 추가
EQ0213,2024-08-05,온도측정,87.74,°C,정상,이영희,윤활유 추가
EQ0214,2023-02-01,압력검사,85.95,A,정상,정수현,
EQ0214,2023-02-18,온도측정,62.75,bar,정상,김철수,윤활유 추가
EQ0214,2023-03-31,압력검사,97.23,dB,정상,김철수,조정완료
EQ0214,2023-07-20,외관검사,35.91,A,정상,박준호,청소완료
EQ0214,2023-07-29,외관검사,17.09,MΩ,정상,최민준,
EQ0214,2023-12-28,절연저항,67.0,bar,정상,정수현,윤활유 추가
EQ0214,2024-02-12,압력검사,98.52,L/min,정상,김철수,
EQ0214,2024-02-20,전류측정,79.26,L/min,정상,정수현,윤활유 추가
EQ0214,2024-05-05,외관검사,69.36,L/min,경고,김철수,윤활유 추가
EQ0214,2024-05-14,압력검사,30.23,bar,정상,김철수,조정완료
EQ0214,2024-06-07,압력검사,54.29,dB,경고,최민준,윤활유 추가
EQ0214,2024-06-27,전류측정,10.95,L/min,정상,박준호,청소완료
EQ0214,2024-07-27,외관검사,63.42,L/min,정상,정수현,윤활유 추가
EQ0215,2023-04-20,압력검사,39.55,MΩ,정상,이영희,윤활유 추가
EQ0215,2023-05-13,전류측정,66.33,bar,정상,김철수,윤활유 추가
EQ0215,2023-07-03,압력검사,14.48,A,정상,정수현,
EQ0215,2023-11-02,소음진동,97.6,L/min,정상,김철수,부품교체필요
EQ0215,2023-11-14,전류측정,42.54,A,불량,김철수,
EQ0215,2023-11-24,소음진동,15.54,MΩ,정상,박준호,조정완료
EQ0215,2024-01-28,압력검사,45.16,dB,경고,최민준,부품교체필요
EQ0215,2024-02-23,소음진동,58.96,L/min,정상,이영희,조정완료
EQ0215,2024-04-18,전류측정,25.14,°C,정상,박준호,청소완료
EQ0215,2024-04-28,전류측정,85.28,dB,정상,정수현,윤활유 추가
EQ0215,2024-06-18,온도측정,98.79,°C,정상,김철수,
EQ0215,2024-06-26,온도측정,68.97,°C,주의,박준호,조정완료
EQ0215,2024-08-19,유량측정,27.55,°C,정상,이영희,조정완료
EQ0216,2023-02-13,절연저항,52.22,bar,정상,정수현,윤활유 추가
EQ0216,2023-03-18,압력검사,40.14,bar,정상,이영희,윤활유 추가
EQ0216,2023-04-19,외관검사,86.57,dB,정상,최민준,
EQ0216,2023-06-01,압력검사,86.38,dB,주의,이영희,부품교체필요
EQ0216,2023-07-26,유량측정,94.24,bar,정상,박준호,
EQ0216,2023-08-02,유량측정,41.94,MΩ,정상,정수현,부품교체필요
EQ0216,2023-10-31,절연저항,53.92,°C,정상,김철수,부품교체필요
EQ0216,2023-11-19,압력검사,94.45,bar,주의,정수현,청소완료
EQ0216,2024-01-31,온도측정,90.04,°C,정상,최민준,청소완료
EQ0216,2024-02-06,소음진동,53.37,MΩ,정상,이영희,조정완료
EQ0216,2024-02-17,절연저항,40.74,MΩ,정상,김철수,조정완료
EQ0216,2024-03-16,유량측정,63.34,dB,경고,박준호,윤활유 추가
EQ0216,2024-04-28,절연저항,77.91,A,정상,김철수,부품교체필요
EQ0216,2024-06-08,유량측정,84.37,A,주의,정수현,
EQ0216,2024-07-06,절연저항,30.8,dB,경고,최민준,
EQ0217,2023-01-31,압력검사,89.99,bar,정상,김철수,
EQ0217,2023-04-08,유량측정,72.8,L/min,정상,박준호,부품교체필요
EQ0217,2023-05-20,압력검사,79.99,MΩ,정상,박준호,청소완료
EQ0217,2023-09-02,소음진동,34.12,A,정상,이영희,조정완료
EQ0217,2023-11-11,압력검사,20.79,MΩ,주의,정수현,조정완료
EQ0217,2023-11-28,압력검사,34.59,dB,정상,최민준,
EQ0217,2024-02-25,전류측정,65.34,MΩ,정상,김철수,청소완료
EQ0217,2024-03-16,외관검사,34.46,A,정상,이영희,윤활유 추가
EQ0218,2023-02-17,소음진동,43.49,°C,경고,정수현,청소완료
EQ0218,2023-03-03,전류측정,85.97,bar,정상,정수현,청소완료
EQ0218,2023-03-06,외관검사,44.95,L/min,정상,이영희,청소완료
EQ0218,2023-03-12,전류측정,28.33,dB,정상,김철수,조정완료
EQ0218,2023-03-24,전류측정,27.91,dB,경고,최민준,조정완료
EQ0218,2023-07-14,절연저항,46.78,bar,주의,정수현,부품교체필요
EQ0218,2023-10-20,절연저항,71.03,L/min,정상,최민준,부품교체필요
EQ0218,2023-10-29,압력검사,93.94,A,정상,정수현,조정완료
EQ0218,2023-11-17,온도측정,39.72,bar,정상,이영희,부품교체필요
EQ0218,2023-12-10,소음진동,81.04,A,정상,최민준,윤활유 추가
EQ0218,2024-01-20,전류측정,46.4,A,정상,김철수,윤활유 추가
EQ0218,2024-03-24,전류측정,25.37,bar,정상,이영희,청소완료
EQ0219,2023-01-23,소음진동,58.14,dB,불량,정수현,조정완료
EQ0219,2023-02-15,외관검사,33.86,°C,정상,최민준,조정완료
EQ0219,2023-04-20,유량측정,87.35,MΩ,경고,최민준,
EQ0219,2023-05-03,전류측정,51.16,A,정상,박준호,
EQ0219,2023-05-18,외관검사,17.86,bar,정상,김철수,조정완료
EQ0219,2023-06-07,외관검사,88.54,A,정상,정수현,부품교체필요
EQ0219,2023-06-26,외관검사,63.43,bar,경고,최민준,청소완료
EQ0219,2023-07-07,전류측정,46.22,MΩ,정상,최민준,조정완료
EQ0219,2023-10-05,압력검사,98.01,A,정상,정수현,부품교체필요
EQ0219,2023-10-26,외관검사,26.8,dB,주의,김철수,조정완료
EQ0219,2024-01-06,압력검사,89.16,A,정상,최민준,조정완료
EQ0219,2024-01-12,압력검사,12.25,°C,경고,박준호,청소완료
EQ0219,2024-06-04,소음진동,23.59,MΩ,주의,이영희,부품교체필요
EQ0220,2023-02-10,절연저항,55.2,bar,정상,김철수,청소완료
EQ0220,2023-03-27,유량측정,18.82,A,정상,이영희,청소완료
EQ0220,2023-04-14,압력검사,49.9,L/min,정상,이영희,윤활유 추가
EQ0220,2023-06-05,유량측정,40.17,L/min,주의,정수현,
EQ0220,2023-06-13,절연저항,21.87,dB,경고,김철수,조정완료
EQ0220,2023-06-26,소음진동,56.72,L/min,주의,박준호,부품교체필요
EQ0220,2023-07-14,온도측정,60.8,A,정상,김철수,청소완료
EQ0220,2023-09-20,압력검사,81.84,MΩ,경고,정수현,윤활유 추가
EQ0220,2024-03-18,전류측정,16.05,°C,주의,이영희,조정완료
EQ0220,2024-05-10,유량측정,16.41,bar,정상,정수현,조정완료
EQ0221,2023-01-21,소음진동,44.59,A,경고,박준호,조정완료
EQ0221,2023-06-02,압력검사,62.13,°C,경고,이영희,부품교체필요
EQ0221,2023-10-05,압력검사,21.09,bar,정상,박준호,청소완료
EQ0221,2024-04-08,소음진동,76.7,MΩ,정상,최민준,
EQ0221,2024-06-15,유량측정,93.79,MΩ,주의,김철수,
EQ0222,2023-04-03,절연저항,45.51,L/min,정상,최민준,
EQ0222,2023-05-22,절연저항,40.4,bar,정상,이영희,청소완료
EQ0222,2023-06-07,압력검사,16.24,L/min,경고,이영희,조정완료
EQ0222,2023-06-09,유량측정,95.2,°C,정상,최민준,청소완료
EQ0222,2023-07-04,압력검사,70.64,MΩ,경고,정수현,청소완료
EQ0222,2023-10-04,압력검사,94.22,MΩ,정상,최민준,윤활유 추가
EQ0222,2023-10-04,압력검사,43.02,L/min,정상,김철수,청소완료
EQ0222,2023-12-18,온도측정,26.94,L/min,정상,이영희,조정완료
EQ0222,2024-02-22,유량측정,20.65,bar,정상,최민준,조정완료
EQ0222,2024-07-08,전류측정,74.39,dB,정상,김철수,청소완료
EQ0222,2024-07-29,외관검사,14.43,MΩ,정상,정수현,청소완료
EQ0223,2023-01-13,절연저항,23.11,MΩ,정상,정수현,윤활유 추가
EQ0223,2023-03-05,절연저항,13.81,dB,정상,최민준,조정완료
EQ0223,2023-09-06,유량측정,80.55,bar,경고,정수현,윤활유 추가
EQ0223,2023-12-26,유량측정,31.37,MΩ,정상,정수현,윤활유 추가
EQ0223,2024-02-28,외관검사,24.26,MΩ,정상,정수현,
EQ0223,2024-03-02,소음진동,64.26,°C,경고,김철수,조정완료
EQ0223,2024-04-04,절연저항,31.76,L/min,주의,박준호,청소완료
EQ0223,2024-04-25,전류측정,50.75,A,주의,김철수,
EQ0224,2023-01-16,압력검사,92.87,MΩ,정상,박준호,윤활유 추가
EQ0224,2023-03-16,외관검사,27.35,°C,정상,정수현,
EQ0224,2023-04-12,외관검사,52.47,°C,경고,박준호,부품교체필요
EQ0224,2023-08-02,외관검사,96.21,°C,정상,박준호,청소완료
EQ0224,2023-09-22,압력검사,95.28,A,주의,이영희,
EQ0224,2023-10-18,소음진동,14.61,MΩ,정상,최민준,조정완료
EQ0224,2023-11-07,온도측정,72.42,dB,정상,박준호,조정완료
EQ0224,2024-03-11,외관검사,37.38,MΩ,정상,이영희,윤활유 추가
EQ0224,2024-05-13,절연저항,52.17,L/min,정상,박준호,
EQ0224,2024-07-31,외관검사,69.63,A,정상,최민준,윤활유 추가
EQ0225,2023-02-25,전류측정,67.55,MΩ,정상,정수현,조정완료
EQ0225,2023-03-29,소음진동,16.92,bar,경고,김철수,청소완료
EQ0225,2023-06-09,압력검사,72.63,°C,정상,김철수,청소완료
EQ0225,2023-11-03,절연저항,76.85,dB,정상,박준호,부품교체필요
EQ0225,2024-03-17,외관검사,19.9,bar,정상,이영희,부품교체필요
EQ0225,2024-05-24,소음진동,59.92,L/min,정상,이영희,부품교체필요
EQ0225,2024-06-30,소음진동,83.09,dB,경고,이영희,청소완료
EQ0225,2024-08-21,압력검사,65.3,MΩ,경고,최민준,부품교체필요
EQ0225,2024-08-22,전류측정,94.23,L/min,정상,박준호,조정완료
EQ0226,2023-01-14,온도측정,81.1,bar,불량,김철수,
EQ0226,2023-04-13,외관검사,40.81,°C,불량,이영희,윤활유 추가
EQ0226,2023-04-16,전류측정,19.93,bar,정상,박준호,부품교체필요
EQ0226,2023-04-28,압력검사,49.74,MΩ,정상,이영희,조정완료
EQ0226,2023-09-22,절연저항,25.87,dB,정상,최민준,부품교체필요
EQ0226,2023-10-31,온도측정,71.96,°C,주의,이영희,부품교체필요
EQ0226,2024-02-24,외관검사,23.24,MΩ,정상,김철수,윤활유 추가
EQ0226,2024-04-04,외관검사,71.25,°C,정상,정수현,조정완료
EQ0226,2024-05-08,절연저항,27.22,°C,정상,이영희,윤활유 추가
EQ0226,2024-07-02,절연저항,63.7,dB,불량,이영희,윤활유 추가
EQ0226,2024-08-20,압력검사,84.45,bar,경고,이영희,조정완료
EQ0227,2023-03-07,전류측정,24.02,dB,정상,박준호,조정완료
EQ0227,2023-06-07,압력검사,28.2,MΩ,정상,최민준,부품교체필요
EQ0227,2023-08-27,전류측정,17.12,°C,정상,박준호,청소완료
EQ0227,2024-01-17,유량측정,35.55,MΩ,주의,김철수,
EQ0227,2024-02-07,압력검사,43.99,A,정상,박준호,
EQ0227,2024-04-23,유량측정,53.42,dB,주의,박준호,조정완료
EQ0228,2023-05-01,소음진동,95.75,A,정상,박준호,조정완료
EQ0228,2023-10-09,유량측정,87.93,MΩ,정상,김철수,부품교체필요
EQ0228,2024-01-10,온도측정,57.26,bar,정상,최민준,부품교체필요
EQ0228,2024-01-14,외관검사,95.92,MΩ,정상,정수현,청소완료
EQ0228,2024-03-09,외관검사,60.91,L/min,정상,최민준,청소완료
EQ0228,2024-03-18,유량측정,46.11,°C,불량,박준호,윤활유 추가
EQ0228,2024-04-27,소음진동,98.12,MΩ,정상,정수현,조정완료
EQ0228,2024-06-19,유량측정,14.29,MΩ,정상,정수현,윤활유 추가
EQ0228,2024-07-18,절연저항,58.55,dB,정상,최민준,부품교체필요
EQ0228,2024-08-10,압력검사,94.08,L/min,경고,정수현,부품교체필요
EQ0228,2024-08-11,외관검사,64.96,MΩ,경고,박준호,윤활유 추가
EQ0229,2023-02-27,소음진동,86.32,A,정상,김철수,부품교체필요
EQ0229,2023-07-17,외관검사,46.64,L/min,정상,이영희,조정완료
EQ0229,2024-01-29,전류측정,38.57,°C,정상,박준호,청소완료
EQ0229,2024-02-08,압력검사,59.27,dB,정상,이영희,부품교체필요
EQ0229,2024-03-15,외관검사,68.34,MΩ,정상,박준호,부품교체필요
EQ0229,2024-04-19,외관검사,38.66,L/min,정상,김철수,조정완료
EQ0229,2024-04-22,온도측정,46.84,L/min,정상,박준호,부품교체필요
EQ0229,2024-07-11,압력검사,76.49,bar,경고,김철수,
EQ0229,2024-07-28,전류측정,80.7,bar,정상,정수현,조정완료
EQ0230,2023-01-06,절연저항,39.3,°C,정상,김철수,조정완료
EQ0230,2023-05-24,온도측정,24.61,A,정상,최민준,
EQ0230,2023-08-11,온도측정,30.43,MΩ,정상,김철수,청소완료
EQ0230,2023-11-30,온도측정,62.75,°C,주의,김철수,청소완료
EQ0230,2024-05-12,전류측정,40.21,°C,경고,김철수,
EQ0231,2023-02-02,외관검사,84.34,bar,정상,이영희,청소완료
EQ0231,2023-05-27,소음진동,50.56,dB,정상,정수현,부품교체필요
EQ0231,2023-06-17,소음진동,45.43,L/min,정상,정수현,부품교체필요
EQ0231,2023-09-26,온도측정,42.85,°C,정상,박준호,윤활유 추가
EQ0231,2023-10-16,소음진동,86.03,dB,정상,최민준,
EQ0231,2023-12-01,유량측정,53.03,L/min,정상,김철수,윤활유 추가
EQ0231,2024-01-14,외관검사,30.83,L/min,정상,정수현,조정완료
EQ0231,2024-03-03,절연저항,78.87,°C,정상,이영희,
EQ0231,2024-04-09,소음진동,75.32,bar,정상,김철수,조정완료
EQ0231,2024-04-10,절연저항,53.88,°C,정상,박준호,조정완료
EQ0231,2024-08-09,외관검사,73.66,°C,주의,김철수,윤활유 추가
EQ0232,2023-01-21,전류측정,37.66,A,정상,최민준,
EQ0232,2023-03-08,절연저항,63.6,°C,경고,김철수,윤활유 추가
EQ0232,2023-03-21,외관검사,52.33,MΩ,정상,최민준,청소완료
EQ0232,2023-04-14,전류측정,91.83,°C,주의,이영희,부품교체필요
EQ0232,2023-05-23,소음진동,25.99,MΩ,정상,김철수,부품교체필요
EQ0232,2023-07-12,외관검사,91.89,bar,정상,이영희,부품교체필요
EQ0232,2023-07-13,온도측정,60.96,dB,정상,이영희,
EQ0232,2023-08-14,온도측정,65.03,L/min,경고,김철수,
EQ0232,2023-09-06,전류측정,75.04,dB,정상,김철수,청소완료
EQ0232,2023-12-14,유량측정,95.82,°C,정상,김철수,부품교체필요
EQ0232,2024-02-27,전류측정,30.81,°C,정상,정수현,청소완료
EQ0232,2024-05-07,전류측정,40.67,MΩ,불량,박준호,부품교체필요
EQ0232,2024-07-03,유량측정,16.26,MΩ,정상,박준호,청소완료
EQ0232,2024-07-07,소음진동,41.49,MΩ,정상,이영희,조정완료
EQ0233,2023-02-15,압력검사,63.74,L/min,주의,박준호,
EQ0233,2023-03-13,온도측정,58.63,bar,정상,김철수,청소완료
EQ0233,2023-08-20,소음진동,30.83,MΩ,주의,김철수,
EQ0233,2023-08-27,외관검사,13.13,°C,정상,이영희,
EQ0233,2023-09-22,외관검사,73.49,dB,정상,이영희,조정완료
EQ0233,2023-10-03,압력검사,28.49,MΩ,정상,정수현,부품교체필요
EQ0233,2023-11-05,소음진동,91.39,°C,정상,최민준,부품교체필요
EQ0233,2024-03-06,유량측정,36.1,A,정상,최민준,윤활유 추가
EQ0233,2024-04-25,온도측정,94.49,dB,정상,최민준,윤활유 추가
EQ0233,2024-05-09,외관검사,16.58,A,경고,이영희,
EQ0233,2024-07-27,전류측정,51.38,bar,정상,정수현,조정완료
EQ0233,2024-07-28,전류측정,57.47,MΩ,경고,최민준,
EQ0234,2023-07-02,전류측정,91.7,bar,정상,이영희,조정완료
EQ0234,2023-09-20,절연저항,93.6,L/min,정상,최민준,윤활유 추가
EQ0234,2023-11-30,유량측정,77.62,dB,경고,김철수,조정완료
EQ0234,2024-02-13,전류측정,23.87,bar,주의,정수현,윤활유 추가
EQ0234,2024-04-27,압력검사,25.03,°C,정상,박준호,
EQ0235,2023-03-30,압력검사,19.97,L/min,정상,이영희,청소완료
EQ0235,2023-04-22,유량측정,74.65,dB,경고,최민준,조정완료
EQ0235,2023-05-25,소음진동,12.87,A,정상,김철수,조정완료
EQ0235,2023-06-18,소음진동,48.29,A,정상,김철수,부품교체필요
EQ0235,2023-06-28,외관검사,48.53,L/min,경고,박준호,조정완료
EQ0235,2023-07-29,절연저항,27.57,L/min,정상,김철수,조정완료
EQ0235,2023-09-13,소음진동,28.9,dB,정상,김철수,윤활유 추가
EQ0235,2023-11-12,유량측정,51.82,bar,정상,정수현,청소완료
EQ0235,2024-02-27,유량측정,60.72,°C,정상,김철수,조정완료
EQ0235,2024-02-29,유량측정,35.96,bar,정상,박준호,
EQ0235,2024-03-24,전류측정,31.6,dB,정상,김철수,조정완료
EQ0235,2024-05-22,유량측정,67.01,A,주의,최민준,청소완료
EQ0235,2024-06-22,소음진동,51.61,A,불량,이영희,조정완료
EQ0235,2024-08-04,소음진동,37.8,A,정상,이영희,부품교체필요
EQ0236,2023-02-23,전류측정,11.07,bar,정상,이영희,
EQ0236,2023-03-08,외관검사,65.32,MΩ,정상,박준호,부품교체필요
EQ0236,2023-03-17,절연저항,36.19,A,정상,이영희,윤활유 추가
EQ0236,2023-10-29,유량측정,10.03,L/min,정상,이영희,청소완료
EQ0236,2024-01-06,온도측정,59.47,bar,정상,정수현,청소완료
EQ0236,2024-01-08,온도측정,63.14,A,주의,정수현,윤활유 추가
EQ0236,2024-01-28,외관검사,43.7,A,정상,이영희,부품교체필요
EQ0236,2024-05-30,유량측정,32.03,MΩ,정상,김철수,윤활유 추가
EQ0236,2024-06-05,전류측정,14.99,A,정상,김철수,
EQ0236,2024-07-21,소음진동,50.26,L/min,주의,이영희,
EQ0236,2024-07-23,전류측정,51.29,dB,정상,김철수,윤활유 추가
EQ0237,2023-03-12,전류측정,77.99,A,정상,최민준,부품교체필요
EQ0237,2023-03-22,전류측정,81.88,°C,정상,박준호,
EQ0237,2023-04-06,압력검사,28.94,A,경고,박준호,
EQ0237,2023-04-21,전류측정,52.44,bar,정상,김철수,청소완료
EQ0237,2023-05-28,절연저항,43.4,dB,정상,김철수,윤활유 추가
EQ0237,2023-06-13,온도측정,20.53,MΩ,정상,이영희,
EQ0237,2023-08-15,소음진동,29.93,°C,정상,최민준,윤활유 추가
EQ0237,2023-10-26,소음진동,73.63,A,주의,김철수,윤활유 추가
EQ0237,2023-12-06,절연저항,90.68,MΩ,정상,정수현,조정완료
EQ0237,2023-12-08,압력검사,77.59,dB,정상,이영희,청소완료
EQ0237,2023-12-22,전류측정,12.99,bar,정상,이영희,부품교체필요
EQ0237,2024-01-27,온도측정,96.65,°C,주의,김철수,청소완료
EQ0237,2024-01-29,소음진동,42.33,A,정상,이영희,조정완료
EQ0237,2024-03-30,외관검사,45.4,L/min,정상,박준호,부품교체필요
EQ0238,2023-01-31,절연저항,72.66,L/min,주의,김철수,윤활유 추가
EQ0238,2023-05-03,유량측정,36.79,L/min,주의,정수현,청소완료
EQ0238,2023-05-28,압력검사,65.72,°C,정상,박준호,부품교체필요
EQ0238,2023-08-25,유량측정,36.92,°C,정상,정수현,윤활유 추가
EQ0238,2023-08-28,절연저항,42.78,MΩ,경고,정수현,청소완료
EQ0238,2024-02-19,온도측정,41.26,bar,주의,박준호,청소완료
EQ0238,2024-03-08,외관검사,71.17,dB,정상,김철수,윤활유 추가
EQ0238,2024-06-08,전류측정,64.38,bar,정상,박준호,윤활유 추가
EQ0238,2024-08-22,유량측정,75.92,bar,정상,최민준,청소완료
EQ0239,2023-02-18,유량측정,49.97,MΩ,정상,이영희,
EQ0239,2023-02-23,소음진동,39.21,dB,정상,이영희,
EQ0239,2023-05-05,압력검사,45.79,dB,정상,최민준,
EQ0239,2023-06-22,온도측정,39.42,dB,정상,김철수,
EQ0239,2023-06-25,소음진동,32.23,L/min,정상,최민준,청소완료
EQ0239,2023-08-12,절연저항,91.65,MΩ,정상,최민준,윤활유 추가
EQ0239,2023-10-27,절연저항,54.51,dB,정상,최민준,
EQ0239,2023-12-06,유량측정,16.92,L/min,정상,정수현,부품교체필요
EQ0239,2023-12-22,외관검사,65.76,bar,경고,최민준,조정완료
EQ0239,2024-01-11,전류측정,30.76,A,정상,김철수,조정완료
EQ0239,2024-02-05,전류측정,38.27,A,정상,김철수,조정완료
EQ0239,2024-04-26,온도측정,21.97,°C,경고,박준호,조정완료
EQ0239,2024-05-14,유량측정,19.43,MΩ,정상,정수현,조정완료
EQ0239,2024-06-13,유량측정,66.32,L/min,정상,정수현,
EQ0239,2024-07-28,압력검사,89.14,°C,경고,김철수,윤활유 추가
EQ0240,2023-01-16,압력검사,63.04,dB,정상,이영희,부품교체필요
EQ0240,2023-03-23,외관검사,44.21,°C,정상,박준호,청소완료
EQ0240,2023-04-24,유량측정,15.36,dB,주의,이영희,부품교체필요
EQ0240,2023-06-15,절연저항,54.23,MΩ,정상,정수현,청소완료
EQ0240,2024-05-21,외관검사,28.37,A,주의,이영희,청소완료
EQ0241,2023-08-02,소음진동,62.58,dB,경고,정수현,청소완료
EQ0241,2023-09-10,압력검사,49.87,L/min,정상,최민준,부품교체필요
EQ0241,2023-10-20,전류측정,90.32,°C,주의,정수현,조정완료
EQ0241,2024-02-02,온도측정,16.63,bar,불량,최민준,부품교체필요
EQ0241,2024-03-01,전류측정,61.54,A,경고,박준호,청소완료
EQ0241,2024-06-18,소음진동,87.01,MΩ,정상,김철수,
EQ0242,2023-02-15,외관검사,45.23,bar,정상,김철수,
EQ0242,2023-04-14,절연저항,82.81,dB,정상,박준호,윤활유 추가
EQ0242,2023-11-19,전류측정,30.31,dB,정상,정수현,부품교체필요
EQ0242,2024-02-19,전류측정,81.6,dB,정상,김철수,윤활유 추가
EQ0242,2024-07-26,외관검사,81.28,bar,정상,이영희,부품교체필요
EQ0243,2023-06-21,압력검사,25.85,A,정상,김철수,윤활유 추가
EQ0243,2023-07-27,유량측정,82.89,MΩ,정상,이영희,윤활유 추가
EQ0243,2023-12-15,전류측정,24.19,bar,정상,박준호,윤활유 추가
EQ0243,2024-01-06,유량측정,29.52,L/min,불량,이영희,윤활유 추가
EQ0243,2024-01-29,소음진동,12.2,°C,정상,이영희,부품교체필요
EQ0243,2024-02-12,절연저항,96.41,L/min,주의,김철수,부품교체필요
EQ0243,2024-05-27,외관검사,75.25,bar,정상,김철수,윤활유 추가
EQ0243,2024-06-06,유량측정,75.59,dB,주의,김철수,부품교체필요
EQ0243,2024-07-07,소음진동,14.8,°C,정상,이영희,청소완료
EQ0244,2023-01-29,압력검사,39.55,MΩ,주의,박준호,윤활유 추가
EQ0244,2023-02-26,외관검사,11.27,A,정상,최민준,청소완료
EQ0244,2023-05-24,전류측정,68.09,MΩ,정상,김철수,
EQ0244,2023-06-04,온도측정,49.51,A,정상,최민준,윤활유 추가
EQ0244,2023-06-09,유량측정,35.32,MΩ,정상,박준호,부품교체필요
EQ0244,2023-07-31,압력검사,44.11,bar,정상,김철수,청소완료
EQ0244,2024-01-27,온도측정,45.82,A,정상,최민준,
EQ0244,2024-02-24,외관검사,21.25,A,정상,김철수,조정완료
EQ0244,2024-08-14,전류측정,85.32,bar,정상,정수현,부품교체필요
EQ0245,2023-01-12,절연저항,51.58,dB,정상,최민준,
EQ0245,2023-02-21,압력검사,34.12,dB,경고,김철수,부품교체필요
EQ0245,2023-02-23,외관검사,91.77,dB,정상,박준호,
EQ0245,2023-03-23,유량측정,62.61,A,정상,정수현,조정완료
EQ0245,2023-06-08,전류측정,23.37,°C,정상,정수현,부품교체필요
EQ0245,2023-08-08,절연저항,73.82,L/min,불량,김철수,
EQ0245,2023-10-15,온도측정,89.87,°C,정상,이영희,조정완료
EQ0245,2024-01-19,압력검사,37.01,°C,정상,정수현,
EQ0245,2024-02-05,압력검사,90.47,dB,정상,이영희,
EQ0245,2024-02-12,압력검사,15.13,MΩ,정상,박준호,부품교체필요
EQ0245,2024-07-07,온도측정,85.08,dB,정상,이영희,부품교체필요
EQ0245,2024-07-08,압력검사,14.12,bar,불량,최민준,부품교체필요
EQ0245,2024-08-21,소음진동,27.81,MΩ,정상,최민준,부품교체필요
EQ0246,2023-02-11,온도측정,30.79,MΩ,정상,정수현,청소완료
EQ0246,2023-02-26,절연저항,54.8,L/min,정상,최민준,청소완료
EQ0246,2023-08-05,절연저항,40.83,MΩ,정상,박준호,부품교체필요
EQ0246,2023-09-09,온도측정,84.04,dB,불량,최민준,
EQ0246,2024-01-26,소음진동,30.37,MΩ,정상,이영희,조정완료
EQ0246,2024-04-25,압력검사,58.57,A,정상,박준호,윤활유 추가
EQ0246,2024-07-03,절연저항,95.66,bar,경고,김철수,
EQ0247,2023-01-30,압력검사,15.73,bar,정상,이영희,
EQ0247,2023-06-03,유량측정,76.1,dB,경고,김철수,조정완료
EQ0247,2023-06-28,외관검사,67.0,L/min,정상,이영희,윤활유 추가
EQ0247,2023-09-24,절연저항,67.15,L/min,주의,정수현,부품교체필요
EQ0247,2023-12-19,압력검사,80.63,MΩ,정상,최민준,
EQ0247,2024-01-06,압력검사,34.45,MΩ,정상,정수현,윤활유 추가
EQ0247,2024-04-12,절연저항,36.23,L/min,정상,이영희,청소완료
EQ0247,2024-07-14,소음진동,66.03,L/min,주의,이영희,부품교체필요
EQ0247,2024-07-16,압력검사,38.57,dB,정상,정수현,부품교체필요
EQ0247,2024-08-16,외관검사,72.38,°C,정상,박준호,
EQ0248,2023-01-26,온도측정,54.61,A,불량,이영희,
EQ0248,2023-04-20,압력검사,94.37,dB,정상,이영희,
EQ0248,2023-08-14,전류측정,47.39,dB,정상,김철수,청소완료
EQ0248,2024-01-14,유량측정,35.88,dB,정상,박준호,청소완료
EQ0248,2024-01-16,온도측정,30.04,dB,정상,이영희,조정완료
EQ0248,2024-04-28,유량측정,19.18,MΩ,정상,이영희,조정완료
EQ0248,2024-05-18,절연저항,11.03,L/min,정상,이영희,
EQ0248,2024-06-27,외관검사,18.76,°C,경고,박준호,
EQ0248,2024-07-22,전류측정,87.53,MΩ,정상,정수현,조정완료
EQ0249,2023-01-30,유량측정,42.28,dB,정상,이영희,조정완료
EQ0249,2023-06-12,외관검사,49.06,MΩ,불량,최민준,부품교체필요
EQ0249,2023-11-23,소음진동,41.44,MΩ,주의,최민준,
EQ0249,2023-11-25,소음진동,11.58,dB,정상,정수현,
EQ0249,2023-12-19,온도측정,32.89,MΩ,정상,김철수,조정완료
EQ0249,2024-01-05,압력검사,11.44,bar,정상,김철수,부품교체필요
EQ0249,2024-06-16,유량측정,53.42,L/min,정상,최민준,부품교체필요
EQ0249,2024-07-06,압력검사,31.4,dB,정상,최민준,조정완료
EQ0249,2024-07-24,소음진동,76.12,L/min,정상,최민준,윤활유 추가
EQ0249,2024-08-18,온도측정,47.2,MΩ,정상,정수현,
EQ0249,2024-08-20,절연저항,81.62,bar,정상,박준호,윤활유 추가
EQ0250,2023-03-18,소음진동,33.95,°C,경고,정수현,부품교체필요
EQ0250,2023-05-10,전류측정,11.95,L/min,주의,박준호,부품교체필요
EQ0250,2023-05-30,전류측정,90.31,MΩ,정상,박준호,조정완료
EQ0250,2023-07-24,압력검사,69.5,dB,주의,최민준,조정완료
EQ0250,2023-09-14,유량측정,46.6,bar,주의,김철수,조정완료
EQ0250,2023-09-28,온도측정,83.48,MΩ,정상,이영희,부품교체필요
EQ0250,2024-01-07,전류측정,32.93,dB,경고,정수현,청소완료
EQ0250,2024-02-03,유량측정,50.28,L/min,경고,박준호,
EQ0250,2024-04-18,소음진동,80.08,°C,정상,김철수,윤활유 추가
EQ0250,2024-06-12,소음진동,67.93,dB,정상,박준호,윤활유 추가
EQ0250,2024-07-01,외관검사,77.34,MΩ,정상,최민준,부품교체필요
EQ0250,2024-07-25,압력검사,85.4,bar,정상,최민준,윤활유 추가
EQ0251,2023-02-17,온도측정,96.96,L/min,정상,최민준,윤활유 추가
EQ0251,2023-04-18,온도측정,75.21,L/min,정상,이영희,부품교체필요
EQ0251,2023-08-11,온도측정,82.07,bar,정상,정수현,청소완료
EQ0251,2023-10-06,압력검사,65.57,dB,정상,김철수,
EQ0251,2024-03-01,압력검사,68.54,bar,정상,이영희,부품교체필요
EQ0251,2024-04-23,유량측정,93.2,°C,정상,최민준,
EQ0251,2024-08-02,전류측정,17.4,MΩ,경고,이영희,부품교체필요
EQ0252,2023-01-13,전류측정,13.36,bar,주의,최민준,청소완료
EQ0252,2023-04-06,소음진동,55.88,MΩ,정상,이영희,윤활유 추가
EQ0252,2023-10-27,전류측정,44.44,A,정상,최민준,조정완료
EQ0252,2023-12-11,전류측정,54.19,°C,정상,김철수,윤활유 추가
EQ0252,2024-02-19,유량측정,66.81,A,정상,김철수,윤활유 추가
EQ0252,2024-03-16,소음진동,96.73,bar,주의,이영희,
EQ0252,2024-05-26,유량측정,66.27,A,정상,김철수,부품교체필요
EQ0252,2024-06-06,절연저항,56.01,dB,정상,박준호,청소완료
EQ0252,2024-07-07,외관검사,39.46,L/min,정상,정수현,부품교체필요
EQ0252,2024-07-24,압력검사,57.0,MΩ,경고,박준호,부품교체필요
EQ0253,2023-04-17,유량측정,82.47,bar,정상,최민준,윤활유 추가
EQ0253,2023-06-02,외관검사,29.01,L/min,정상,김철수,
EQ0253,2023-08-14,온도측정,51.97,A,정상,김철수,조정완료
EQ0253,2023-08-19,외관검사,98.36,MΩ,주의,김철수,윤활유 추가
EQ0253,2023-08-28,절연저항,84.63,dB,정상,김철수,
EQ0253,2023-12-21,절연저항,41.81,bar,정상,이영희,윤활유 추가
EQ0253,2024-02-13,전류측정,80.17,A,정상,박준호,
EQ0253,2024-02-24,온도측정,98.87,bar,정상,이영희,
EQ0253,2024-04-17,외관검사,87.68,L/min,정상,김철수,부품교체필요
EQ0253,2024-05-29,절연저항,36.89,MΩ,불량,이영희,
EQ0253,2024-06-18,전류측정,75.03,MΩ,불량,이영희,윤활유 추가
EQ0253,2024-06-25,전류측정,11.98,bar,정상,최민준,
EQ0254,2023-01-04,전류측정,87.41,A,정상,최민준,조정완료
EQ0254,2023-08-22,외관검사,54.85,°C,경고,최민준,청소완료
EQ0254,2023-09-23,외관검사,10.53,°C,정상,박준호,윤활유 추가
EQ0254,2023-09-29,외관검사,12.74,bar,정상,정수현,부품교체필요
EQ0254,2023-11-03,절연저항,77.39,dB,정상,이영희,부품교체필요
EQ0255,2023-02-05,소음진동,30.94,dB,주의,정수현,조정완료
EQ0255,2023-04-17,유량측정,75.64,MΩ,정상,이영희,부품교체필요
EQ0255,2023-06-20,유량측정,74.69,L/min,정상,정수현,윤활유 추가
EQ0255,2023-08-02,외관검사,36.13,°C,정상,김철수,윤활유 추가
EQ0255,2023-08-14,절연저항,76.73,A,정상,최민준,윤활유 추가
EQ0255,2024-01-19,온도측정,37.97,MΩ,주의,최민준,윤활유 추가
EQ0255,2024-01-24,외관검사,76.55,°C,주의,최민준,부품교체필요
EQ0255,2024-03-13,절연저항,52.89,L/min,주의,김철수,청소완료
EQ0255,2024-04-01,소음진동,50.98,L/min,정상,김철수,윤활유 추가
EQ0255,2024-05-10,유량측정,80.39,A,주의,김철수,부품교체필요
EQ0255,2024-06-27,전류측정,65.63,dB,주의,김철수,청소완료
EQ0256,2023-01-13,외관검사,88.92,bar,주의,박준호,윤활유 추가
EQ0256,2023-02-21,압력검사,80.01,dB,주의,이영희,부품교체필요
EQ0256,2023-04-27,소음진동,43.19,A,경고,박준호,
EQ0256,2023-10-12,유량측정,32.98,A,정상,김철수,조정완료
EQ0256,2024-03-10,외관검사,53.02,MΩ,경고,정수현,
EQ0256,2024-05-21,온도측정,52.6,bar,정상,정수현,부품교체필요
EQ0256,2024-07-12,절연저항,29.64,A,정상,이영희,청소완료
EQ0256,2024-08-20,전류측정,77.89,dB,정상,이영희,부품교체필요
EQ0257,2023-02-16,유량측정,37.89,A,경고,최민준,조정완료
EQ0257,2023-08-16,외관검사,44.96,°C,정상,박준호,부품교체필요
EQ0257,2023-09-09,절연저항,62.96,bar,정상,박준호,
EQ0257,2023-09-23,유량측정,16.1,dB,정상,최민준,윤활유 추가
EQ0257,2023-10-11,소음진동,98.09,A,정상,이영희,청소완료
EQ0257,2023-12-05,외관검사,57.76,L/min,정상,김철수,조정완료
EQ0257,2024-03-19,유량측정,40.8,A,주의,이영희,윤활유 추가
EQ0257,2024-03-20,소음진동,91.53,bar,정상,김철수,
EQ0257,2024-04-02,유량측정,43.88,MΩ,정상,김철수,
EQ0257,2024-05-01,소음진동,35.85,L/min,정상,이영희,
EQ0257,2024-05-25,절연저항,75.01,°C,정상,최민준,조정완료
EQ0257,2024-06-07,유량측정,71.64,dB,정상,정수현,청소완료
EQ0257,2024-08-09,외관검사,84.53,L/min,정상,김철수,조정완료
EQ0257,2024-08-10,전류측정,71.51,bar,정상,이영희,조정완료
EQ0258,2023-08-19,온도측정,76.94,A,주의,정수현,청소완료
EQ0258,2023-08-29,소음진동,72.89,°C,주의,김철수,
EQ0258,2023-08-31,외관검사,73.78,dB,정상,김철수,조정완료
EQ0258,2023-11-18,전류측정,60.42,dB,불량,이영희,조정완료
EQ0258,2024-04-27,온도측정,65.92,°C,정상,김철수,청소완료
EQ0258,2024-07-20,전류측정,60.16,L/min,정상,박준호,부품교체필요
EQ0258,2024-07-29,절연저항,48.83,°C,정상,이영희,윤활유 추가
EQ0259,2023-01-27,압력검사,75.63,L/min,정상,최민준,부품교체필요
EQ0259,2023-01-30,유량측정,78.96,A,정상,이영희,청소완료
EQ0259,2023-01-31,절연저항,41.28,L/min,정상,이영희,
EQ0259,2023-03-29,압력검사,24.89,A,주의,박준호,윤활유 추가
EQ0259,2023-05-18,소음진동,93.23,A,불량,박준호,청소완료
EQ0259,2023-07-26,절연저항,17.09,bar,정상,이영희,청소완료
EQ0259,2023-08-04,유량측정,43.19,dB,정상,정수현,부품교체필요
EQ0259,2024-02-04,온도측정,84.03,A,정상,이영희,
EQ0259,2024-02-24,온도측정,13.53,dB,정상,이영희,조정완료
EQ0259,2024-04-16,온도측정,40.78,A,정상,최민준,부품교체필요
EQ0259,2024-07-15,외관검사,33.68,bar,정상,정수현,조정완료
EQ0259,2024-07-25,유량측정,31.33,A,불량,박준호,부품교체필요
EQ0259,2024-08-19,소음진동,97.5,°C,경고,박준호,윤활유 추가
EQ0259,2024-08-21,절연저항,86.24,bar,정상,박준호,조정완료
EQ0260,2023-01-04,전류측정,76.06,MΩ,정상,정수현,부품교체필요
EQ0260,2023-01-31,소음진동,44.3,°C,정상,박준호,
EQ0260,2023-02-01,온도측정,26.31,°C,경고,김철수,청소완료
EQ0260,2023-04-24,전류측정,18.36,L/min,주의,이영희,청소완료
EQ0260,2023-05-23,전류측정,58.4,MΩ,경고,최민준,청소완료
EQ0260,2023-07-16,전류측정,39.24,dB,주의,김철수,청소완료
EQ0260,2023-10-01,소음진동,25.61,bar,경고,김철수,조정완료
EQ0260,2023-10-24,절연저항,28.34,°C,정상,김철수,부품교체필요
EQ0260,2023-11-13,외관검사,12.02,dB,주의,정수현,청소완료
EQ0260,2023-11-30,온도측정,18.7,L/min,정상,이영희,청소완료
EQ0260,2023-12-27,소음진동,44.23,MΩ,정상,정수현,청소완료
EQ0260,2024-03-02,압력검사,53.52,MΩ,정상,박준호,윤활유 추가
EQ0260,2024-04-12,유량측정,95.87,°C,정상,정수현,청소완료
EQ0260,2024-05-14,절연저항,81.04,dB,경고,최민준,조정완료
EQ0261,2023-03-02,소음진동,91.4,MΩ,정상,김철수,청소완료
EQ0261,2023-07-09,외관검사,12.16,dB,주의,최민준,윤활유 추가
EQ0261,2024-02-23,유량측정,37.39,°C,정상,김철수,부품교체필요
EQ0261,2024-05-26,절연저항,32.88,bar,정상,최민준,
EQ0261,2024-07-27,외관검사,85.31,bar,정상,정수현,청소완료
EQ0262,2023-03-07,유량측정,84.83,bar,정상,박준호,청소완료
EQ0262,2024-02-27,유량측정,51.03,A,정상,이영희,부품교체필요
EQ0262,2024-04-10,소음진동,82.11,dB,정상,박준호,부품교체필요
EQ0262,2024-04-12,소음진동,66.76,A,정상,박준호,
EQ0262,2024-06-23,압력검사,96.44,A,불량,박준호,청소완료
EQ0263,2023-01-21,압력검사,84.7,MΩ,불량,최민준,청소완료
EQ0263,2023-09-09,전류측정,39.21,L/min,정상,정수현,
EQ0263,2023-11-08,압력검사,30.05,L/min,주의,이영희,윤활유 추가
EQ0263,2023-12-06,압력검사,17.51,dB,정상,박준호,윤활유 추가
EQ0263,2024-01-03,전류측정,94.53,L/min,정상,김철수,부품교체필요
EQ0263,2024-02-15,압력검사,37.38,bar,정상,박준호,청소완료
EQ0263,2024-07-05,전류측정,42.99,bar,주의,최민준,
EQ0264,2023-02-12,소음진동,95.81,°C,정상,김철수,부품교체필요
EQ0264,2023-04-11,전류측정,59.12,dB,정상,정수현,조정완료
EQ0264,2023-05-03,유량측정,51.15,dB,정상,이영희,청소완료
EQ0264,2023-05-27,소음진동,92.37,°C,정상,이영희,윤활유 추가
EQ0264,2023-06-03,절연저항,51.54,MΩ,정상,최민준,윤활유 추가
EQ0264,2023-08-25,유량측정,66.77,MΩ,정상,정수현,조정완료
EQ0264,2023-09-14,유량측정,50.5,°C,주의,김철수,청소완료
EQ0264,2023-09-15,온도측정,66.36,A,주의,이영희,윤활유 추가
EQ0264,2023-09-15,외관검사,81.15,dB,정상,이영희,
EQ0264,2023-12-29,압력검사,75.58,°C,주의,박준호,조정완료
EQ0264,2023-12-30,전류측정,12.77,°C,정상,이영희,조정완료
EQ0264,2024-04-27,소음진동,61.15,A,정상,이영희,조정완료
EQ0264,2024-06-02,전류측정,72.52,A,정상,최민준,부품교체필요
EQ0264,2024-07-22,절연저항,34.13,A,정상,정수현,
EQ0265,2023-03-09,유량측정,68.72,dB,경고,박준호,
EQ0265,2023-04-04,온도측정,72.88,L/min,주의,이영희,부품교체필요
EQ0265,2023-08-02,절연저항,48.4,MΩ,정상,박준호,조정완료
EQ0265,2023-10-29,온도측정,26.39,bar,주의,김철수,
EQ0265,2024-01-22,외관검사,97.25,A,주의,김철수,청소완료
EQ0265,2024-05-18,외관검사,45.26,L/min,정상,박준호,청소완료
EQ0265,2024-06-17,유량측정,99.04,A,주의,김철수,부품교체필요
EQ0266,2023-01-06,절연저항,10.66,°C,정상,김철수,
EQ0266,2023-02-07,외관검사,45.56,bar,정상,최민준,청소완료
EQ0266,2023-02-21,온도측정,34.12,MΩ,정상,박준호,
EQ0266,2023-03-10,전류측정,79.34,MΩ,주의,김철수,
EQ0266,2023-07-24,외관검사,49.0,°C,정상,이영희,청소완료
EQ0266,2023-09-18,절연저항,76.96,°C,경고,이영희,
EQ0266,2023-09-20,절연저항,36.85,MΩ,주의,이영희,부품교체필요
EQ0266,2023-12-26,온도측정,34.27,dB,정상,정수현,청소완료
EQ0266,2024-01-06,절연저항,46.13,dB,정상,박준호,윤활유 추가
EQ0266,2024-02-09,온도측정,72.49,°C,정상,정수현,
EQ0266,2024-04-20,소음진동,36.58,A,정상,이영희,윤활유 추가
EQ0266,2024-05-29,유량측정,14.04,bar,불량,이영희,조정완료
EQ0266,2024-06-02,소음진동,55.85,MΩ,정상,이영희,청소완료
EQ0266,2024-06-11,유량측정,60.49,bar,경고,이영희,
EQ0266,2024-07-17,외관검사,61.11,MΩ,정상,최민준,부품교체필요
EQ0267,2023-03-24,유량측정,98.24,°C,불량,이영희,윤활유 추가
EQ0267,2023-04-08,온도측정,93.12,dB,정상,이영희,윤활유 추가
EQ0267,2023-04-17,유량측정,53.34,A,주의,박준호,
EQ0267,2023-04-25,외관검사,38.57,MΩ,정상,김철수,조정완료
EQ0267,2023-04-30,소음진동,53.16,dB,주의,최민준,
EQ0267,2023-06-09,절연저항,68.01,dB,정상,이영희,청소완료
EQ0267,2023-06-12,유량측정,81.82,°C,정상,김철수,윤활유 추가
EQ0267,2023-07-12,유량측정,43.19,A,정상,이영희,부품교체필요
EQ0267,2023-11-05,절연저항,53.2,MΩ,정상,최민준,청소완료
EQ0267,2023-12-14,유량측정,52.44,L/min,정상,박준호,부품교체필요
EQ0267,2023-12-20,온도측정,79.73,°C,정상,박준호,
EQ0267,2024-01-10,절연저항,14.77,°C,정상,정수현,
EQ0267,2024-01-21,압력검사,54.57,A,정상,김철수,부품교체필요
EQ0267,2024-04-27,온도측정,59.99,L/min,경고,정수현,조정완료
EQ0268,2023-02-20,외관검사,42.36,°C,정상,최민준,윤활유 추가
EQ0268,2023-03-02,전류측정,24.1,°C,정상,이영희,부품교체필요
EQ0268,2023-06-17,전류측정,47.97,MΩ,정상,정수현,부품교체필요
EQ0268,2023-07-04,전류측정,63.45,dB,정상,최민준,청소완료
EQ0268,2023-09-29,전류측정,10.42,L/min,정상,김철수,부품교체필요
EQ0268,2023-12-07,외관검사,45.21,bar,정상,이영희,청소완료
EQ0268,2024-01-23,절연저항,82.82,°C,경고,최민준,부품교체필요
EQ0268,2024-02-03,유량측정,55.09,dB,경고,박준호,부품교체필요
EQ0268,2024-03-12,절연저항,72.14,bar,주의,박준호,
EQ0268,2024-05-26,절연저항,89.7,A,정상,최민준,윤활유 추가
EQ0268,2024-06-03,외관검사,19.19,bar,정상,정수현,청소완료
EQ0268,2024-06-18,온도측정,56.73,bar,정상,이영희,부품교체필요
EQ0269,2023-01-05,절연저항,17.96,L/min,정상,최민준,
EQ0269,2023-01-15,외관검사,32.17,L/min,주의,박준호,조정완료
EQ0269,2023-03-25,소음진동,72.56,L/min,정상,김철수,윤활유 추가
EQ0269,2023-04-01,압력검사,91.61,°C,정상,박준호,청소완료
EQ0269,2023-05-21,온도측정,93.94,dB,정상,이영희,부품교체필요
EQ0269,2023-08-29,절연저항,93.76,°C,정상,김철수,윤활유 추가
EQ0269,2023-09-24,소음진동,13.69,MΩ,불량,김철수,
EQ0269,2024-05-14,외관검사,16.31,°C,경고,정수현,조정완료
EQ0269,2024-08-05,소음진동,57.61,dB,주의,이영희,조정완료
EQ0270,2023-01-25,외관검사,23.19,dB,정상,최민준,
EQ0270,2023-02-13,압력검사,54.79,bar,주의,최민준,청소완료
EQ0270,2023-05-17,소음진동,91.43,L/min,정상,김철수,청소완료
EQ0270,2023-08-10,전류측정,55.1,A,주의,정수현,조정완료
EQ0270,2024-01-09,유량측정,24.7,A,경고,정수현,
EQ0270,2024-02-14,유량측정,20.46,MΩ,주의,이영희,윤활유 추가
EQ0270,2024-02-23,소음진동,80.88,MΩ,정상,이영희,
EQ0271,2023-02-08,온도측정,52.13,L/min,불량,최민준,부품교체필요
EQ0271,2023-02-11,유량측정,19.8,bar,정상,이영희,조정완료
EQ0271,2023-02-13,외관검사,17.06,L/min,정상,박준호,조정완료
EQ0271,2023-03-30,절연저항,85.16,°C,정상,김철수,청소완료
EQ0271,2023-04-07,전류측정,98.76,A,정상,박준호,
EQ0271,2023-07-31,외관검사,57.62,bar,주의,김철수,부품교체필요
EQ0271,2023-08-29,외관검사,43.2,°C,정상,정수현,윤활유 추가
EQ0271,2023-10-20,전류측정,51.49,bar,정상,정수현,조정완료
EQ0271,2023-10-20,온도측정,23.41,MΩ,정상,이영희,부품교체필요
EQ0271,2023-12-04,소음진동,54.17,MΩ,불량,김철수,부품교체필요
EQ0271,2024-02-07,유량측정,18.17,dB,정상,이영희,윤활유 추가
EQ0271,2024-03-04,외관검사,74.12,°C,경고,최민준,조정완료
EQ0271,2024-06-25,온도측정,17.69,MΩ,정상,박준호,부품교체필요
EQ0272,2023-01-29,절연저항,42.38,L/min,정상,박준호,
EQ0272,2023-03-16,압력검사,73.51,dB,불량,최민준,청소완료
EQ0272,2023-08-20,유량측정,56.4,L/min,정상,정수현,윤활유 추가
EQ0272,2023-08-29,압력검사,26.44,bar,정상,김철수,부품교체필요
EQ0272,2024-03-31,온도측정,76.22,MΩ,정상,정수현,부품교체필요
EQ0273,2023-02-05,온도측정,79.64,A,정상,이영희,청소완료
EQ0273,2023-02-22,전류측정,16.77,dB,정상,정수현,청소완료
EQ0273,2023-04-02,절연저항,22.98,bar,정상,최민준,
EQ0273,2023-08-28,외관검사,81.35,dB,주의,정수현,조정완료
EQ0273,2023-09-05,온도측정,54.32,L/min,주의,박준호,조정완료
EQ0273,2024-01-11,절연저항,40.02,L/min,정상,최민준,부품교체필요
EQ0273,2024-03-22,전류측정,87.85,MΩ,정상,최민준,청소완료
EQ0273,2024-04-06,절연저항,37.09,bar,정상,김철수,조정완료
EQ0273,2024-04-28,소음진동,76.6,A,정상,이영희,청소완료
EQ0273,2024-05-02,유량측정,43.28,L/min,불량,정수현,조정완료
EQ0273,2024-05-05,외관검사,91.31,MΩ,불량,최민준,
EQ0274,2023-02-06,외관검사,49.52,dB,정상,정수현,
EQ0274,2023-05-03,외관검사,41.54,A,정상,정수현,청소완료
EQ0274,2023-06-28,압력검사,39.8,bar,정상,최민준,청소완료
EQ0274,2023-07-01,유량측정,20.07,A,정상,정수현,조정완료
EQ0274,2023-09-08,소음진동,32.96,dB,불량,이영희,부품교체필요
EQ0274,2023-10-16,소음진동,34.05,L/min,경고,김철수,조정완료
EQ0274,2023-10-19,절연저항,21.48,A,정상,최민준,조정완료
EQ0274,2023-12-10,전류측정,33.14,A,정상,정수현,
EQ0274,2024-07-11,소음진동,96.17,dB,정상,이영희,조정완료
EQ0275,2023-01-05,유량측정,14.03,°C,정상,이영희,청소완료
EQ0275,2023-03-17,소음진동,45.19,MΩ,불량,이영희,윤활유 추가
EQ0275,2023-04-07,온도측정,29.6,°C,불량,최민준,조정완료
EQ0275,2023-06-12,절연저항,31.37,°C,정상,박준호,조정완료
EQ0275,2023-06-18,외관검사,56.22,L/min,정상,이영희,윤활유 추가
EQ0275,2023-07-17,유량측정,79.79,MΩ,정상,박준호,청소완료
EQ0275,2023-08-04,전류측정,66.31,°C,정상,정수현,부품교체필요
EQ0275,2023-08-20,절연저항,82.68,°C,정상,이영희,청소완료
EQ0275,2023-12-26,전류측정,26.53,bar,정상,박준호,
EQ0275,2024-04-21,온도측정,52.44,L/min,정상,김철수,
EQ0275,2024-05-20,절연저항,82.81,bar,정상,김철수,청소완료
EQ0275,2024-06-14,유량측정,89.83,bar,정상,박준호,부품교체필요
EQ0275,2024-07-12,전류측정,24.98,A,불량,최민준,윤활유 추가
EQ0276,2023-01-09,소음진동,82.79,L/min,경고,김철수,윤활유 추가
EQ0276,2023-01-23,외관검사,33.57,L/min,정상,정수현,부품교체필요
EQ0276,2023-05-03,압력검사,45.54,MΩ,불량,김철수,부품교체필요
EQ0276,2023-06-04,온도측정,67.71,MΩ,정상,박준호,조정완료
EQ0276,2023-06-25,외관검사,79.01,L/min,불량,정수현,윤활유 추가
EQ0276,2023-06-29,전류측정,44.66,MΩ,정상,정수현,윤활유 추가
EQ0276,2023-08-01,전류측정,93.18,bar,정상,이영희,조정완료
EQ0276,2023-08-26,외관검사,82.5,bar,정상,이영희,부품교체필요
EQ0276,2023-12-21,온도측정,39.18,°C,정상,김철수,조정완료
EQ0276,2023-12-28,압력검사,61.49,A,정상,박준호,
EQ0276,2024-01-02,전류측정,29.64,°C,정상,최민준,청소완료
EQ0276,2024-02-20,외관검사,43.46,bar,정상,최민준,윤활유 추가
EQ0276,2024-04-28,압력검사,57.83,dB,정상,최민준,
EQ0276,2024-08-20,전류측정,36.62,L/min,경고,최민준,청소완료
EQ0277,2023-01-12,압력검사,10.39,A,주의,김철수,부품교체필요
EQ0277,2023-03-18,압력검사,93.77,dB,정상,박준호,윤활유 추가
EQ0277,2023-04-03,압력검사,12.17,MΩ,경고,이영희,
EQ0277,2023-04-08,유량측정,72.69,°C,정상,정수현,부품교체필요
EQ0277,2023-04-13,외관검사,26.47,°C,정상,이영희,윤활유 추가
EQ0277,2023-07-01,온도측정,15.58,A,정상,박준호,윤활유 추가
EQ0277,2023-07-05,압력검사,98.04,A,경고,정수현,부품교체필요
EQ0277,2024-03-28,유량측정,18.08,A,정상,박준호,윤활유 추가
EQ0277,2024-03-29,온도측정,73.98,L/min,정상,김철수,부품교체필요
EQ0277,2024-07-04,압력검사,26.81,A,정상,박준호,윤활유 추가
EQ0277,2024-07-25,유량측정,95.53,MΩ,경고,정수현,부품교체필요
EQ0278,2023-01-10,절연저항,84.09,L/min,정상,박준호,조정완료
EQ0278,2023-03-06,소음진동,42.3,A,정상,이영희,윤활유 추가
EQ0278,2023-05-04,유량측정,47.78,A,정상,박준호,조정완료
EQ0278,2023-06-12,소음진동,99.81,L/min,주의,정수현,윤활유 추가
EQ0278,2023-09-27,외관검사,15.74,dB,정상,박준호,조정완료
EQ0278,2023-11-16,압력검사,97.4,L/min,정상,김철수,
EQ0278,2023-12-23,외관검사,38.26,bar,정상,박준호,부품교체필요
EQ0278,2024-01-02,유량측정,13.76,L/min,주의,정수현,부품교체필요
EQ0278,2024-03-25,온도측정,53.57,°C,정상,최민준,
EQ0278,2024-03-27,전류측정,95.06,L/min,경고,정수현,조정완료
EQ0278,2024-04-28,외관검사,98.06,MΩ,경고,최민준,윤활유 추가
EQ0278,2024-06-03,압력검사,71.6,bar,정상,김철수,부품교체필요
EQ0279,2023-03-18,유량측정,44.0,A,정상,김철수,
EQ0279,2023-03-20,온도측정,46.93,°C,정상,김철수,부품교체필요
EQ0279,2023-10-02,전류측정,24.35,bar,경고,이영희,윤활유 추가
EQ0279,2023-10-08,전류측정,99.55,L/min,주의,이영희,
EQ0279,2023-10-20,압력검사,54.67,bar,정상,최민준,부품교체필요
EQ0279,2023-11-01,외관검사,89.15,bar,주의,정수현,조정완료
EQ0279,2023-12-16,절연저항,67.6,L/min,정상,최민준,청소완료
EQ0279,2024-01-02,유량측정,72.09,MΩ,경고,이영희,청소완료
EQ0279,2024-01-19,유량측정,94.82,MΩ,경고,이영희,청소완료
EQ0279,2024-04-16,압력검사,91.71,MΩ,정상,정수현,
EQ0279,2024-07-10,절연저항,13.61,MΩ,정상,김철수,청소완료
EQ0279,2024-07-13,절연저항,32.31,L/min,주의,박준호,
EQ0280,2023-01-16,전류측정,69.42,MΩ,주의,최민준,윤활유 추가
EQ0280,2023-01-28,외관검사,18.42,bar,정상,박준호,조정완료
EQ0280,2023-02-19,유량측정,14.85,MΩ,정상,박준호,조정완료
EQ0280,2023-03-30,전류측정,78.2,L/min,불량,이영희,청소완료
EQ0280,2023-05-31,외관검사,19.42,bar,정상,김철수,청소완료
EQ0280,2023-12-15,외관검사,42.68,A,정상,정수현,청소완료
EQ0280,2024-02-01,소음진동,38.34,bar,정상,정수현,부품교체필요
EQ0280,2024-02-17,전류측정,23.23,L/min,정상,최민준,청소완료
EQ0280,2024-03-27,온도측정,99.12,bar,정상,김철수,윤활유 추가
EQ0280,2024-03-29,절연저항,12.15,bar,주의,김철수,윤활유 추가
EQ0280,2024-05-27,전류측정,35.75,bar,정상,박준호,청소완료
EQ0280,2024-07-04,압력검사,43.12,dB,정상,박준호,조정완료
EQ0280,2024-07-15,전류측정,77.07,L/min,정상,박준호,
EQ0281,2023-06-09,외관검사,74.75,dB,정상,김철수,
EQ0281,2023-06-16,외관검사,84.55,dB,주의,이영희,조정완료
EQ0281,2023-08-09,압력검사,59.37,A,정상,최민준,부품교체필요
EQ0281,2023-09-13,전류측정,55.92,MΩ,정상,김철수,청소완료
EQ0281,2023-09-14,절연저항,17.89,A,정상,김철수,윤활유 추가
EQ0281,2023-11-25,온도측정,41.15,MΩ,주의,이영희,부품교체필요
EQ0281,2024-07-07,소음진동,23.98,bar,정상,박준호,윤활유 추가
EQ0281,2024-08-11,온도측정,97.68,MΩ,정상,김철수,조정완료
EQ0282,2023-01-17,온도측정,52.12,L/min,경고,김철수,청소완료
EQ0282,2023-01-17,전류측정,36.82,dB,정상,정수현,조정완료
EQ0282,2023-03-07,소음진동,89.95,bar,정상,이영희,부품교체필요
EQ0282,2023-03-24,압력검사,40.38,dB,정상,최민준,윤활유 추가
EQ0282,2023-03-25,외관검사,69.21,L/min,정상,김철수,윤활유 추가
EQ0282,2023-08-04,전류측정,40.92,°C,정상,김철수,조정완료
EQ0282,2023-10-28,외관검사,81.76,MΩ,정상,박준호,부품교체필요
EQ0282,2023-11-14,외관검사,78.28,A,정상,박준호,조정완료
EQ0282,2024-02-22,절연저항,57.85,A,경고,정수현,
EQ0282,2024-03-04,압력검사,33.13,A,경고,최민준,부품교체필요
EQ0282,2024-06-08,전류측정,19.04,°C,정상,정수현,조정완료
EQ0283,2023-02-22,소음진동,78.58,L/min,정상,정수현,윤활유 추가
EQ0283,2023-02-23,소음진동,92.94,bar,정상,최민준,윤활유 추가
EQ0283,2023-05-09,전류측정,41.79,dB,정상,최민준,윤활유 추가
EQ0283,2023-05-19,압력검사,11.04,L/min,정상,박준호,부품교체필요
EQ0283,2023-08-11,소음진동,23.81,°C,주의,이영희,청소완료
EQ0283,2024-03-03,외관검사,37.52,L/min,주의,이영희,
EQ0283,2024-04-23,외관검사,63.05,A,정상,박준호,조정완료
EQ0283,2024-06-12,외관검사,64.78,°C,정상,박준호,
EQ0284,2023-01-04,외관검사,43.55,°C,주의,박준호,조정완료
EQ0284,2023-02-15,유량측정,89.4,dB,정상,이영희,조정완료
EQ0284,2023-04-02,압력검사,12.88,MΩ,정상,정수현,조정완료
EQ0284,2023-05-09,유량측정,85.86,MΩ,주의,김철수,부품교체필요
EQ0284,2023-05-28,온도측정,65.62,L/min,정상,박준호,청소완료
EQ0284,2023-06-05,온도측정,30.28,A,경고,이영희,부품교체필요
EQ0284,2023-07-05,절연저항,65.45,L/min,정상,박준호,조정완료
EQ0284,2023-10-27,외관검사,39.15,A,정상,정수현,조정완료
EQ0284,2024-01-10,유량측정,78.91,dB,정상,김철수,조정완료
EQ0284,2024-01-28,유량측정,91.48,°C,정상,박준호,청소완료
EQ0284,2024-02-16,온도측정,12.49,bar,정상,정수현,조정완료
EQ0284,2024-04-13,소음진동,18.49,°C,정상,이영희,청소완료
EQ0284,2024-06-15,유량측정,44.24,bar,정상,정수현,윤활유 추가
EQ0284,2024-06-28,절연저항,12.59,L/min,주의,김철수,
EQ0284,2024-08-15,유량측정,45.72,A,불량,이영희,조정완료
EQ0285,2023-03-09,유량측정,48.37,dB,주의,최민준,조정완료
EQ0285,2023-08-13,외관검사,39.86,L/min,정상,김철수,
EQ0285,2023-12-20,유량측정,21.73,A,주의,정수현,청소완료
EQ0285,2024-01-28,전류측정,79.29,L/min,정상,정수현,
EQ0285,2024-05-05,온도측정,30.6,dB,정상,박준호,
EQ0285,2024-06-08,유량측정,59.12,°C,주의,이영희,윤활유 추가
EQ0286,2023-04-05,압력검사,38.33,bar,주의,김철수,청소완료
EQ0286,2023-04-07,온도측정,20.01,dB,불량,박준호,청소완료
EQ0286,2023-04-14,소음진동,55.63,°C,경고,최민준,조정완료
EQ0286,2023-07-07,외관검사,94.46,MΩ,정상,정수현,부품교체필요
EQ0286,2023-09-21,외관검사,29.43,dB,정상,정수현,조정완료
EQ0286,2023-12-23,유량측정,99.52,bar,주의,박준호,청소완료
EQ0286,2024-01-01,유량측정,44.86,bar,정상,김철수,청소완료
EQ0286,2024-01-06,전류측정,78.84,L/min,정상,박준호,조정완료
EQ0286,2024-01-30,온도측정,77.48,bar,정상,정수현,조정완료
EQ0286,2024-03-18,절연저항,38.38,MΩ,정상,최민준,
EQ0286,2024-04-14,외관검사,51.01,A,경고,최민준,윤활유 추가
EQ0286,2024-07-01,절연저항,53.22,L/min,정상,최민준,청소완료
EQ0286,2024-07-04,온도측정,86.69,A,정상,박준호,
EQ0286,2024-07-12,절연저항,35.01,°C,정상,김철수,조정완료
EQ0287,2023-01-03,소음진동,22.77,°C,주의,정수현,조정완료
EQ0287,2023-02-05,소음진동,56.6,MΩ,정상,이영희,
EQ0287,2023-02-15,온도측정,44.33,L/min,경고,이영희,조정완료
EQ0287,2023-08-25,압력검사,63.89,A,경고,최민준,부품교체필요
EQ0287,2023-09-16,압력검사,25.94,bar,정상,최민준,청소완료
EQ0287,2023-12-13,전류측정,43.94,dB,정상,정수현,윤활유 추가
EQ0287,2024-01-12,절연저항,76.77,MΩ,정상,박준호,조정완료
EQ0287,2024-03-30,외관검사,96.36,A,주의,이영희,윤활유 추가
EQ0288,2023-01-19,절연저항,41.35,dB,정상,박준호,
EQ0288,2023-05-14,온도측정,96.94,MΩ,정상,정수현,조정완료
EQ0288,2023-08-01,외관검사,74.95,A,정상,정수현,윤활유 추가
EQ0288,2024-05-14,전류측정,56.4,MΩ,주의,정수현,청소완료
EQ0288,2024-05-21,압력검사,75.19,bar,정상,박준호,윤활유 추가
EQ0288,2024-06-20,온도측정,64.5,°C,정상,김철수,윤활유 추가
EQ0289,2023-01-21,압력검사,16.97,A,정상,정수현,부품교체필요
EQ0289,2023-05-08,온도측정,76.9,°C,정상,최민준,조정완료
EQ0289,2023-05-14,압력검사,24.56,bar,정상,김철수,청소완료
EQ0289,2023-07-17,온도측정,78.16,L/min,정상,박준호,청소완료
EQ0289,2023-10-19,전류측정,87.17,L/min,정상,정수현,윤활유 추가
EQ0289,2023-12-27,전류측정,51.48,°C,정상,이영희,윤활유 추가
EQ0289,2024-01-09,절연저항,92.48,°C,정상,최민준,청소완료
EQ0289,2024-02-08,외관검사,99.55,bar,정상,박준호,조정완료
EQ0289,2024-02-15,소음진동,50.04,°C,정상,최민준,윤활유 추가
EQ0289,2024-04-21,전류측정,49.96,bar,주의,박준호,부품교체필요
EQ0289,2024-04-25,소음진동,40.24,A,정상,김철수,조정완료
EQ0290,2023-03-18,온도측정,28.61,bar,주의,이영희,조정완료
EQ0290,2023-03-27,압력검사,26.68,MΩ,정상,김철수,윤활유 추가
EQ0290,2023-08-13,전류측정,81.51,bar,불량,박준호,조정완료
EQ0290,2023-11-09,외관검사,12.6,A,경고,박준호,
EQ0290,2023-11-28,온도측정,23.65,L/min,정상,박준호,
EQ0290,2024-01-20,외관검사,49.95,A,정상,정수현,
EQ0290,2024-02-02,소음진동,48.01,dB,정상,박준호,윤활유 추가
EQ0290,2024-02-06,압력검사,88.67,dB,정상,이영희,윤활유 추가
EQ0290,2024-02-08,압력검사,17.99,L/min,정상,김철수,부품교체필요
EQ0290,2024-04-14,압력검사,31.77,°C,정상,박준호,
EQ0290,2024-05-03,유량측정,33.56,MΩ,정상,김철수,부품교체필요
EQ0290,2024-05-20,소음진동,53.97,bar,정상,최민준,윤활유 추가
EQ0290,2024-08-07,소음진동,33.81,dB,정상,최민준,청소완료
EQ0291,2023-01-31,온도측정,70.76,dB,정상,김철수,윤활유 추가
EQ0291,2023-02-06,온도측정,97.85,dB,경고,정수현,청소완료
EQ0291,2023-02-19,압력검사,79.83,L/min,경고,최민준,청소완료
EQ0291,2023-05-20,절연저항,15.28,MΩ,주의,이영희,청소완료
EQ0291,2023-10-08,압력검사,58.73,°C,정상,정수현,부품교체필요
EQ0291,2024-02-03,온도측정,95.85,bar,정상,박준호,
EQ0291,2024-08-22,온도측정,18.4,A,정상,이영희,
EQ0292,2023-02-04,유량측정,20.24,MΩ,정상,정수현,부품교체필요
EQ0292,2023-03-08,외관검사,59.99,bar,정상,최민준,부품교체필요
EQ0292,2023-03-20,압력검사,53.25,°C,정상,김철수,청소완료
EQ0292,2023-06-14,온도측정,54.23,A,정상,박준호,윤활유 추가
EQ0292,2023-06-15,외관검사,56.23,°C,정상,최민준,청소완료
EQ0292,2023-08-07,외관검사,14.2,bar,정상,이영희,
EQ0292,2023-09-18,절연저항,19.06,MΩ,정상,이영희,부품교체필요
EQ0292,2023-10-21,소음진동,29.83,MΩ,정상,이영희,부품교체필요
EQ0292,2024-04-07,소음진동,32.2,dB,정상,김철수,윤활유 추가
EQ0292,2024-07-25,온도측정,89.95,°C,정상,이영희,부품교체필요
EQ0293,2023-03-29,온도측정,73.15,bar,정상,정수현,조정완료
EQ0293,2023-04-06,전류측정,33.09,A,정상,이영희,청소완료
EQ0293,2023-06-18,압력검사,87.43,dB,불량,김철수,부품교체필요
EQ0293,2023-07-19,전류측정,90.64,L/min,정상,최민준,
EQ0293,2023-08-26,절연저항,18.56,MΩ,정상,최민준,윤활유 추가
EQ0293,2023-08-27,전류측정,93.04,bar,정상,정수현,청소완료
EQ0293,2023-08-29,전류측정,90.95,MΩ,경고,최민준,윤활유 추가
EQ0293,2023-10-23,온도측정,45.17,°C,정상,박준호,조정완료
EQ0293,2023-11-23,전류측정,22.86,bar,정상,김철수,부품교체필요
EQ0293,2024-02-03,전류측정,83.28,dB,경고,정수현,윤활유 추가
EQ0293,2024-02-16,온도측정,84.02,dB,정상,최민준,청소완료
EQ0293,2024-06-18,절연저항,11.09,MΩ,정상,박준호,조정완료
EQ0293,2024-07-06,유량측정,67.58,A,정상,이영희,부품교체필요
EQ0293,2024-07-08,유량측정,58.27,L/min,불량,최민준,윤활유 추가
EQ0293,2024-07-14,온도측정,78.4,L/min,경고,최민준,조정완료
EQ0294,2023-02-28,소음진동,45.37,dB,정상,정수현,청소완료
EQ0294,2023-03-20,절연저항,55.58,A,정상,이영희,부품교체필요
EQ0294,2023-03-21,온도측정,77.45,bar,정상,최민준,조정완료
EQ0294,2023-04-27,유량측정,62.69,L/min,정상,최민준,윤활유 추가
EQ0294,2023-05-05,유량측정,65.65,A,정상,이영희,윤활유 추가
EQ0294,2023-05-21,유량측정,37.41,L/min,불량,최민준,청소완료
EQ0294,2023-10-17,유량측정,46.95,A,정상,이영희,윤활유 추가
EQ0294,2023-11-12,유량측정,51.37,L/min,불량,정수현,청소완료
EQ0294,2024-01-20,압력검사,16.17,°C,정상,이영희,조정완료
EQ0294,2024-02-07,온도측정,33.06,L/min,정상,정수현,
EQ0294,2024-02-15,유량측정,66.7,bar,정상,최민준,청소완료
EQ0294,2024-03-01,압력검사,93.28,bar,경고,정수현,조정완료
EQ0294,2024-03-05,유량측정,46.73,MΩ,불량,정수현,조정완료
EQ0294,2024-07-26,압력검사,57.63,MΩ,경고,최민준,청소완료
EQ0294,2024-08-16,절연저항,53.53,L/min,정상,정수현,
EQ0295,2023-01-28,온도측정,77.77,A,정상,박준호,부품교체필요
EQ0295,2023-02-26,유량측정,83.92,°C,경고,김철수,청소완료
EQ0295,2023-02-28,외관검사,39.98,L/min,정상,김철수,청소완료
EQ0295,2023-05-08,절연저항,84.11,bar,불량,이영희,조정완료
EQ0295,2023-05-08,압력검사,47.12,L/min,정상,박준호,청소완료
EQ0295,2023-08-17,소음진동,92.09,MΩ,정상,김철수,청소완료
EQ0295,2023-12-09,온도측정,85.22,A,정상,박준호,조정완료
EQ0295,2024-01-08,소음진동,76.9,dB,정상,최민준,윤활유 추가
EQ0295,2024-02-03,압력검사,25.57,bar,정상,이영희,
EQ0295,2024-04-01,외관검사,23.54,A,정상,박준호,윤활유 추가
EQ0295,2024-04-10,전류측정,16.38,A,정상,박준호,윤활유 추가
EQ0296,2023-01-27,온도측정,21.66,°C,정상,김철수,부품교체필요
EQ0296,2023-01-31,온도측정,39.34,MΩ,정상,박준호,청소완료
EQ0296,2023-03-25,압력검사,77.77,A,주의,정수현,
EQ0296,2023-04-18,전류측정,14.88,L/min,불량,정수현,부품교체필요
EQ0296,2023-05-12,압력검사,47.18,°C,정상,이영희,청소완료
EQ0296,2023-06-24,유량측정,22.51,MΩ,주의,최민준,윤활유 추가
EQ0296,2023-07-24,온도측정,13.59,bar,주의,김철수,청소완료
EQ0296,2023-08-24,전류측정,15.74,bar,정상,정수현,
EQ0296,2023-09-04,절연저항,33.48,MΩ,정상,정수현,윤활유 추가
EQ0296,2023-11-01,절연저항,68.37,A,정상,김철수,부품교체필요
EQ0296,2023-12-02,소음진동,74.24,L/min,정상,정수현,청소완료
EQ0296,2024-01-08,유량측정,86.95,MΩ,정상,박준호,조정완료
EQ0296,2024-03-31,온도측정,74.15,A,주의,정수현,조정완료
EQ0296,2024-07-25,압력검사,74.34,A,경고,김철수,부품교체필요
EQ0297,2023-01-20,외관검사,12.9,dB,정상,정수현,윤활유 추가
EQ0297,2023-03-01,외관검사,79.3,L/min,주의,박준호,조정완료
EQ0297,2023-04-16,온도측정,15.0,MΩ,불량,최민준,윤활유 추가
EQ0297,2023-05-25,온도측정,87.23,°C,주의,정수현,
EQ0297,2023-05-27,압력검사,85.14,MΩ,경고,정수현,
EQ0297,2023-06-20,외관검사,63.59,bar,정상,김철수,윤활유 추가
EQ0297,2023-08-10,외관검사,46.28,°C,정상,최민준,
EQ0297,2023-08-28,소음진동,46.71,A,경고,박준호,
EQ0297,2023-09-10,절연저항,48.86,°C,정상,김철수,
EQ0297,2024-02-22,전류측정,66.2,MΩ,정상,최민준,부품교체필요
EQ0297,2024-05-03,절연저항,82.23,A,불량,정수현,조정완료
EQ0297,2024-07-22,온도측정,80.51,A,불량,이영희,청소완료
EQ0298,2023-04-19,절연저항,37.87,L/min,정상,박준호,청소완료
EQ0298,2023-04-23,압력검사,76.07,MΩ,정상,최민준,부품교체필요
EQ0298,2023-05-12,소음진동,47.35,A,불량,김철수,청소완료
EQ0298,2023-10-10,소음진동,29.33,bar,정상,최민준,조정완료
EQ0298,2023-10-17,전류측정,95.08,dB,경고,김철수,조정완료
EQ0298,2023-10-20,절연저항,25.18,dB,정상,정수현,
EQ0298,2023-11-29,외관검사,17.93,°C,정상,최민준,
EQ0298,2023-12-03,압력검사,78.93,dB,주의,김철수,청소완료
EQ0298,2023-12-25,절연저항,55.89,dB,정상,김철수,윤활유 추가
EQ0298,2023-12-31,절연저항,95.67,bar,정상,이영희,청소완료
EQ0298,2024-07-14,온도측정,73.69,L/min,정상,김철수,조정완료
EQ0299,2023-02-27,압력검사,31.85,°C,주의,김철수,윤활유 추가
EQ0299,2023-03-05,유량측정,95.51,dB,정상,이영희,
EQ0299,2024-01-14,소음진동,88.01,L/min,정상,정수현,윤활유 추가
EQ0299,2024-04-11,유량측정,90.56,°C,경고,이영희,
EQ0299,2024-06-26,유량측정,79.22,dB,정상,정수현,부품교체필요
EQ0300,2023-01-25,온도측정,70.5,L/min,불량,박준호,부품교체필요
EQ0300,2023-02-06,전류측정,96.98,A,정상,김철수,조정완료
EQ0300,2023-02-20,전류측정,75.32,dB,정상,최민준,부품교체필요
EQ0300,2023-03-13,절연저항,68.22,L/min,정상,최민준,윤활유 추가
EQ0300,2023-07-15,소음진동,90.72,MΩ,경고,최민준,조정완료
EQ0300,2023-08-08,온도측정,42.13,MΩ,정상,김철수,윤활유 추가
EQ0300,2023-08-17,외관검사,23.7,°C,정상,박준호,윤활유 추가
EQ0300,2024-01-12,외관검사,89.65,bar,정상,정수현,
EQ0300,2024-01-18,외관검사,93.22,dB,정상,최민준,조정완료
EQ0300,2024-02-25,전류측정,31.77,°C,불량,정수현,청소완료
EQ0300,2024-03-11,절연저항,87.02,A,정상,이영희,청소완료
EQ0300,2024-04-29,유량측정,63.02,L/min,정상,박준호,부품교체필요
EQ0300,2024-05-04,온도측정,94.45,bar,경고,박준호,청소완료
EQ0300,2024-06-05,외관검사,49.91,bar,주의,정수현,청소완료
EQ0300,2024-06-20,소음진동,83.32,L/min,정상,정수현,부품교체필요
